{"x": 148.65117294602067, "y": -27.205914096239834, "yaw": 1.588188100293659, "speed": 1.225985725395553e-05, "goal_x": 148.46588134765625, "goal_y": -16.551837921142578, "pro": [0.0, 0.0, 0.0, 0.0, 0.0, 0.0, 0.0, 0.0, 0.0, 0.0, 0.0, 0.0, 0.0, 0.0, 0.0, 0.0, 0.0, 0.0, 0.0, 0.0, 0.9999999977808467, 1.1095767452642134e-09, 0.0, 1.1095767452642134e-09, 0.0], "value": [-0.20000139759864768, -0.20000139759864768, -0.20000139759864768, -0.20000139759864768, -0.20000139759864768, -0.05534716666387629, -0.06401339466561853, -0.0820730771044319, -0.06401707340469243, -0.08207675579466642, 0.21473624680022219, 0.19330673795246656, 0.1486620694132964, 0.19330208872331106, 0.14865742095084722, 5.725155642127748, 1.1642587640747815, 0.7710177980084328, 1.1642510905690646, 0.7869938940550998, 10.46608871938967, 10.33548971699105, 0.9903060489056705, 10.335453577628945, 1.0024064450670676]}