{"x": 143.50875701545806, "y": -5.979050785587755, "yaw": 2.263297546835765, "speed": 5.074004674466516, "goal_x": 135.5596923828125, "goal_y": -6.456031799316406, "pro": [0.0, 0.0, 0.0, 0.0, 0.0, 0.0, 0.0, 0.0, 0.0, 0.0, 0.0, 0.0, 0.0, 0.0, 0.0, 0.0, 0.0, 0.0, 0.0, 0.5, 0.0, 0.0, 0.0, 2.4763658653461673e-20, 0.5], "value": [-1.176860778723266, -1.176860778723266, -1.176860778723266, -1.176860778723266, -1.176860778723266, -1.2795151537590352, -1.046335191837337, -1.0610005683636987, -1.2710851821366722, -1.2535186500186852, -1.213639242690873, -1.1412748995388928, -1.1826189980037682, -1.1906914361850853, -1.228789645603445, -1.2111801101224693, -1.2539652463786537, -1.2330930375672549, -1.256310967751659, -0.5246299546348652, -1.2512751171317522, -1.3129268795520024, -1.2023682770975284, -0.46407653330975485, -0.5104594493983559]}