{"x": 133.4838338349099, "y": -3.0102997941850824, "yaw": -3.104724916723172, "speed": 8.858825223392511, "goal_x": 125.50853729248047, "goal_y": -3.105781078338623, "pro": [0.0, 0.0, 0.0, 0.0, 0.0, 0.0, 0.0, 0.0, 0.0, 0.0, 0.0, 0.0, 0.0, 0.0, 0.0, 0.0, 0.0, 0.0, 0.0, 0.0, 0.49999999982029486, 0.49999999982029486, 0.0, 3.594103375246363e-10, 0.0], "value": [-0.21769815822624627, -0.21769815822624627, -0.21769815822624627, -0.21769815822624627, -0.21769815822624627, -0.07904649492797894, -0.0701062839411346, -0.059207413046177215, -0.08798658698393988, -0.10660861806636426, 0.1840590722123745, 0.206540900391123, 0.17610557502410362, 0.16157969524792865, 0.11476982150334872, 1.1619855422509862, 8.069950163064215, 0.9413069266639198, 0.9675014770154278, 0.5948750922326802, 10.102176626427847, 10.201762405948669, 1.1426621098961915, 9.770042610042466, 0.7796059969349111]}