{"x": 142.94009524885533, "y": -5.434314388025475, "yaw": 2.341474481344867, "speed": 5.484498474937784, "goal_x": 135.5596923828125, "goal_y": -6.456031799316406, "pro": [0.0, 0.0, 0.0, 0.0, 0.0, 0.0, 0.0, 0.0, 0.0, 0.0, 0.0, 0.0, 0.0, 0.0, 0.0, 0.0, 0.0, 0.0, 0.0, 0.5, 0.0, 0.0, 0.0, 2.4763658653461673e-20, 0.5], "value": [-1.1659552130417539, -1.1659552130417539, -1.1659552130417539, -1.1659552130417539, -1.1659552130417539, -1.2691113114823867, -1.2775030869747317, -1.052498195897943, -1.260717398831791, -1.2432256421339636, -1.2073978467302382, -1.134718109766683, -1.1758746944066196, -1.1845382870911723, -1.2230426412732576, -1.210977393808356, -1.253526886190811, -1.2315729733704472, -1.256947582383121, -0.6080923799540546, -1.2570050100940573, -1.212005355521821, -1.2047968430547082, -0.5595357841070088, -0.6134233943106864]}