{"x": 132.85537157863516, "y": -3.037072416909708, "yaw": -3.1257656072651496, "speed": 8.778948823236341, "goal_x": 125.50853729248047, "goal_y": -3.105781078338623, "pro": [0.0, 0.0, 0.0, 0.0, 0.0, 0.0, 0.0, 0.0, 0.0, 0.0, 0.0, 0.0, 0.0, 0.0, 0.0, 0.0, 0.49999999988573485, 0.0, 0.0, 0.0, 2.2853027914463506e-10, 0.49999999988573485, 0.0, 0.0, 0.0], "value": [-0.2234474304900813, -0.2234474304900813, -0.2234474304900813, -0.2234474304900813, -0.2234474304900813, -0.08701736498129989, -0.0780021855857033, -0.05922278728500857, -0.0960323516365994, -0.11481011108279573, 0.1731783282138492, 0.33709491450226037, 0.18567696663336758, 0.1502775878647481, 0.10260000217115972, 1.1368670629347664, 9.784629072849544, 1.094429150001097, 0.9412479104681791, 0.6908236738486926, 9.350191005901735, 9.578577671712756, 1.1327926774813641, 7.4938624721342775, 0.7072223200981923]}