{"x": 142.6594633865276, "y": -5.285126758859028, "yaw": 2.3785753439675954, "speed": 5.6163012263838885, "goal_x": 135.5596923828125, "goal_y": -6.456031799316406, "pro": [0.0, 0.0, 0.0, 0.0, 0.0, 0.0, 0.0, 0.0, 0.0, 0.0, 0.0, 0.0, 0.0, 0.0, 0.0, 0.0, 0.0, 0.0, 0.0, 0.49999999995653877, 0.0, 0.0, 0.0, 8.692260137070814e-11, 0.49999999995653877], "value": [-1.1577361680763554, -1.1577361680763554, -1.1577361680763554, -1.1577361680763554, -1.1577361680763554, -1.2624370578558501, -1.2708105828694864, -1.2882457256481856, -1.254061263583241, -1.2366068216948545, -1.2074644021474985, -1.230229481006583, -1.174559739968616, -1.1846551474864735, -1.2244543981801301, -1.219771259155777, -1.2621322209122021, -1.2381399278179397, -1.2675574479491962, -0.46328563965726643, -1.2731821891486357, -1.2257058719710816, -1.2156291867985893, -0.702417571308865, -0.48729189283666263]}