{"x": 131.71958010742804, "y": -3.0763963344478533, "yaw": -3.1364074298409945, "speed": 8.937027517473846, "goal_x": 120.50909423828125, "goal_y": -3.1804609298706055, "pro": [0.0, 0.0, 0.0, 0.0, 0.0, 0.0, 0.0, 0.0, 0.0, 0.0, 0.0, 0.0, 0.0, 0.0, 0.0, 0.0, 0.0, 0.0, 0.0, 0.0, 0.4999999997226058, 0.4999999997226058, 0.0, 5.547883735554769e-10, 0.0], "value": [-0.22227452695506117, -0.22227452695506117, -0.22227452695506117, -0.22227452695506117, -0.22227452695506117, -0.08458542366428384, -0.0757327955568515, -0.05729221041543526, -0.09343796297817153, -0.11187779304732565, 0.17790133700462823, 0.1997405248890017, 0.18424378616691556, 0.15606349269927838, 0.11058207062137168, 1.1537728762670305, 4.243374836959126, 0.9639302935091547, 0.9635657169942475, 0.7245377361861711, 10.318421108178015, 10.455496065164876, 1.1930856457264998, 10.06195904854016, 0.928918385781367]}