{"x": 142.00984396293836, "y": -4.785863082839919, "yaw": 2.4597414627361114, "speed": 5.594562563336505, "goal_x": 135.5596923828125, "goal_y": -6.456031799316406, "pro": [0.0, 0.0, 0.0, 0.0, 0.0, 0.0, 0.0, 0.0, 0.0, 0.0, 0.0, 0.0, 0.0, 0.0, 0.0, 0.0, 0.0, 0.0, 0.0, 0.5, 0.0, 0.0, 0.0, 9.013880758123386e-21, 0.5], "value": [-1.1518275005463716, -1.1518275005463716, -1.1518275005463716, -1.1518275005463716, -1.1518275005463716, -1.2591390092656793, -1.2675133659397853, -1.2849497102978629, -1.2507622168626422, -1.2333051576375624, -1.2136433683249788, -1.2363936067298011, -1.1784625442522207, -1.2868221105710396, -1.2328441423026626, -1.2375010366642434, -1.2797175872825237, -1.252694761312424, -1.2881128367242134, -0.641869895521733, -1.2997962439704538, -1.2487609750459248, -1.234771977662851, -0.6172800210176372, -0.6880233454761171]}