{"x": 130.8220269102844, "y": -3.0587126944697656, "yaw": -3.123815254365187, "speed": 8.972719855560218, "goal_x": 120.50909423828125, "goal_y": -3.1804609298706055, "pro": [0.0, 0.0, 0.0, 0.0, 0.0, 0.0, 0.0, 0.0, 0.0, 0.0, 0.0, 0.0, 0.0, 0.0, 0.0, 0.0, 0.0, 0.0, 0.0, 0.0, 0.4999999997226058, 0.4999999997226058, 0.0, 5.547883735554769e-10, 0.0], "value": [-0.20435571918383977, -0.20435571918383977, -0.20435571918383977, -0.20435571918383977, -0.20435571918383977, -0.06108765602874969, -0.05838486491791555, -0.07667781564536802, -0.06986950311778589, -0.08816229021131819, 0.2074654818105837, 0.20026858792750568, 0.1549798566589295, 0.18572271888690534, 0.1404366223084566, 4.237635386908138, 1.1751692171623365, 0.7800553529277384, 1.1483062932504962, 0.7722337150493391, 10.423922736729876, 10.304348318204077, 1.125987744325601, 10.255967307086982, 0.9823465646567775]}