{"x": 141.68180964747646, "y": -4.651231757281061, "yaw": 2.5024753729254203, "speed": 6.450643099743461, "goal_x": 135.5596923828125, "goal_y": -6.456031799316406, "pro": [0.0, 0.0, 0.0, 0.0, 0.0, 0.0, 0.0, 0.0, 0.0, 0.0, 0.0, 0.0, 0.0, 0.0, 0.0, 0.0, 0.0, 0.0, 0.0, 0.5, 0.0, 0.0, 0.0, 9.013880758123386e-21, 0.5], "value": [-1.147393092218524, -1.147393092218524, -1.147393092218524, -1.147393092218524, -1.147393092218524, -1.2583742949066692, -1.266770972104396, -1.2842531325301414, -1.249974968932598, -1.2324702817525655, -1.2252896207616697, -1.2480658216839329, -1.186955661235841, -1.301624939982286, -1.2475440980105261, -1.2637131825280083, -1.3058296698186176, -1.274770676474775, -1.3181708091796889, -0.8676401412053978, -1.3365244054425576, -1.2808162454097687, -1.2618421784663254, -0.8531508011128088, -0.937940228275866]}