{"x": 129.92660351909794, "y": -3.0186619835344355, "yaw": 3.1676027765018078, "speed": 8.97148025930003, "goal_x": 120.50909423828125, "goal_y": -3.1804609298706055, "pro": [0.0, 0.0, 0.0, 0.0, 0.0, 0.0, 0.0, 0.0, 0.0, 0.0, 0.0, 0.0, 0.0, 0.0, 0.0, 0.0, 0.0, 0.0, 0.0, 0.0, 1.1095767464953737e-09, 7.97586706221441e-19, 0.0, 0.9999999988904233, 0.0], "value": [-0.21791423963155357, -0.21791423963155357, -0.21791423963155357, -0.21791423963155357, -0.21791423963155357, -0.07908250984388873, -0.08777335060949401, -0.10587633252691644, -0.0703915806372869, -0.05840280795580227, 0.18447344959668993, 0.16285780078871875, 0.11784116985661947, 0.20609063810151124, 0.1783568032491511, 1.1650609317059533, 0.961453011635816, 0.7164385071359793, 5.716594943384239, 0.963819760624778, 10.34164759469514, 10.065590143437515, 0.9167245315795802, 10.370986787985382, 1.1725087954244424]}