{"x": 140.84905661534796, "y": -4.173819470079736, "yaw": 2.5987187941044803, "speed": 7.455496028661267, "goal_x": 135.5596923828125, "goal_y": -6.456031799316406, "pro": [0.0, 0.0, 0.0, 0.0, 0.0, 0.0, 0.0, 0.0, 0.0, 0.0, 0.0, 0.0, 0.0, 0.0, 0.0, 0.0, 0.0, 0.0, 0.0, 0.5, 0.0, 0.0, 0.0, 1.0718900461182342e-31, 0.5], "value": [-1.1491558886060367, -1.1491558886060367, -1.1491558886060367, -1.1491558886060367, -1.1491558886060367, -1.2671557196399639, -1.275604339254302, -1.2931937003348406, -1.258704137258257, -1.241089579002395, -1.3634367806343655, -1.2778161637110637, -1.3252019595358053, -1.3374996621875992, -1.3760078765318324, -1.424822670882883, -1.3584592844412167, -1.320048739023522, -1.3780636610066517, -0.9611071054734945, -1.4044272276199625, -1.34051435489875, -1.3130356898801958, -0.6822233695600057, -1.0568350973257594]}