{"x": 129.02237507566068, "y": -3.029255565410969, "yaw": 3.171833814810245, "speed": 9.129321071518545, "goal_x": 120.50909423828125, "goal_y": -3.1804609298706055, "pro": [0.0, 0.0, 0.0, 0.0, 0.0, 0.0, 0.0, 0.0, 0.0, 0.0, 0.0, 0.0, 0.0, 0.0, 0.0, 0.0, 0.0, 0.0, 0.0, 0.0, 0.49999999982029486, 3.594103375246363e-10, 0.0, 0.49999999982029486, 0.0], "value": [-0.21512956518275075, -0.21512956518275075, -0.21512956518275075, -0.21512956518275075, -0.21512956518275075, -0.07551793939957996, -0.0842462001947078, -0.10242710803561109, -0.06678959095908873, -0.062082716777679736, 0.1887946593715415, 0.16695113840731363, 0.12146167739287922, 0.21063986297151668, 0.1733335397127288, 1.171276624923959, 0.9670342476582626, 0.7185370450163596, 6.444295072255805, 0.9520194749479396, 10.26566715196147, 9.968300110467453, 0.9082586793199607, 10.315876521250877, 1.149862805507751]}