{"x": 140.34818519916053, "y": -4.0102635698395686, "yaw": 2.655579259853738, "speed": 7.785925132648919, "goal_x": 135.50741577148438, "goal_y": -2.9564218521118164, "pro": [0.0, 0.0, 0.0, 0.0, 0.0, 0.0, 0.0, 0.0, 0.0, 0.0, 0.0, 0.0, 0.0, 0.0, 7.50588050626843e-194, 0.0, 0.0, 0.0, 5.235878864850295e-12, 0.9999999999895284, 0.0, 0.0, 0.0, 0.0, 5.235878864850295e-12], "value": [-0.5425513665249564, -0.5425513665249564, -0.5425513665249564, -0.5425513665249564, -0.5425513665249564, -0.4948408386548767, -0.5036924119682015, -0.5221224724037041, -0.4859867837735322, -0.4675356222524642, -0.10526455191383566, -0.1364770110787386, -0.2325702080667128, -0.018359855630547817, 5.376985674749479, 0.09009008314462398, -0.009153978433414825, -0.13878759407307104, 3.9749924554572065, 4.144981123867819, -0.01918573727411642, -0.10433231898257522, -0.21006270219048212, 0.08619992383196712, 3.912254953047719]}