{"x": 128.09532422266545, "y": -3.0889256482644445, "yaw": -3.119379226937442, "speed": 9.41705271681746, "goal_x": 120.50909423828125, "goal_y": -3.1804609298706055, "pro": [0.0, 0.0, 0.0, 0.0, 0.0, 0.0, 0.0, 0.0, 0.0, 0.0, 0.0, 0.0, 0.0, 0.0, 0.0, 0.0, 0.0, 0.0, 0.0, 0.0, 0.9999999985623584, 7.188206742742177e-10, 0.0, 7.188206742742177e-10, 0.0], "value": [-0.20717298225359454, -0.20717298225359454, -0.20717298225359454, -0.20717298225359454, -0.20717298225359454, -0.06498565911787893, -0.056102624179673516, -0.07309174467570903, -0.07386864257492995, -0.09237191906636238, 0.20219092708097525, 0.20485569278055177, 0.15813709714199492, 0.1797615305152836, 0.13305248938977526, 8.02108781116042, 1.179922179692311, 0.7759482148818806, 1.1307598761480049, 0.7493547038309221, 10.05105479037145, 10.016721491572822, 0.9600212515042498, 9.759004595409682, 0.9153139791218203]}