{"x": 139.81347870577528, "y": -3.853220873140761, "yaw": 2.716077255980506, "speed": 8.222541856174113, "goal_x": 135.50741577148438, "goal_y": -2.9564218521118164, "pro": [0.0, 0.0, 0.0, 0.0, 0.0, 0.0, 0.0, 0.0, 0.0, 0.0, 0.0, 0.0, 0.0, 9.042890574594168e-122, 0.9999999999987388, 0.0, 0.0, 0.0, 0.0, 1.261178911902014e-12, 0.0, 0.0, 0.0, 0.0, 7.350557569869667e-25], "value": [-0.4871548816994743, -0.4871548816994743, -0.4871548816994743, -0.4871548816994743, -0.4871548816994743, -0.4282894337329074, -0.4374068738076502, -0.4563885032688066, -0.41916885101339096, -0.40016050154692645, 0.09460707321938282, -0.00887010542798257, -0.1349587480573981, 4.534948039468655, 3.724203637270437, 0.022698048967385573, -0.024245592161785276, -0.15399262196132943, 0.13322244750341203, 3.5347364232121006, -0.008842126382487811, -0.10155711466582582, -0.21184623886714304, 0.10745061575413317, 3.308381770138382]}