{"x": 127.39010158486425, "y": -3.1585764479650793, "yaw": -3.118213216585014, "speed": 9.700955521610979, "goal_x": 120.50909423828125, "goal_y": -3.1804609298706055, "pro": [0.0, 0.0, 0.0, 0.0, 0.0, 0.0, 0.0, 0.0, 0.0, 0.0, 0.0, 0.0, 0.0, 0.0, 0.0, 0.0, 0.9999999999396281, 0.0, 0.0, 0.0, 2.0672887448721145e-21, 6.037189642783831e-11, 3.9459488104747306e-43, 0.0, 0.0], "value": [-0.23326379539698455, -0.23326379539698455, -0.23326379539698455, -0.23326379539698455, -0.23326379539698455, -0.10052485947465126, -0.09144771885036154, -0.07253890904164756, -0.10960169048502075, -0.12850786772845219, 0.15489143365504915, 0.17812271927970957, 0.3452823895606705, 0.1316682664404049, 0.08333291821023735, 1.0937160282862275, 8.519012043144036, 1.1296618961182987, 0.89987498689421, 0.5318207222323892, 8.162576795597081, 8.305334825975843, 8.198811182545077, 0.9354326399541195, 0.5065839211520705]}