{"x": 138.5526413501539, "y": -3.42680939400545, "yaw": 2.8457989879573193, "speed": 8.308672714644171, "goal_x": 130.5079803466797, "goal_y": -3.031101703643799, "pro": [0.0, 0.0, 0.0, 0.0, 0.0, 0.0, 0.0, 0.0, 0.0, 0.0, 0.0, 0.0, 0.0, 0.0, 0.0, 0.0, 0.0, 0.0, 0.0, 0.5, 0.0, 0.0, 0.0, 1.642722896205276e-19, 0.5], "value": [-0.4393227963577599, -0.4393227963577599, -0.4393227963577599, -0.4393227963577599, -0.4393227963577599, -0.3752674871363445, -0.38276757005533635, -0.3983870703112097, -0.3677663421056114, -0.3521378097809824, -0.13204185390447562, -0.21624685938967675, -0.2550704164724363, -0.10978268954465706, 0.01148312642043503, 0.3584901155118225, 0.2394793644136714, 0.0861416247128472, 0.41509859663597415, 6.674042425148361, 2.760482724975811, 0.3484246236937343, 0.1107996106292767, 6.2594962574057735, 6.821020336081232]}