{"x": 126.16049065849919, "y": -3.2251657895707724, "yaw": -3.121480172824609, "speed": 9.864368048429656, "goal_x": 115.50965118408203, "goal_y": -3.2551403045654297, "pro": [0.0, 0.0, 0.0, 0.0, 0.0, 0.0, 0.0, 0.0, 0.0, 0.0, 0.0, 0.0, 0.0, 0.0, 0.0, 0.0, 0.0, 0.0, 0.0, 0.0, 1.1095767452642134e-09, 0.9999999977808467, 1.1095767452642134e-09, 0.0, 0.0], "value": [-0.2380277277998707, -0.2380277277998707, -0.2380277277998707, -0.2380277277998707, -0.2380277277998707, -0.10539319003326655, -0.09645627056783174, -0.07783986679129079, -0.11432994350613762, -0.1329449357486979, 0.1514873999970811, 0.173580660412115, 0.3536188173148931, 0.1293967454516019, 0.08339323165539438, 1.0996058225695453, 4.181959394014798, 1.1537126311660968, 0.9136314920029975, 0.55841939912595, 10.15759510993422, 10.376847379365385, 10.127759276687962, 1.1613148065554766, 0.8703352045267605]}