{"x": 137.74118823236788, "y": -3.2939323810674566, "yaw": 2.9333411026963496, "speed": 8.038952366406123, "goal_x": 130.5079803466797, "goal_y": -3.031101703643799, "pro": [0.0, 0.0, 0.0, 0.0, 0.0, 0.0, 0.0, 0.0, 0.0, 0.0, 0.0, 0.0, 0.0, 0.0, 0.0, 0.0, 0.0, 0.0, 0.0, 0.5, 0.0, 0.0, 0.0, 6.51067241002585e-20, 0.5], "value": [-0.38525956991618304, -0.38525956991618304, -0.38525956991618304, -0.38525956991618304, -0.38525956991618304, -0.30501744463928715, -0.3127514937346893, -0.32885835303015376, -0.297282343438346, -0.281166537437217, -0.02994894885022295, -0.13062010299336063, -0.1710635607157761, -0.006692521721260808, 0.13289658011154404, 0.5225160085022689, 0.38398383606402253, 0.2090418865175948, 5.553968446973375, 7.296579054345498, 0.5652176514043394, 0.4106539204625114, 0.20863909776811046, 6.707500013590563, 7.347776636800783]}