{"x": 125.18089425633363, "y": -3.2253275220448083, "yaw": -3.1418509125742213, "speed": 9.715437088136877, "goal_x": 115.50965118408203, "goal_y": -3.2551403045654297, "pro": [0.0, 0.0, 0.0, 0.0, 0.0, 0.0, 0.0, 0.0, 0.0, 0.0, 0.0, 0.0, 0.0, 0.0, 0.0, 0.0, 0.0, 0.0, 0.0, 0.0, 1.1095767464953737e-09, 0.9999999988904233, 0.0, 7.97586706221441e-19, 0.0], "value": [-0.2224845779069375, -0.2224845779069375, -0.2224845779069375, -0.2224845779069375, -0.2224845779069375, -0.08509284233647141, -0.0762160946319162, -0.057725222535344234, -0.09396947866882646, -0.11245940371230209, 0.17688768901142443, 0.1989353366106376, 0.18461431623532742, 0.15484193495897108, 0.10893051931581049, 1.150220421706961, 6.45401198454828, 0.9623132988502248, 0.9589782286754616, 0.5934268983122822, 10.301159243767254, 10.399994078218647, 1.1856686187006762, 10.010989313925245, 0.9116549312510795]}