{"x": 137.18826866863347, "y": -3.2863938432904813, "yaw": 2.9975822312267004, "speed": 7.877719577754638, "goal_x": 130.5079803466797, "goal_y": -3.031101703643799, "pro": [0.0, 0.0, 0.0, 0.0, 0.0, 0.0, 0.0, 0.0, 0.0, 0.0, 0.0, 0.0, 0.0, 0.0, 0.0, 0.0, 0.0, 0.0, 2.0622336481200538e-100, 0.5, 0.0, 0.0, 0.0, 3.1302852592216882e-21, 0.5], "value": [-0.3269337922938458, -0.3269337922938458, -0.3269337922938458, -0.3269337922938458, -0.3269337922938458, -0.22811497723579352, -0.23613839884544202, -0.2528482935977064, -0.220090601283914, -0.20337259151043963, -0.014750375378991626, -0.035237460384346275, -0.07782536746480928, 0.1090917572290988, 0.2701796782652788, 0.7109855178689639, 0.5485716701416992, 0.2744074429906621, 7.75021580550945, 7.475295961449619, 0.5975546831852256, 0.432860130953671, 0.23452341190890091, 6.907625282977348, 7.333842128925998]}