{"x": 124.21791553838264, "y": -3.1884535083191303, "yaw": -3.138503386725301, "speed": 9.588571397457088, "goal_x": 115.50965118408203, "goal_y": -3.2551403045654297, "pro": [0.0, 0.0, 0.0, 0.0, 0.0, 0.0, 0.0, 0.0, 0.0, 0.0, 0.0, 0.0, 0.0, 0.0, 0.0, 0.0, 0.0, 0.0, 0.0, 0.0, 0.9999999977808467, 1.1095767452642134e-09, 0.0, 1.1095767452642134e-09, 0.0], "value": [-0.20327831795427756, -0.20327831795427756, -0.20327831795427756, -0.20327831795427756, -0.20327831795427756, -0.05971009121621195, -0.06848196728477635, -0.08675395233064875, -0.05975245800783818, -0.07802460071160952, 0.2091365619478766, 0.18721534636284048, 0.14155953860975728, 0.19841901744488383, 0.1527602564480392, 5.696396752987268, 1.1494100042292454, 0.7532734056343318, 1.1706990480336985, 0.7889693736937096, 10.322086713762967, 10.128966548913459, 0.954142001620319, 10.228747164955116, 0.9905754011037684]}