{"x": 136.4018186541473, "y": -3.273128281524561, "yaw": 3.084006600909449, "speed": 7.780443941361063, "goal_x": 130.5079803466797, "goal_y": -3.031101703643799, "pro": [0.0, 0.0, 0.0, 0.0, 0.0, 0.0, 0.0, 0.0, 0.0, 0.0, 0.0, 0.0, 0.0, 0.0, 0.0, 2.0672887448721145e-21, 5.410887289638105e-66, 0.0, 6.037189642783831e-11, 0.9999999999396281, 0.0, 0.0, 0.0, 0.0, 0.0], "value": [-0.2635730909143316, -0.2635730909143316, -0.2635730909143316, -0.2635730909143316, -0.2635730909143316, -0.14296034408896513, -0.15133439856154182, -0.16877553641099535, -0.13458562992665896, -0.11713888289972227, 0.3345617985073553, 0.18973875635010273, 0.027994760841739935, 0.48381703042820423, 0.8341721986480238, 6.952842192158757, 6.98828616058251, 0.5042537808646315, 7.195507185220671, 7.58326104308399, 0.48058044009661977, 0.34146862481680706, 0.17258383276404785, 0.5028130390625349, 0.33524538503544343]}