{"x": 123.50895464678757, "y": -3.1606534838559823, "yaw": 3.1512554130351638, "speed": 9.617157406877483, "goal_x": 115.50965118408203, "goal_y": -3.2551403045654297, "pro": [0.0, 0.0, 0.0, 0.0, 0.0, 0.0, 0.0, 0.0, 0.0, 0.0, 0.0, 0.0, 0.0, 0.0, 0.0, 0.0, 0.0, 0.0, 0.3333333333333333, 0.0, 0.3333333333333333, 0.0, 0.0, 0.3333333333333333, 0.0], "value": [-0.21992588331507984, -0.21992588331507984, -0.21992588331507984, -0.21992588331507984, -0.21992588331507984, -0.08208389409040587, -0.09080666167959575, -0.10897595610608579, -0.0733609931892506, -0.0555000894332, 0.18002042940582774, 0.1580374957187583, 0.11226298806635712, 0.20200620380301565, 0.18167233358577334, 1.153657297952886, 0.9473752053777967, 0.5866268309543552, 10.103203797502024, 0.9656432759289757, 10.018522750414753, 6.984866008239344, 0.7520232355466564, 10.160655967758608, 1.154426566333341]}