{"x": 135.63487153019807, "y": -3.324352782930886, "yaw": 3.09345362004163, "speed": 7.587904244468461, "goal_x": 130.5079803466797, "goal_y": -3.031101703643799, "pro": [0.0, 0.0, 0.0, 0.0, 0.0, 0.0, 0.0, 0.0, 0.0, 0.0, 0.0, 5.3443335764935904e-83, 0.0, 0.0, 0.0, 0.25, 0.25, 0.25, 0.25, 0.0, 0.0, 0.0, 0.0, 0.0, 0.0], "value": [-0.20628059657858644, -0.20628059657858644, -0.20628059657858644, -0.20628059657858644, -0.20628059657858644, -0.1157789615079644, -0.1053493776553064, -0.1270664544416235, -0.12620845139269027, -0.09123939265194872, 0.9036565204254736, 7.538148434983029, 0.5410992949424683, 0.8647852057303738, 0.5198902954103305, 5.915217723301288, 5.903653149878177, 5.724521593424649, 5.91929315523283, 0.8921109252363986, 0.03842200029594944, 0.036619176159852614, 0.02299555322132807, 0.03381542568305385, 0.017073388364219455]}