{"x": 122.5482542488613, "y": -3.1703926527528217, "yaw": 3.1592264757744126, "speed": 9.559934721998609, "goal_x": 115.50965118408203, "goal_y": -3.2551403045654297, "pro": [0.0, 0.0, 0.0, 0.0, 0.0, 0.0, 0.0, 0.0, 0.0, 0.0, 0.0, 0.0, 0.0, 0.0, 0.0, 0.0, 0.0, 0.0, 1.0, 0.0, 1.0883701511503265e-30, 1.23023192284437e-97, 0.0, 1.0883701511503265e-30, 0.0], "value": [-0.21414255063738644, -0.21414255063738644, -0.21414255063738644, -0.21414255063738644, -0.21414255063738644, -0.07451693140909282, -0.08331850268614571, -0.1016519450380185, -0.06571524096247675, -0.06330986929444252, 0.1894276390946067, 0.16696075576690578, 0.12018261153593096, 0.21189754863809768, 0.17077579874553533, 1.1689194293323903, 0.9598806843285105, 0.7023532478594668, 9.261389582453884, 0.9384587919773139, 8.50599598390372, 8.712346538229442, 0.6997052133410159, 8.542663220308842, 0.953654941978842]}