{"x": 135.12939022616067, "y": -3.3802884934826434, "yaw": -3.1870323118038155, "speed": 7.55593353643358, "goal_x": 130.5079803466797, "goal_y": -3.031101703643799, "pro": [0.0, 0.0, 0.0, 0.0, 0.0, 0.0, 0.0, 0.0, 0.0, 0.0, 0.33333333333332127, 0.33333333333332127, 0.33333333333332127, 0.0, 0.0, 0.0, 0.0, 0.0, 0.0, 0.0, 0.0, 0.0, 3.613279698542236e-14, 0.0, 0.0], "value": [-0.3240525709395199, -0.3240525709395199, -0.3240525709395199, -0.3240525709395199, -0.3240525709395199, -0.2056353583042552, -0.19476100591180273, -0.17210560458485424, -0.21650838299297614, -0.23915249744229294, 4.835508409669282, 4.87701752195916, 5.003269434788334, 0.6251968226812529, 0.322048819222743, 0.6169373302562182, 2.6952060354955987, 0.49637750775298534, 0.46042646969744083, 0.16151820175170967, 0.3372571564493125, 0.6295736509339107, 4.73426817051353, 0.1725609630307408, -0.07782673027975168]}