{"x": 121.35674288970097, "y": -3.225082149058103, "yaw": -3.122454112732048, "speed": 9.294177641504293, "goal_x": 110.51021575927734, "goal_y": -3.329820156097412, "pro": [0.0, 0.0, 0.0, 0.0, 0.0, 0.0, 0.0, 0.0, 0.0, 0.0, 0.0, 0.0, 0.0, 0.0, 0.0, 0.0, 0.0, 0.0, 0.0, 0.0, 0.4999999997226058, 0.4999999997226058, 0.0, 5.547883735554769e-10, 0.0], "value": [-0.20694566180518614, -0.20694566180518614, -0.20694566180518614, -0.20694566180518614, -0.20694566180518614, -0.06447808010813089, -0.0557299608907773, -0.07318338690199133, -0.07322617099106554, -0.09144862321794633, 0.2032094352043479, 0.20465668178503976, 0.15964214292017093, 0.18159884866995302, 0.13658804144339437, 3.479352297661197, 1.1828283465100933, 0.9190727112587873, 1.140508181114283, 0.767053744543325, 10.429027711123558, 10.352303967683627, 1.1399561838529801, 10.251452751328314, 0.978785129666657]}