{"x": 133.87354670962404, "y": -3.400509993162066, "yaw": -3.157505470497152, "speed": 7.541188519546414, "goal_x": 125.50853729248047, "goal_y": -3.105781078338623, "pro": [0.0, 0.0, 0.0, 0.0, 0.0, 0.0, 0.0, 0.0, 0.0, 0.0, 0.0, 0.0, 0.0, 0.0, 0.0, 0.0, 0.0, 0.0, 0.0, 0.0, 1.1095767452642134e-09, 0.9999999977808467, 1.1095767452642134e-09, 0.0, 0.0], "value": [-0.23811792625643066, -0.23811792625643066, -0.23811792625643066, -0.23811792625643066, -0.23811792625643066, -0.10622467977793126, -0.09738233974380422, -0.0789627827711496, -0.11506678743540424, -0.13348436843954672, 0.1492011846187523, 0.1713548643810225, 0.3560917351688163, 0.12705203634725803, 0.08093551147598427, 1.089811907913635, 4.916857585985994, 1.1563140300442656, 0.9028098783147418, 0.5463421164325913, 9.890378646518112, 10.185410595620189, 9.911957723126816, 1.13286584757832, 0.7268017022025081]}