{"x": 120.44572774220647, "y": -3.2754301890463995, "yaw": -3.139808656904925, "speed": 8.999458341622983, "goal_x": 110.51021575927734, "goal_y": -3.329820156097412, "pro": [0.0, 0.0, 0.0, 0.0, 0.0, 0.0, 0.0, 0.0, 0.0, 0.0, 0.0, 0.0, 0.0, 0.0, 0.0, 0.0, 0.0, 0.0, 0.0, 0.0, 1.1095767464953737e-09, 0.9999999988904233, 0.0, 7.97586706221441e-19, 0.0], "value": [-0.22226484641376265, -0.22226484641376265, -0.22226484641376265, -0.22226484641376265, -0.22226484641376265, -0.08475750603230481, -0.07589686857489239, -0.05743956707797191, -0.09361803784198455, -0.11207444095949373, 0.17738875948364696, 0.19936602224520505, 0.18433038294840598, 0.15541325210226947, 0.10964741707210729, 1.1515540845404415, 6.456730475568329, 0.9623406885290042, 0.9605383516536721, 0.5953096127317354, 10.321775801232661, 10.412996840983263, 1.1870319779520127, 10.03959710357103, 0.916334153834959]}