{"x": 164.7154354139567, "y": -2.519341829135994, "yaw": -3.1276531358121002, "speed": 0.6994505820646016, "goal_x": 159.50474548339844, "goal_y": -2.5979599952697754, "pro": [0.0, 0.0, 0.0, 0.0, 0.0, 0.0, 0.0, 0.0, 0.0, 0.0, 0.0, 0.0, 0.0, 0.0, 0.0, 0.3333333333332686, 0.3333333333332686, 3.8383284706368864e-126, 0.3333333333332686, 1.94277420396093e-13, 0.0, 0.0, 0.0, 0.0, 0.0], "value": [-0.20080229398629793, -0.20080229398629793, -0.20080229398629793, -0.20080229398629793, -0.20080229398629793, -0.10667601515532427, -0.1174665884018362, -0.08450005731941551, -0.11480522518232794, -0.08225750657276484, 0.9166442554927753, 0.8812731038774951, 0.5147285373995596, 0.8863657710352022, 0.5392575456121846, 6.161662740084584, 6.1608308655683945, 6.612421774140007, 6.121424734951333, 6.038450433043416, 0.039542555602379674, 0.03761059156020427, 0.025100625468349652, 0.037796804401803996, 0.02579839192021982]}