{"x": 133.1247117237412, "y": -3.368862605755506, "yaw": -3.173557909940852, "speed": 7.457220361809081, "goal_x": 125.50853729248047, "goal_y": -3.105781078338623, "pro": [0.0, 0.0, 0.0, 0.0, 0.0, 0.0, 0.0, 0.0, 0.0, 0.0, 0.0, 0.0, 0.0, 0.0, 0.0, 0.0, 0.49999999982029486, 0.0, 0.0, 0.0, 3.594103375246363e-10, 0.49999999982029486, 0.0, 0.0, 0.0], "value": [-0.2257003253296887, -0.2257003253296887, -0.2257003253296887, -0.2257003253296887, -0.2257003253296887, -0.08987431063630674, -0.08106166925558786, -0.06270416820479152, -0.09868677185255031, -0.11704274093749692, 0.1698213333391302, 0.1920640019919027, 0.19107656868129097, 0.1475825799303222, 0.10127921659121719, 1.1313706436277902, 10.015989838990357, 1.110110482232198, 0.9390993636170151, 0.5724771536972261, 9.892699111041125, 10.124305994556638, 6.929588833083515, 1.1657543285478382, 0.739949609652777]}