{"x": 119.55376141635595, "y": -3.282304267908704, "yaw": -3.1474904746277743, "speed": 8.898395298753892, "goal_x": 110.51021575927734, "goal_y": -3.329820156097412, "pro": [0.0, 0.0, 0.0, 0.0, 0.0, 0.0, 0.0, 0.0, 0.0, 0.0, 0.0, 0.0, 0.0, 0.0, 0.0, 0.0, 0.0, 0.0, 0.0, 0.0, 1.1095767464953737e-09, 0.9999999988904233, 0.0, 7.97586706221441e-19, 0.0], "value": [-0.2166269665917348, -0.2166269665917348, -0.2166269665917348, -0.2166269665917348, -0.2166269665917348, -0.07743045136961987, -0.06856254530928826, -0.06060048365228613, -0.08629826664726531, -0.10476986903213106, 0.18648643020570715, 0.20859563858387778, 0.17482738454031116, 0.16437886308884286, 0.11833867330391815, 1.1677908181001138, 5.702684201751066, 0.9427174507550116, 0.9756662242362596, 0.7313596950432839, 10.311854672247382, 10.319127853165293, 1.158049044854609, 10.024600731147356, 0.9222963243144695]}