{"x": 132.37877810133224, "y": -3.311550230308643, "yaw": 3.1184154289389427, "speed": 7.5312604532786125, "goal_x": 125.50853729248047, "goal_y": -3.105781078338623, "pro": [0.0, 0.0, 0.0, 0.0, 0.0, 0.0, 0.0, 0.0, 0.0, 0.0, 0.0, 0.0, 0.0, 0.0, 0.0, 3.945948810236506e-43, 0.0, 0.0, 0.0, 0.0, 0.9999999998792561, 6.037189642419354e-11, 0.0, 6.037189642419354e-11, 0.0], "value": [-0.20472435074854026, -0.20472435074854026, -0.20472435074854026, -0.20472435074854026, -0.20472435074854026, -0.061743239264784505, -0.057696283940089216, -0.07592045912466713, -0.07049206930179644, -0.08871591667007761, 0.20630637588136314, 0.20086577891807134, 0.15441152287018717, 0.18400234993613812, 0.1375562509595642, 9.884013110508315, 1.1718159285513534, 0.7653415610121062, 1.1377371533130554, 0.7523858450136666, 8.68922555071732, 8.6083503276775, 0.7868086479281095, 8.602621426746985, 0.7659377266634935]}