{"x": 118.65587152265896, "y": -3.2451319337489193, "yaw": -3.105350444786051, "speed": 9.07883519248955, "goal_x": 110.51021575927734, "goal_y": -3.329820156097412, "pro": [0.0, 0.0, 0.0, 0.0, 0.0, 0.0, 0.0, 0.0, 0.0, 0.0, 0.0, 0.0, 0.0, 0.0, 0.0, 0.0, 0.0, 0.0, 0.0, 0.0, 0.3333333333333333, 0.3333333333333333, 0.0, 0.3333333333333333, 0.0], "value": [-0.2056646124667753, -0.2056646124667753, -0.2056646124667753, -0.2056646124667753, -0.2056646124667753, -0.06292035413171793, -0.07171197842596261, -0.09002502713126065, -0.056561960412703505, -0.07487531213647422, 0.20495433052829587, 0.18288190653255848, 0.13691342881174945, 0.202449670782373, 0.15647510410549664, 5.677343492491287, 1.1391534553944986, 0.742720738305851, 1.176845098940293, 0.9180880343860882, 10.26622565467466, 9.970672204298735, 0.9317283673659518, 10.152052238708965, 0.9876147418276402]}