{"x": 131.60745493081944, "y": -3.2647283425461775, "yaw": 3.1379827794341115, "speed": 7.925637690496144, "goal_x": 120.50909423828125, "goal_y": -3.1804609298706055, "pro": [0.0, 0.0, 0.0, 0.0, 0.0, 0.0, 0.0, 0.0, 0.0, 0.0, 0.0, 0.0, 0.0, 0.0, 0.0, 0.0, 0.0, 0.0, 0.0, 0.0, 0.4999999997226059, 5.54788373555477e-10, 0.0, 0.4999999997226059, 0.0], "value": [-0.22137254646722826, -0.22137254646722826, -0.22137254646722826, -0.22137254646722826, -0.22137254646722826, -0.08341532582573094, -0.09193139657970142, -0.10967038745299229, -0.07489917510112093, -0.05715950417474802, 0.17935389513732408, 0.1583374543794312, 0.11456633790213466, 0.20037155483902241, 0.1853241192470697, 1.1566231411253782, 0.9562778049744864, 0.7168853158304304, 4.2457159868185395, 0.9800087828931793, 10.338481557386732, 10.0920556254187, 0.9284503623242444, 10.470490998562024, 1.2000258021948929]}