{"x": 117.73187983663051, "y": -3.237192092711634, "yaw": 3.1377774090121457, "speed": 9.373882758208824, "goal_x": 110.51021575927734, "goal_y": -3.329820156097412, "pro": [0.0, 0.0, 0.0, 0.0, 0.0, 0.0, 0.0, 0.0, 0.0, 0.0, 0.0, 0.0, 0.0, 0.0, 0.0, 0.0, 0.0, 0.0, 3.7537041472135856e-258, 0.0, 0.5, 6.51067241002585e-20, 0.0, 0.5, 0.0], "value": [-0.2116937019626507, -0.2116937019626507, -0.2116937019626507, -0.2116937019626507, -0.2116937019626507, -0.07111955532801723, -0.07991337177947394, -0.09823077975215, -0.06232564991600666, -0.06668316910827699, 0.1940851357659099, 0.17178126289966533, 0.12533769099710096, 0.21308606156194357, 0.16662491335933155, 1.1783619978812099, 0.9718602843327563, 0.7162335365867136, 11.105277191163776, 0.9331857403865762, 9.712858692642827, 9.383576985623826, 0.7502518941726645, 9.710369263871032, 0.9776053941287436]}