{"x": 130.78044682840329, "y": -3.260776280270216, "yaw": 3.1481131292649316, "speed": 8.575583663619165, "goal_x": 120.50909423828125, "goal_y": -3.1804609298706055, "pro": [0.0, 0.0, 0.0, 0.0, 0.0, 0.0, 0.0, 0.0, 0.0, 0.0, 0.0, 0.0, 0.0, 0.0, 0.0, 0.0, 0.0, 0.0, 0.0, 0.0, 0.4999999997226059, 5.54788373555477e-10, 0.0, 0.4999999997226059, 0.0], "value": [-0.21376663016565256, -0.21376663016565256, -0.21376663016565256, -0.21376663016565256, -0.21376663016565256, -0.07349837319388355, -0.08206577101940568, -0.09991173421303454, -0.064930917149845, -0.06360619573020612, 0.19174009844066509, 0.17052482104027744, 0.12633926344709062, 0.21295631752021837, 0.1723272716759192, 1.1780753489466282, 0.9774726028603852, 0.7339928541387558, 4.237416528998098, 0.9547659281121764, 10.37235689927518, 10.147460174047007, 0.9447175229351804, 10.396414790808972, 1.167046835561085]}