{"x": 116.7779302943893, "y": -3.2535556710033573, "yaw": -3.13792920919428, "speed": 9.660518593502974, "goal_x": 105.5107650756836, "goal_y": -3.4044995307922363, "pro": [0.0, 0.0, 0.0, 0.0, 0.0, 0.0, 0.0, 0.0, 0.0, 0.0, 0.0, 0.0, 0.0, 0.0, 0.0, 0.0, 0.0, 0.0, 0.0, 0.0, 0.4999999997226059, 5.54788373555477e-10, 0.0, 0.4999999997226059, 0.0], "value": [-0.20715139092333093, -0.20715139092333093, -0.20715139092333093, -0.20715139092333093, -0.20715139092333093, -0.06473078114589914, -0.07341151262152582, -0.09149366434286468, -0.05605002244567403, -0.07272301540276707, 0.20291804755766202, 0.18150730946030452, 0.13691235478339092, 0.2051479466558717, 0.16054950444801624, 3.4799074660890135, 1.1408583790883053, 0.7527357389276315, 1.1840450722249183, 0.9339009981888959, 10.442891686857948, 10.270131607044172, 0.9706640973624616, 10.371628793907037, 1.1450417761834277]}