{"x": 129.88571168574592, "y": -3.3015075118918125, "yaw": -3.141414754428976, "speed": 9.228799814021041, "goal_x": 120.50909423828125, "goal_y": -3.1804609298706055, "pro": [0.0, 0.0, 0.0, 0.0, 0.0, 0.0, 0.0, 0.0, 0.0, 0.0, 0.0, 0.0, 0.0, 0.0, 0.0, 0.0, 0.0, 0.0, 0.0, 0.0, 0.4999999997226058, 0.4999999997226058, 0.0, 5.547883735554769e-10, 0.0], "value": [-0.20946044000628028, -0.20946044000628028, -0.20946044000628028, -0.20946044000628028, -0.20946044000628028, -0.06788413839572954, -0.05917713627342746, -0.06965059873587409, -0.0765910933246371, -0.09472777240929653, 0.19874574213340462, 0.20906867137318585, 0.16394647839041376, 0.1770838378544955, 0.13196864975178307, 1.1889805038395622, 3.4683496734384818, 0.9242951687573316, 1.129540413404497, 0.7562142748729461, 10.34632082803393, 10.304844344265684, 1.1392642691054848, 10.127462177189011, 0.9572911326945621]}