{"x": 115.80006462815479, "y": -3.2607609601325027, "yaw": -3.1359712531608537, "speed": 9.862262329534158, "goal_x": 105.5107650756836, "goal_y": -3.4044995307922363, "pro": [0.0, 0.0, 0.0, 0.0, 0.0, 0.0, 0.0, 0.0, 0.0, 0.0, 0.0, 0.0, 0.0, 0.0, 0.0, 0.0, 0.0, 0.0, 0.0, 0.0, 0.4999999997226059, 5.54788373555477e-10, 0.0, 0.4999999997226059, 0.0], "value": [-0.20608645473950932, -0.20608645473950932, -0.20608645473950932, -0.20608645473950932, -0.20608645473950932, -0.06337032794575295, -0.07208565118230079, -0.09023984512733466, -0.05603567647491229, -0.07419009635508328, 0.2045727404572391, 0.18299248335989077, 0.1380452023690889, 0.20332371619696896, 0.15837279080179945, 3.4810140559878917, 1.142863742212615, 0.7524156277485969, 1.1804396168974158, 0.9281228276269099, 10.416780214095978, 10.237876069000361, 0.9660466033150023, 10.325741155085394, 1.134276572752104]}