{"x": 128.93541122667722, "y": -3.363485910500814, "yaw": -3.1486166868767835, "speed": 9.728911667179325, "goal_x": 120.50909423828125, "goal_y": -3.1804609298706055, "pro": [0.0, 0.0, 0.0, 0.0, 0.0, 0.0, 0.0, 0.0, 0.0, 0.0, 0.0, 0.0, 0.0, 0.0, 0.0, 0.0, 0.0, 0.0, 0.0, 0.0, 1.1095767452642134e-09, 0.9999999977808467, 1.1095767452642134e-09, 0.0, 0.0], "value": [-0.2349314626429898, -0.2349314626429898, -0.2349314626429898, -0.2349314626429898, -0.2349314626429898, -0.10195040319356685, -0.09307970577657579, -0.0746011442162029, -0.11082088850346647, -0.1292976464537764, 0.15474569306624725, 0.17696037736853915, 0.3492652264493724, 0.13253511674682072, 0.08628924253926946, 1.1016871304800329, 4.934680027257333, 1.1441072829264305, 0.9134779227742242, 0.5546064720102041, 9.957266557181525, 10.22260343139387, 9.865378925815637, 1.1468323249815826, 0.7382845301280248]}