{"x": 114.8060797171826, "y": -3.266771321030854, "yaw": -3.1016311825111034, "speed": 9.995318893300315, "goal_x": 105.5107650756836, "goal_y": -3.4044995307922363, "pro": [0.0, 0.0, 0.0, 0.0, 0.0, 0.0, 0.0, 0.0, 0.0, 0.0, 0.0, 0.0, 0.0, 0.0, 0.0, 0.0, 0.0, 0.0, 0.0, 0.0, 0.4999999997226059, 5.54788373555477e-10, 0.0, 0.4999999997226059, 0.0], "value": [-0.20625762342256448, -0.20625762342256448, -0.20625762342256448, -0.20625762342256448, -0.20625762342256448, -0.06364340753275874, -0.07239232848193586, -0.09061646976022494, -0.05579619995718857, -0.07402061272184093, 0.20414728537565047, 0.18237009122458536, 0.13701408120027753, 0.20355210071766427, 0.15819131402337616, 3.4776954445468853, 1.1402653707567276, 0.7477963965828662, 1.1800329259310316, 0.9254006333642112, 10.359733211562071, 10.160159840352778, 0.9536394339945617, 10.266050317898388, 1.124716098239343]}