{"x": 127.94625767574021, "y": -3.372201000334711, "yaw": -3.153657946519339, "speed": 9.998912772985253, "goal_x": 120.50909423828125, "goal_y": -3.1804609298706055, "pro": [0.0, 0.0, 0.0, 0.0, 0.0, 0.0, 0.0, 0.0, 0.0, 0.0, 0.0, 0.0, 0.0, 0.0, 0.0, 0.0, 9.332636204473491e-302, 0.0, 0.0, 0.0, 3.285445792410552e-19, 1.0, 3.285445792410552e-19, 0.0, 0.0], "value": [-0.23373399642697212, -0.23373399642697212, -0.23373399642697212, -0.23373399642697212, -0.23373399642697212, -0.10074766235604699, -0.09183470538206415, -0.07326802881063421, -0.10966036815072752, -0.1282249089290537, 0.1555131683743316, 0.17805495443289776, 0.2044579297067648, 0.132976999539148, 0.08606037732301058, 1.0997594678174374, 9.628492250786177, 1.1376426604239285, 0.9093653194448807, 0.5469112702184643, 9.649647361237644, 9.918588603238357, 9.516402214199902, 1.1208232837291519, 0.6982251515576376]}