{"x": 113.80224109889802, "y": -3.28129163888303, "yaw": -3.165603450322371, "speed": 10.06434518935263, "goal_x": 105.5107650756836, "goal_y": -3.4044995307922363, "pro": [0.0, 0.0, 0.0, 0.0, 0.0, 0.0, 0.0, 0.0, 0.0, 0.0, 0.0, 0.0, 0.0, 0.0, 0.0, 0.0, 0.0, 0.0, 0.0, 0.0, 0.3333333333333333, 0.3333333333333333, 0.0, 0.3333333333333333, 0.0], "value": [-0.20358285149235358, -0.20358285149235358, -0.20358285149235358, -0.20358285149235358, -0.20358285149235358, -0.06013077257713358, -0.06893001425138709, -0.08725897837659655, -0.05935914568041062, -0.07768829660942209, 0.20856838980448625, 0.1865053423610083, 0.1405551951027641, 0.19884527180837355, 0.15289144282805528, 6.435020920096856, 1.1471192420754843, 0.749628213718888, 1.170807500836652, 0.7876436352727944, 10.3112870101543, 10.042588305082049, 0.943211305050207, 10.159315411510654, 0.9828835015452594]}