{"x": 126.93749888492533, "y": -3.328152724279715, "yaw": 3.1026070104770036, "speed": 10.163294199718559, "goal_x": 115.50965118408203, "goal_y": -3.2551403045654297, "pro": [0.0, 0.0, 0.0, 0.0, 0.0, 0.0, 0.0, 0.0, 0.0, 0.0, 0.0, 0.0, 0.0, 0.0, 0.0, 0.0, 0.0, 0.0, 0.0, 0.0, 0.4999999997226058, 0.4999999997226058, 0.0, 5.547883735554769e-10, 0.0], "value": [-0.20078734837024176, -0.20078734837024176, -0.20078734837024176, -0.20078734837024176, -0.20078734837024176, -0.056377935054823275, -0.06296594616294632, -0.08099090387588256, -0.06503115873753285, -0.08305609161675628, 0.21343912959895825, 0.19470661090023533, 0.15027533912513918, 0.1921077707520119, 0.1476768694070995, 4.25113809685458, 1.1671079333872447, 0.7750529666409891, 1.1624284073950948, 0.7866151948486247, 10.482631720814373, 10.314137401429836, 0.9978327580412047, 10.353244898451809, 1.1186770562347728]}