{"x": 112.79560885380954, "y": -3.3324457122646822, "yaw": -3.148409558375392, "speed": 10.080622082064597, "goal_x": 105.5107650756836, "goal_y": -3.4044995307922363, "pro": [0.0, 0.0, 0.0, 0.0, 0.0, 0.0, 0.0, 0.0, 0.0, 0.0, 0.0, 0.0, 0.0, 0.0, 0.0, 0.0, 3.7537041472135856e-258, 0.0, 0.0, 0.0, 0.5, 0.5, 0.0, 6.51067241002585e-20, 0.0], "value": [-0.2122865142133045, -0.2122865142133045, -0.2122865142133045, -0.2122865142133045, -0.2122865142133045, -0.07190820812648516, -0.06297263946795675, -0.06633128268535957, -0.08084368161528524, -0.09945613992501806, 0.19307611915179174, 0.21375464797775962, 0.16658421738890972, 0.1704319354216381, 0.12328009215496671, 1.17648095822458, 11.14403513621177, 0.9193438112321932, 0.982304286740332, 0.7296751905162371, 9.790808348997565, 9.796615649348263, 0.9653593251529132, 9.463067472995535, 0.7655030188156124]}