{"x": 125.91731247339064, "y": -3.247756823900862, "yaw": 3.135444872417721, "speed": 10.275366498451799, "goal_x": 115.50965118408203, "goal_y": -3.2551403045654297, "pro": [0.0, 0.0, 0.0, 0.0, 0.0, 0.0, 0.0, 0.0, 0.0, 0.0, 0.0, 0.0, 0.0, 0.0, 0.0, 0.0, 0.0, 0.0, 0.0, 0.0, 1.1095767452642134e-09, 0.0, 0.0, 0.9999999977808467, 1.1095767452642134e-09], "value": [-0.2291702396122861, -0.2291702396122861, -0.2291702396122861, -0.2291702396122861, -0.2291702396122861, -0.09378267081731365, -0.1023165344429067, -0.12009244962781751, -0.08524868714055678, -0.06747175107556116, 0.1660859902732596, 0.14496821704214014, 0.10098873687182248, 0.18720568356508244, 0.1982756744971905, 0.9877106812500523, 0.9305479723287771, 0.5815983240994745, 1.1869842370548673, 1.1328042007235906, 10.271174999226101, 6.283651523324419, 0.7835994933826526, 10.437180088080597, 10.055270422510857]}