{"x": 111.78771937785402, "y": -3.3208039664103115, "yaw": -3.1280866984375653, "speed": 10.079735964515192, "goal_x": 100.5113296508789, "goal_y": -3.4791793823242188, "pro": [0.0, 0.0, 0.0, 0.0, 0.0, 0.0, 0.0, 0.0, 0.0, 0.0, 0.0, 0.0, 0.0, 0.0, 0.0, 0.0, 0.0, 0.0, 0.0, 0.0, 0.9999999977808467, 1.1095767452642134e-09, 0.0, 1.1095767452642134e-09, 0.0], "value": [-0.20039533696658826, -0.20039533696658826, -0.20039533696658826, -0.20039533696658826, -0.20039533696658826, -0.055864145210113625, -0.06460125456382329, -0.08280092437659256, -0.06356362028149545, -0.08176330304462578, 0.21408517674876604, 0.19253585212068625, 0.14765103199548424, 0.193842618626558, 0.14895760352302256, 4.997562642267524, 1.1630040484044508, 0.7699618358641795, 1.1653297204509918, 0.7880942793912615, 10.477041972920587, 10.347599922163985, 0.9908143621675032, 10.357458770644147, 1.1194078061400574]}