{"x": 124.88851721077907, "y": -3.1950833004064285, "yaw": 3.125406937720893, "speed": 10.320096642206515, "goal_x": 115.50965118408203, "goal_y": -3.2551403045654297, "pro": [0.0, 0.0, 0.0, 0.0, 0.0, 0.0, 0.0, 0.0, 0.0, 0.0, 0.0, 0.0, 0.0, 0.0, 0.0, 0.0, 0.0, 0.0, 0.0, 0.0, 1.1095767452642134e-09, 0.0, 0.0, 0.9999999977808467, 1.1095767452642134e-09], "value": [-0.2400997311585215, -0.2400997311585215, -0.2400997311585215, -0.2400997311585215, -0.2400997311585215, -0.10849137780095697, -0.1169959007309111, -0.1347104549762495, -0.09998666429269143, -0.08227048944627566, 0.1469578056202106, 0.12580438554838186, 0.08175601565460992, 0.16811454987103064, 0.35636479951190403, 0.9504250698366578, 0.8924697719944334, 0.5502250538685654, 1.1519304482519634, 5.676249875334982, 10.042146864809247, 1.145747065870389, 0.7371517982606651, 10.304440148930908, 10.144674916932573]}