{"x": 110.77979845249418, "y": -3.2762614064559483, "yaw": 3.1300425239421195, "speed": 10.093365847350315, "goal_x": 100.5113296508789, "goal_y": -3.4791793823242188, "pro": [0.0, 0.0, 0.0, 0.0, 0.0, 0.0, 0.0, 0.0, 0.0, 0.0, 0.0, 0.0, 0.0, 0.0, 0.0, 0.0, 0.0, 0.0, 0.0, 0.0, 0.4999999997226059, 5.54788373555477e-10, 0.0, 0.4999999997226059, 0.0], "value": [-0.22282497276011626, -0.22282497276011626, -0.22282497276011626, -0.22282497276011626, -0.22282497276011626, -0.08544298321874683, -0.0940909832326807, -0.11210471220646448, -0.07679488486033076, -0.058780319599204635, 0.1766073424168778, 0.15519324956521485, 0.11059572931936498, 0.19802302546741019, 0.1868430946316268, 1.150307842518926, 0.9488770921862689, 0.7073753861657454, 4.239346879565764, 0.9811445069882918, 10.282850753184443, 10.014570016827887, 0.912207173825127, 10.445027407026027, 1.197725428424302]}