{"x": 164.85823539752968, "y": -2.5178110319034777, "yaw": -3.127368177575462, "speed": 1.3309023744380832, "goal_x": 159.50474548339844, "goal_y": -2.5979599952697754, "pro": [0.0, 0.0, 0.0, 0.0, 0.0, 0.0, 0.0, 0.0, 0.0, 0.0, 1.0, 0.0, 0.0, 0.0, 0.0, 1.0079461350596203e-47, 1.0079461350596203e-47, 0.0, 1.0079461350596203e-47, 1.427866841575183e-269, 0.0, 0.0, 0.0, 0.0, 0.0], "value": [-0.25068205897033874, -0.25068205897033874, -0.25068205897033874, -0.25068205897033874, -0.25068205897033874, -0.10625239142265387, -0.11705942021247605, -0.08419369465586504, -0.11524530085150886, -0.08266464503035229, 6.885756510503104, 0.8816101105427652, 0.514418394928657, 0.8851085314045589, 0.5375214918574198, 5.814405390618735, 5.79558010676255, 0.9079339816886781, 5.788972156686547, 4.661184146517012, 0.039470780074191254, 0.03399263370481534, 0.016291491317514034, 0.03428286529691782, 0.016847347147168068]}