{"x": 123.8546342502213, "y": -3.205485485133643, "yaw": 3.1487160075528595, "speed": 10.348098643682127, "goal_x": 115.50965118408203, "goal_y": -3.2551403045654297, "pro": [0.0, 0.0, 0.0, 0.0, 0.0, 0.0, 0.0, 0.0, 0.0, 0.0, 0.0, 0.0, 0.0, 0.0, 0.0, 0.0, 0.0, 0.0, 1.1095767452642134e-09, 0.0, 1.1095767452642134e-09, 0.0, 0.0, 0.9999999977808467, 0.0], "value": [-0.2228924458487468, -0.2228924458487468, -0.2228924458487468, -0.2228924458487468, -0.2228924458487468, -0.0859084960205978, -0.094540531682975, -0.11252085117301946, -0.07727632663841888, -0.05929487007775994, 0.1753569279855342, 0.1537255620345752, 0.10868112042109374, 0.1969909145882736, 0.18741954772350167, 1.1449855563629028, 0.9415529596611375, 0.585145855501572, 10.204455315447657, 0.9790492497888845, 10.14287803931689, 6.252396367180105, 0.765596123406894, 10.29621382547635, 1.1823686509388998]}