{"x": 109.77016397452077, "y": -3.250312387027995, "yaw": 3.1543106637107554, "speed": 10.105373880516836, "goal_x": 100.5113296508789, "goal_y": -3.4791793823242188, "pro": [0.0, 0.0, 0.0, 0.0, 0.0, 0.0, 0.0, 0.0, 0.0, 0.0, 0.0, 0.0, 0.0, 0.0, 0.0, 0.0, 0.0, 0.0, 0.0, 0.0, 1.1095767452642134e-09, 0.0, 0.0, 0.9999999977808467, 1.1095767452642134e-09], "value": [-0.23275195832545686, -0.23275195832545686, -0.23275195832545686, -0.23275195832545686, -0.23275195832545686, -0.09878578678231542, -0.10742013386742064, -0.12540519555070323, -0.09015127616741841, -0.07216482390351805, 0.1592789085292411, 0.1377858824021359, 0.09302906388609046, 0.18077482229404768, 0.20392098907657383, 1.1131757506025637, 0.9142115659809846, 0.5657611668890201, 5.647557362431143, 1.1423119369459929, 10.132651742673266, 1.171124009891438, 0.7543103854443427, 10.347375432844464, 10.001882801281857]}