{"x": 122.81887185590794, "y": -3.2531927670698573, "yaw": -3.134635677874179, "speed": 10.37004476816705, "goal_x": 115.50965118408203, "goal_y": -3.2551403045654297, "pro": [0.0, 0.0, 0.0, 0.0, 0.0, 0.0, 0.0, 0.0, 0.0, 0.0, 0.0, 0.0, 0.0, 0.0, 0.0, 6.491630334886193e-293, 0.0, 0.0, 0.0, 0.0, 0.49999999988573485, 0.49999999988573485, 0.0, 2.2853027914463506e-10, 0.0], "value": [-0.2047082698841722, -0.2047082698841722, -0.2047082698841722, -0.2047082698841722, -0.2047082698841722, -0.06169075535709414, -0.057826821024328796, -0.07621358949184559, -0.07051764171826144, -0.08890410913031183, 0.20644273328987786, 0.20067027321012926, 0.15409173843642737, 0.18407940912621806, 0.13750776262865078, 9.623561530239144, 1.1722307041930007, 0.7675507074976565, 1.1393617661858708, 0.7555645055199764, 9.912952278903292, 9.75684829077174, 0.938424275408599, 9.607868636134507, 0.9122030671260626]}