{"x": 108.75964779745524, "y": -3.236206751166357, "yaw": 3.1551958973527308, "speed": 10.100761631481346, "goal_x": 100.5113296508789, "goal_y": -3.4791793823242188, "pro": [0.0, 0.0, 0.0, 0.0, 0.0, 0.0, 0.0, 0.0, 0.0, 0.0, 0.0, 0.0, 0.0, 0.0, 0.0, 0.0, 0.0, 0.0, 0.0, 0.0, 1.1095767452642134e-09, 0.0, 0.0, 0.9999999977808467, 1.1095767452642134e-09], "value": [-0.23510431298765938, -0.23510431298765938, -0.23510431298765938, -0.23510431298765938, -0.23510431298765938, -0.10224675101796857, -0.11091724364753033, -0.12897742005257293, -0.09357604803116817, -0.07551408288501904, 0.1542407368133712, 0.13249872300164456, 0.08722897102231893, 0.17598691751535928, 0.35158373348012606, 1.1000859494465267, 0.9004274962010261, 0.5519563143536319, 4.9079512015298095, 1.1494006551637073, 9.91861439438901, 1.144547083125456, 0.720916590921991, 10.196379602939212, 9.863014340865933]}