{"x": 121.78128269002134, "y": -3.296999125673385, "yaw": -3.148885610709423, "speed": 10.391228576020696, "goal_x": 110.51021575927734, "goal_y": -3.329820156097412, "pro": [0.0, 0.0, 0.0, 0.0, 0.0, 0.0, 0.0, 0.0, 0.0, 0.0, 0.0, 0.0, 0.0, 0.0, 0.0, 0.0, 0.0, 0.0, 0.0, 0.0, 0.4999999997226058, 0.4999999997226058, 0.0, 5.547883735554769e-10, 0.0], "value": [-0.21759853654469558, -0.21759853654469558, -0.21759853654469558, -0.21759853654469558, -0.21759853654469558, -0.07844119416167417, -0.06965911112412684, -0.05932511863700041, -0.08722320866711145, -0.10551620103603929, 0.18565110402521035, 0.20731181395451015, 0.17704515313242009, 0.16399142734384414, 0.11888002622877313, 1.1683733471005011, 4.247595625972563, 0.9513393611227337, 0.9782380669775734, 0.7385943309400156, 10.367737163606513, 10.435736423504402, 1.1789161062861093, 10.131352815151626, 0.9463349858568791]}