{"x": 107.75073842511627, "y": -3.273434972146025, "yaw": -3.138127614695491, "speed": 10.087986766615995, "goal_x": 100.5113296508789, "goal_y": -3.4791793823242188, "pro": [0.0, 0.0, 0.0, 0.0, 0.0, 0.0, 0.0, 0.0, 0.0, 0.0, 0.0, 0.0, 0.0, 0.0, 0.0, 0.0, 0.0, 0.0, 0.3333333333333333, 0.0, 0.3333333333333333, 1.4218599717625e-311, 0.0, 0.3333333333333333, 0.0], "value": [-0.2175366737591484, -0.2175366737591484, -0.2175366737591484, -0.2175366737591484, -0.2175366737591484, -0.07899629900801644, -0.08781373635735165, -0.10618020399866485, -0.07017872814752782, -0.058879529360938286, 0.1837832634480468, 0.161426848414497, 0.11487709069829488, 0.2061427764184242, 0.17675833941769303, 1.160044450108781, 0.9513785156993763, 0.697749600417171, 9.96362571458447, 0.9532045939806586, 9.687787618627711, 8.320831840291854, 0.7290496804158624, 9.804941797258367, 1.1204701297061914]}