{"x": 120.7429213018025, "y": -3.2961949738737104, "yaw": -3.1227851436555447, "speed": 10.376059503349467, "goal_x": 110.51021575927734, "goal_y": -3.329820156097412, "pro": [0.0, 0.0, 0.0, 0.0, 0.0, 0.0, 0.0, 0.0, 0.0, 0.0, 0.0, 0.0, 0.0, 0.0, 0.0, 0.0, 0.0, 0.0, 0.0, 0.0, 0.4999999997226058, 0.4999999997226058, 0.0, 5.547883735554769e-10, 0.0], "value": [-0.21131176757693054, -0.21131176757693054, -0.21131176757693054, -0.21131176757693054, -0.21131176757693054, -0.07026438088068054, -0.061477806825472416, -0.06751570397166617, -0.07905090434286177, -0.09735333030233248, 0.1958323388477211, 0.21188203146713802, 0.1665507030666875, 0.17407038709754802, 0.12874602861037598, 1.184533022631021, 3.4751809651914667, 0.9304276954304113, 1.1244000079814143, 0.7526717700137543, 10.37750178816195, 10.361151615079397, 1.1507696436310262, 10.16305913396043, 0.958344580775522]}