{"x": 106.74191863741976, "y": -3.3106121193251923, "yaw": -3.1213853861865988, "speed": 10.096757020911182, "goal_x": 93.6321029663086, "goal_y": -3.5819382667541504, "pro": [0.0, 0.0, 0.0, 0.0, 0.0, 0.0, 0.0, 0.0, 0.0, 0.0, 0.0, 0.0, 0.0, 0.0, 0.0, 0.0, 0.0, 0.0, 0.0, 0.0, 0.3333333333333333, 0.3333333333333333, 0.0, 0.3333333333333333, 0.0], "value": [-0.20036139171824807, -0.20036139171824807, -0.20036139171824807, -0.20036139171824807, -0.20036139171824807, -0.05581637359675509, -0.06453275636206424, -0.0826892740535903, -0.06359066490933324, -0.08174719217737103, 0.21415009485165487, 0.19276424685395604, 0.14821906904185683, 0.1939411847152605, 0.14939587610019534, 3.49910624688957, 1.16444016251973, 0.7733624288909667, 1.1664609074291257, 0.7909470335191093, 10.509059392210588, 10.3326773354023, 0.9991578646122419, 10.340827360809218, 1.12787055194507]}