{"x": 119.70509823743225, "y": -3.28552828597687, "yaw": -3.1352503354537693, "speed": 10.380902638781983, "goal_x": 110.51021575927734, "goal_y": -3.329820156097412, "pro": [0.0, 0.0, 0.0, 0.0, 0.0, 0.0, 0.0, 0.0, 0.0, 0.0, 0.0, 0.0, 0.0, 0.0, 0.0, 0.0, 0.0, 0.0, 0.0, 0.0, 0.9999999977808467, 1.1095767452642134e-09, 0.0, 1.1095767452642134e-09, 0.0], "value": [-0.20110058031724287, -0.20110058031724287, -0.20110058031724287, -0.20110058031724287, -0.20110058031724287, -0.056805735898183635, -0.06264146478813637, -0.08088160766079436, -0.06556227625251351, -0.08380237050796033, 0.21287291073002226, 0.1947939488406854, 0.14936702942710656, 0.19106272914269562, 0.14563667387052082, 5.713625176520141, 1.1651599521765494, 0.7682099130192875, 1.1581466842384933, 0.7784171557818405, 10.383957419804384, 10.254107443143148, 0.9778099033904369, 10.221778004229616, 0.9825835558927919]}