{"x": 105.73201747260528, "y": -3.336014777431086, "yaw": -3.150717412744662, "speed": 10.10514162917343, "goal_x": 93.6321029663086, "goal_y": -3.5819382667541504, "pro": [0.0, 0.0, 0.0, 0.0, 0.0, 0.0, 0.0, 0.0, 0.0, 0.0, 0.0, 0.0, 0.0, 0.0, 0.0, 0.0, 0.0, 0.0, 0.0, 0.0, 0.4999999997226058, 0.4999999997226058, 0.0, 5.547883735554769e-10, 0.0], "value": [-0.20346525438328542, -0.20346525438328542, -0.20346525438328542, -0.20346525438328542, -0.20346525438328542, -0.059877843531670305, -0.05957228863661143, -0.07781860568970408, -0.06863730892135156, -0.08688352253626594, 0.20905307354690278, 0.19887613619800149, 0.15399316682247005, 0.1875053151085449, 0.1426238302267136, 3.4902888606474387, 1.173899973534128, 0.7813021642127084, 1.1533394940940165, 0.7787139432382111, 10.47649405284259, 10.351494518909716, 1.1334430880356987, 10.332026981926749, 1.1094524468795743]}