{"x": 118.66684338959584, "y": -3.286672745286957, "yaw": -3.1388394776548694, "speed": 10.383924911380026, "goal_x": 110.51021575927734, "goal_y": -3.329820156097412, "pro": [0.0, 0.0, 0.0, 0.0, 0.0, 0.0, 0.0, 0.0, 0.0, 0.0, 0.0, 0.0, 0.0, 0.0, 0.0, 0.0, 0.0, 0.0, 0.0, 0.0, 0.3333333333333333, 0.3333333333333333, 0.0, 0.3333333333333333, 0.0], "value": [-0.20180768831486948, -0.20180768831486948, -0.20180768831486948, -0.20180768831486948, -0.20180768831486948, -0.057762453059414354, -0.06654286061712089, -0.0848326234391222, -0.06170862043349567, -0.0799984795158698, 0.2116169101374827, 0.1895744655111995, 0.14366681922063557, 0.19581756053524207, 0.14990798261402788, 6.4405948573284295, 1.1534112274288393, 0.7544724598979211, 1.1654583539401304, 0.782083343784186, 10.297248117429262, 10.039244203656406, 0.9470044017293159, 10.102039499980632, 0.9735467598310636]}