{"x": 104.72246287046323, "y": -3.328139409882991, "yaw": -3.128842769871039, "speed": 10.087237639017589, "goal_x": 93.6321029663086, "goal_y": -3.5819382667541504, "pro": [0.0, 0.0, 0.0, 0.0, 0.0, 0.0, 0.0, 0.0, 0.0, 0.0, 0.0, 0.0, 0.0, 0.0, 0.0, 0.0, 0.0, 0.0, 0.0, 0.0, 0.4999999997226059, 5.54788373555477e-10, 0.0, 0.4999999997226059, 0.0], "value": [-0.20743444080874937, -0.20743444080874937, -0.20743444080874937, -0.20743444080874937, -0.20743444080874937, -0.06510976727802534, -0.0738472762303054, -0.0920476866819274, -0.05637222901459341, -0.07251908530432244, 0.20242913946384683, 0.18086483869962383, 0.1359502950892419, 0.20548325561559488, 0.1605649149595233, 3.478376351292094, 1.1392737707541938, 0.750460066527721, 1.1843346915939457, 0.9333505357313258, 10.433705343048398, 10.256240656217384, 0.966996285957419, 10.36536154028874, 1.1433870044920245]}