{"x": 117.62847282114551, "y": -3.2888847217646906, "yaw": -3.1398916926015596, "speed": 10.383589117224146, "goal_x": 110.51021575927734, "goal_y": -3.329820156097412, "pro": [0.0, 0.0, 0.0, 0.0, 0.0, 0.0, 0.0, 0.0, 0.0, 0.0, 0.0, 0.0, 0.0, 0.0, 0.0, 1.256520751917555e-216, 0.0, 0.0, 0.0, 0.0, 0.49999999992877675, 1.4244660339932433e-10, 0.0, 0.49999999992877675, 0.0], "value": [-0.20284072517758017, -0.20284072517758017, -0.20284072517758017, -0.20284072517758017, -0.20284072517758017, -0.059181645292076424, -0.06801241228295896, -0.0864069960509517, -0.060339798624174684, -0.07873457209849094, 0.20970623396729998, 0.18727524071923413, 0.1405624920216763, 0.19733938550947466, 0.15062214109751731, 10.935252265018212, 1.1456982613313147, 0.7420735435228951, 1.1658371784185082, 0.7774148265007812, 9.667362880717482, 9.368172032324185, 0.7753045747887652, 9.492101201757855, 0.9311733787118203]}