{"x": 103.71443968447826, "y": -3.2843104148933815, "yaw": 3.16338122022172, "speed": 10.088767415608734, "goal_x": 93.6321029663086, "goal_y": -3.5819382667541504, "pro": [0.0, 0.0, 0.0, 0.0, 0.0, 0.0, 0.0, 0.0, 0.0, 0.0, 0.0, 0.0, 0.0, 0.0, 0.0, 0.0, 0.0, 0.0, 0.0, 0.0, 1.1095767452642134e-09, 0.0, 0.0, 0.9999999977808467, 1.1095767452642134e-09], "value": [-0.23002766486912324, -0.23002766486912324, -0.23002766486912324, -0.23002766486912324, -0.23002766486912324, -0.09497912510075757, -0.10363120158108574, -0.12165330795446458, -0.08632691573981657, -0.06830367939863952, 0.1644634533812701, 0.14302184001262902, 0.0983690320337556, 0.1859072460211314, 0.1988985852183663, 1.1252470279237634, 0.9259727847189758, 0.576270769094917, 1.1846980325955305, 1.132863818789561, 10.237023293245073, 5.531147400499659, 0.7742781436495155, 10.414455524563726, 10.029090738075517]}