{"x": 116.59024906791286, "y": -3.290697766524081, "yaw": -3.1064790623018395, "speed": 10.380926783051535, "goal_x": 105.5107650756836, "goal_y": -3.4044995307922363, "pro": [0.0, 0.0, 0.0, 0.0, 0.0, 0.0, 0.0, 0.0, 0.0, 0.0, 0.0, 0.0, 0.0, 0.0, 0.0, 0.0, 0.0, 0.0, 0.0, 0.0, 0.4999999997226059, 5.54788373555477e-10, 0.0, 0.4999999997226059, 0.0], "value": [-0.2065198861522067, -0.2065198861522067, -0.2065198861522067, -0.2065198861522067, -0.2065198861522067, -0.06390909287972601, -0.07258592816303866, -0.09065996743402546, -0.05545842240923132, -0.07353267761095611, 0.20394196847337948, 0.18252632697548887, 0.13792119455015017, 0.20411914530860098, 0.15951072052421433, 3.4815416951487443, 1.1427652528297831, 0.7540798835153834, 1.1822871059022808, 0.9317533903163682, 10.441980961863075, 10.271079445145405, 0.971636529636385, 10.360721443004032, 1.141960441978662]}