{"x": 102.70709569493212, "y": -3.2909922196117085, "yaw": 3.167888483153277, "speed": 10.065387848968905, "goal_x": 93.6321029663086, "goal_y": -3.5819382667541504, "pro": [0.0, 0.0, 0.0, 0.0, 0.0, 0.0, 0.0, 0.0, 0.0, 0.0, 0.0, 0.0, 0.0, 0.0, 0.0, 0.0, 0.0, 0.0, 0.0, 0.0, 1.1095767464953737e-09, 0.0, 0.0, 0.9999999988904233, 7.97586706221441e-19], "value": [-0.22832253448571754, -0.22832253448571754, -0.22832253448571754, -0.22832253448571754, -0.22832253448571754, -0.09295589797243003, -0.10164462266556848, -0.11974299977379446, -0.08426702575890596, -0.06616739421363493, 0.1666428496733392, 0.1449887209029732, 0.09989590825235876, 0.18829963319552995, 0.19606216291515532, 1.1281221985821142, 0.9270778036363105, 0.574954519090773, 6.4202406991434655, 1.1253085245502907, 10.171942274432553, 1.1855274109882243, 0.7633513132133175, 10.359418665535728, 9.961656282338295]}