{"x": 115.55276912350466, "y": -3.300747111156031, "yaw": -3.102957355014715, "speed": 10.364363842216, "goal_x": 105.5107650756836, "goal_y": -3.4044995307922363, "pro": [0.0, 0.0, 0.0, 0.0, 0.0, 0.0, 0.0, 0.0, 0.0, 0.0, 0.0, 0.0, 0.0, 0.0, 0.0, 0.0, 0.0, 0.0, 0.0, 0.0, 0.4999999997226059, 5.54788373555477e-10, 0.0, 0.4999999997226059, 0.0], "value": [-0.20397323145969262, -0.20397323145969262, -0.20397323145969262, -0.20397323145969262, -0.20397323145969262, -0.060590964703921224, -0.069304689301981, -0.08745557657877201, -0.05881343246786642, -0.07696447246004931, 0.20808225277208034, 0.18648068040015076, 0.14148878692482703, 0.19979302188118392, 0.154798615766221, 3.4858397851730447, 1.149742713935034, 0.7575626445099003, 1.1744214678844402, 0.9210215228709067, 10.418602280042496, 10.250899398199316, 0.970949619939337, 10.292808975587944, 1.1246103096036824]}