{"x": 101.70181669252878, "y": -3.3493207784516112, "yaw": -3.121859961492851, "speed": 10.064530762161372, "goal_x": 93.6321029663086, "goal_y": -3.5819382667541504, "pro": [0.0, 0.0, 0.0, 0.0, 0.0, 0.0, 0.0, 0.0, 0.0, 0.0, 0.0, 0.0, 0.0, 0.0, 0.0, 0.0, 0.0, 0.0, 0.0, 0.0, 0.49999999982029486, 3.594103375246363e-10, 0.0, 0.49999999982029486, 0.0], "value": [-0.20646718159763625, -0.20646718159763625, -0.20646718159763625, -0.20646718159763625, -0.20646718159763625, -0.0639989107089515, -0.0728449435813848, -0.09127130225306465, -0.05553781854452547, -0.07396453236936598, 0.20355098099995117, 0.18132702678836987, 0.1350436262391927, 0.20370135814963203, 0.15741074964117518, 6.41833540147264, 1.1355464162094453, 0.7387375299844798, 1.1787259289733982, 0.9192454518806795, 10.238016722083907, 10.010272118595811, 0.9247404241973673, 10.137384916615748, 0.9871575905235276]}