{"x": 114.51930960789426, "y": -3.3635691707144115, "yaw": -3.146535122596638, "speed": 10.34088610691667, "goal_x": 105.5107650756836, "goal_y": -3.4044995307922363, "pro": [0.0, 0.0, 0.0, 0.0, 0.0, 0.0, 0.0, 0.0, 0.0, 0.0, 0.0, 0.0, 0.0, 0.0, 0.0, 0.0, 0.0, 0.0, 0.0, 0.0, 1.1095767464953737e-09, 0.9999999988904233, 0.0, 7.97586706221441e-19, 0.0], "value": [-0.217768518537663, -0.217768518537663, -0.217768518537663, -0.217768518537663, -0.217768518537663, -0.07895232981434414, -0.0701017029534386, -0.05902535332259359, -0.08780285947825167, -0.10623843463392804, 0.18452973657494748, 0.2066009647178198, 0.17690079798010666, 0.1624602720782649, 0.11649986053698402, 1.1644651764982794, 5.707916910346567, 0.9466683187394473, 0.9720006966035035, 0.7282098275085136, 10.29781200216124, 10.325356850555194, 1.1627084526417804, 10.003472600619254, 0.9181405027094933]}