{"x": 100.94718976650054, "y": -3.419185935735001, "yaw": -3.11889510696216, "speed": 10.075731813844751, "goal_x": 93.6321029663086, "goal_y": -3.5819382667541504, "pro": [0.0, 0.0, 0.0, 0.0, 0.0, 0.0, 0.0, 0.0, 0.0, 0.0, 0.0, 0.0, 0.0, 0.0, 0.0, 0.0, 0.9999999990858788, 0.0, 0.0, 0.0, 4.5706055797591353e-10, 4.5706055797591353e-10, 0.0, 6.952655913905149e-275, 0.0], "value": [-0.21912149796563538, -0.21912149796563538, -0.21912149796563538, -0.21912149796563538, -0.21912149796563538, -0.0811828271784032, -0.07213987900817265, -0.05738790611714856, -0.09022561607018365, -0.10906139225327513, 0.18081485070691128, 0.20380141409714284, 0.177792741423482, 0.15783210647786294, 0.10998149436512519, 1.153550889771334, 9.796858855027573, 0.9393695940614847, 0.956072198196718, 0.7034678355659018, 9.366082094936068, 9.43409408109619, 1.1085819688168614, 9.463648999486699, 0.719883524373386]}