{"x": 164.77846332714148, "y": -2.5189616407163644, "yaw": -3.1272451395331, "speed": 0.008163121919142898, "goal_x": 159.50474548339844, "goal_y": -2.5979599952697754, "pro": [0.0, 0.0, 0.0, 0.0, 0.0, 0.0, 0.0, 0.0, 0.0, 0.0, 1.0, 0.0, 0.0, 0.0, 0.0, 4.958158723890761e-49, 4.958158723890761e-49, 0.0, 4.958158723890761e-49, 1.4335473948141159e-182, 0.0, 0.0, 0.0, 0.0, 0.0], "value": [-0.25057635965056335, -0.25057635965056335, -0.25057635965056335, -0.25057635965056335, -0.25057635965056335, -0.1061131685928291, -0.11693344271430875, -0.08411684762944807, -0.11539776789880529, -0.08282221575883433, 6.617318678844004, 0.8815026144611652, 0.5137929177217672, 0.8844822577670332, 0.5365090356962332, 5.715898226229555, 5.670823563934376, 0.8950151485917357, 5.668901765217535, 5.770538997264813, 0.039442441858617734, 0.0317096855094527, 0.01049462165832904, 0.032044107279974615, 0.01101437275955236]}