{"x": 113.48762480245216, "y": -3.4032670588082135, "yaw": -3.1395322662883487, "speed": 10.309783353454675, "goal_x": 105.5107650756836, "goal_y": -3.4044995307922363, "pro": [0.0, 0.0, 0.0, 0.0, 0.0, 0.0, 0.0, 0.0, 0.0, 0.0, 0.0, 0.0, 0.0, 0.0, 0.0, 0.0, 1.1095767452642134e-09, 0.0, 0.0, 0.0, 1.1095767452642134e-09, 0.9999999977808467, 0.0, 0.0, 0.0], "value": [-0.22578688692404447, -0.22578688692404447, -0.22578688692404447, -0.22578688692404447, -0.22578688692404447, -0.08987828390743788, -0.08092986662821289, -0.062289555251190364, -0.098826527669097, -0.1174653635965053, 0.1700396594109052, 0.19254099162110544, 0.19006125898306564, 0.14754190026938768, 0.10069731847508083, 1.1328569996787503, 10.105961757996656, 0.9682037957324042, 0.9403761014079103, 0.5733607632939016, 9.996488472883602, 10.186993047065506, 6.194768434908525, 1.1740616519546896, 0.7516262312869876]}