{"x": 99.94722597049908, "y": -3.4508677504055725, "yaw": -3.0958555250287723, "speed": 9.8860908528875, "goal_x": 93.6321029663086, "goal_y": -3.5819382667541504, "pro": [0.0, 0.0, 0.0, 0.0, 0.0, 0.0, 0.0, 0.0, 0.0, 0.0, 0.0, 0.0, 0.0, 0.0, 0.0, 0.33333333333123494, 0.33333333333123494, 0.0, 0.0, 0.0, 6.2952553898540116e-12, 0.33333333333123494, 0.0, 0.0, 0.0], "value": [-0.21786679393226016, -0.21786679393226016, -0.21786679393226016, -0.21786679393226016, -0.21786679393226016, -0.07980412743856705, -0.07068035982230839, -0.05901581681597035, -0.08892769969841638, -0.10793156070763421, 0.31995815697506846, 0.4925323685814891, 0.31145016928637526, 0.15823042662279563, 0.10905403681107778, 7.880805287156717, 7.976779730708589, 1.0595163413181639, 1.0717723555972272, 0.685392491111042, 7.705892752667058, 7.841309603904478, 0.6491060355330557, 0.8408979546611715, 0.3320533757864022]}