{"x": 112.45702997258678, "y": -3.3797715482752007, "yaw": -3.1627146231445042, "speed": 10.30248306930153, "goal_x": 105.5107650756836, "goal_y": -3.4044995307922363, "pro": [0.0, 0.0, 0.0, 0.0, 0.0, 0.0, 0.0, 0.0, 0.0, 0.0, 0.0, 0.0, 0.0, 0.0, 0.0, 2.2746989815969376e-78, 0.0, 0.0, 0.0, 0.0, 0.3333333333333333, 0.3333333333333333, 0.0, 0.3333333333333333, 0.0], "value": [-0.20650148389350148, -0.20650148389350148, -0.20650148389350148, -0.20650148389350148, -0.20650148389350148, -0.06414240904107296, -0.05545417709222108, -0.07400556237073513, -0.07304828652396203, -0.09159921233802229, 0.20316126429146977, 0.20363619243003794, 0.1564004996584178, 0.18048290644739678, 0.13325847442927885, 10.169470494287157, 1.176444469364587, 0.7683900487826529, 1.129865939459048, 0.7445344837638619, 8.949929687372638, 8.805591052191017, 0.9170316243722846, 8.76307563649378, 0.761353299938261]}