{"x": 98.97996972127625, "y": -3.448215769424919, "yaw": -3.11664442681404, "speed": 9.503770404386069, "goal_x": 93.6321029663086, "goal_y": -3.5819382667541504, "pro": [0.0, 0.0, 0.0, 0.0, 0.0, 0.0, 0.0, 0.0, 0.0, 0.0, 0.0, 0.0, 0.0, 0.0, 0.0, 0.9999999999797864, 1.0106847169063067e-11, 1.443123194557316e-280, 1.0106847169063067e-11, 1.3859026944350784e-34, 0.0, 0.0, 0.0, 0.0, 0.0], "value": [-0.20003605932240814, -0.20003605932240814, -0.20003605932240814, -0.20003605932240814, -0.20003605932240814, -0.10540496972655417, -0.064525917281926, -0.08354440848229047, -0.0644254332036713, -0.08344392897302086, 0.9185432831541818, 0.7415958087881006, 0.39563203530810764, 0.7517584439934273, 0.40057198879721023, 7.111210381106303, 6.950271759648102, 5.580771687687637, 6.95241349261689, 6.506472315856309, 0.03960362220505079, 0.04353034974928749, 0.03896403030243556, 0.04352165348608608, 0.038988925958571424]}