{"x": 111.42773397512413, "y": -3.3186002448768335, "yaw": 3.154734467633985, "speed": 10.307979568593653, "goal_x": 100.5113296508789, "goal_y": -3.4791793823242188, "pro": [0.0, 0.0, 0.0, 0.0, 0.0, 0.0, 0.0, 0.0, 0.0, 0.0, 0.0, 0.0, 0.0, 0.0, 0.0, 0.0, 0.0, 0.0, 0.0, 0.0, 0.5, 0.0, 0.0, 0.5, 3.987933535532123e-19], "value": [-0.22564132433225217, -0.22564132433225217, -0.22564132433225217, -0.22564132433225217, -0.22564132433225217, -0.0890494037899599, -0.09765066209540807, -0.1155670319847957, -0.08044804532680622, -0.06253082372249422, 0.17220879389359356, 0.1509681727882447, 0.10673132714205726, 0.1934509598053899, 0.19177621837812292, 0.999483108107296, 0.9422673650223676, 0.5907612239728217, 1.1975660728502102, 0.9911780344398486, 10.27782598672262, 7.07497883757623, 0.7969056517885044, 10.47093407160555, 10.082862080253092]}