{"x": 98.30228231109915, "y": -3.4555106475305437, "yaw": -3.124345489738222, "speed": 9.096402439865164, "goal_x": 93.6321029663086, "goal_y": -3.5819382667541504, "pro": [0.0, 0.0, 0.0, 0.0, 0.0, 0.0, 0.0, 0.0, 0.0, 0.0, 0.25, 0.25, 2.333159053120476e-302, 0.25, 0.25, 0.0, 0.0, 0.0, 0.0, 0.0, 0.0, 0.0, 0.0, 0.0, 0.0], "value": [-0.2588683734989582, -0.2588683734989582, -0.2588683734989582, -0.2588683734989582, -0.2588683734989582, -0.11734487646814148, -0.12829299530179514, -0.15109726622889802, -0.10639659823389383, -0.12709968237009334, 5.080338677124619, 5.033231841972374, 3.041192225615905, 5.085125960190673, 5.0088728042701005, -0.027812901497664202, 0.7244556034335773, 0.38903548669069743, 0.5629608458820397, 0.5620080572722239, 0.7285548398727734, 0.3912710824420616, 0.07948749042196158, 0.7095898076134977, 0.099874409663045]}