{"x": 110.64915753664127, "y": -3.250226490465287, "yaw": 3.167977718158673, "speed": 10.306188802253558, "goal_x": 100.5113296508789, "goal_y": -3.4791793823242188, "pro": [0.0, 0.0, 0.0, 0.0, 0.0, 0.0, 0.0, 0.0, 0.0, 0.0, 0.0, 0.0, 0.0, 0.0, 0.0, 0.0, 0.0, 0.0, 0.0, 0.4999999997226059, 0.0, 0.0, 0.0, 5.54788373555477e-10, 0.4999999997226059], "value": [-0.2538434439253676, -0.2538434439253676, -0.2538434439253676, -0.2538434439253676, -0.2538434439253676, -0.12648838713215194, -0.1349833007267879, -0.15267770293909555, -0.11799323756614474, -0.10029682873184154, 0.12437420754684914, 0.10330656460652127, 0.059438241074358855, 0.14544577346828164, 0.18934740707158493, 0.7803728955561513, 0.7290158407637225, 0.5193603902297161, 0.9668618965163003, 10.279625764623207, 8.733129644303464, 0.9758178308005333, 0.7040846275811687, 10.231563203081455, 10.302402570143556]}