{"x": 97.41556161082484, "y": -3.4698604326476192, "yaw": -3.1094890098498134, "speed": 8.672530284377803, "goal_x": 93.6321029663086, "goal_y": -3.5819382667541504, "pro": [0.0, 0.0, 0.0, 0.0, 0.0, 0.0, 0.0, 0.0, 0.0, 0.0, 0.25, 0.25, 1.7607348698199726e-28, 0.25, 0.25, 0.0, 0.0, 0.0, 0.0, 0.0, 0.0, 0.0, 0.0, 0.0, 0.0], "value": [-0.2628029195716831, -0.2628029195716831, -0.2628029195716831, -0.2628029195716831, -0.2628029195716831, -0.12326944942130497, -0.1344637421630493, -0.1577795593803593, -0.11207475366631557, -0.12193514345393387, 4.6718333929571205, 4.519794513713823, 4.291171387346941, 4.723701596711522, 4.475410374795793, -0.12754369525795645, -0.13465456029754422, -0.15213578757845053, -0.1260441121942609, -0.1413603421108649, 0.5944100850832849, 0.6162225295646946, 0.040184541277709235, 0.5948670396913944, 0.3077275334646587]}