{"x": 109.38194364333714, "y": -3.25924508731853, "yaw": 3.150051440655207, "speed": 10.006428553865613, "goal_x": 100.5113296508789, "goal_y": -3.4791793823242188, "pro": [0.0, 0.0, 0.0, 0.0, 0.0, 0.0, 0.0, 0.0, 0.0, 0.0, 0.0, 0.0, 0.0, 0.0, 0.0, 0.0, 0.0, 0.0, 0.0, 0.0, 1.1095767452642134e-09, 0.0, 0.0, 0.9999999977808467, 1.1095767452642134e-09], "value": [-0.23561237695875875, -0.23561237695875875, -0.23561237695875875, -0.23561237695875875, -0.23561237695875875, -0.10270287131090011, -0.11130903876663503, -0.12923531416950923, -0.09409651557145945, -0.07616863910123317, 0.15406121490384028, 0.13258457126384482, 0.08786416683279424, 0.1755413198848258, 0.3527856170045325, 1.101449428125414, 0.9032514535793641, 0.5565776745145009, 4.9130612373634035, 1.1529549316245369, 10.04165675859064, 1.1549641098392103, 0.7382216206063545, 10.291084413561544, 10.003643557686937]}