{"x": 97.0787582397461, "y": -3.479496717453003, "yaw": -3.1240954189118635, "speed": 8.104796480565458, "goal_x": 93.6321029663086, "goal_y": -3.5819382667541504, "pro": [0.07692307692307693, 0.07692307692307693, 0.07692307692307693, 8.764039814340996e-116, 0.0, 0.07692307692307693, 0.07692307692307693, 0.07692307692307693, 0.07692307692307693, 0.07692307692307693, 1.3303024433918632e-36, 1.3303024433918632e-36, 1.3303024433918632e-36, 0.0, 1.3303024433918632e-36, 0.07692307692307693, 1.3303024433918632e-36, 1.3303024433918632e-36, 0.07692307692307693, 1.3303024433918632e-36, 0.07692307692307693, 0.07692307692307693, 1.3303024433918632e-36, 0.07692307692307693, 1.3303024433918632e-36], "value": [0.3923304111177953, 0.3923304111177953, 0.3923304111177953, 0.23426000621219453, -0.31465924272715434, 0.31805479979188467, 0.3283380467333322, 0.33024728583169105, 0.30359414444584343, 0.264452315524101, 0.2384137859757811, 0.28048365139152276, 0.24025501062431165, -0.3857183828017574, 0.27909646446537495, 0.2383685928522019, 0.3183367976152005, 0.16592379322227602, 0.23124447892557876, 0.25553491214796453, 0.3741061799635437, 0.26689808668812753, 0.13595570874660112, 0.36241703901819433, 0.2626342842507207]}