{"x": 108.39833903627158, "y": -3.352849862480156, "yaw": -3.1491595373643113, "speed": 9.76217141872621, "goal_x": 100.5113296508789, "goal_y": -3.4791793823242188, "pro": [0.0, 0.0, 0.0, 0.0, 0.0, 0.0, 0.0, 0.0, 0.0, 0.0, 0.0, 0.0, 0.0, 0.0, 0.0, 0.0, 0.0, 0.0, 0.0, 0.0, 0.49999999982029486, 0.49999999982029486, 0.0, 3.594103375246363e-10, 0.0], "value": [-0.20745868861663172, -0.20745868861663172, -0.20745868861663172, -0.20745868861663172, -0.20745868861663172, -0.06534169891869132, -0.05646147866789722, -0.0727270352928609, -0.07422186884569029, -0.09271930027933356, 0.2017835751173315, 0.2053426946816727, 0.15878938059995412, 0.1794337530485915, 0.13288935530824286, 7.12975216818238, 1.1812132324527067, 0.778627459690704, 1.1309494143382302, 0.7508917417532521, 10.17147447190113, 10.087429617165196, 0.9717725460412483, 9.921267857004601, 0.9266854919667726]}