{"x": 95.55178629806055, "y": -3.5360350945753107, "yaw": -3.135788843492265, "speed": 7.507834896080937, "goal_x": 88.63265991210938, "goal_y": -3.656618118286133, "pro": [0.0, 0.0, 0.0, 0.0, 0.0, 0.0, 0.0, 0.0, 0.0, 0.0, 0.0, 0.0, 0.0, 0.0, 0.0, 0.0, 0.9999999998792561, 0.0, 0.0, 0.0, 6.037189642419354e-11, 6.037189642419354e-11, 0.0, 3.945948810236506e-43, 0.0], "value": [-0.21015069976352352, -0.21015069976352352, -0.21015069976352352, -0.21015069976352352, -0.21015069976352352, -0.06912579336086894, -0.0601301601128052, -0.06929883098476033, -0.078121334613832, -0.09685888888176877, 0.19649813523791754, 0.20996720085286885, 0.16203810643633865, 0.1734887274379519, 0.12557996275988198, 1.1811947733721224, 8.690366114720861, 0.775474103312832, 1.1125934453279145, 0.7271573144226812, 8.349683579737242, 8.323526816519275, 0.7765950121677152, 8.342396293510278, 0.7112558256861382]}