{"x": 107.43140889266593, "y": -3.4441600436116486, "yaw": -3.0811151947112925, "speed": 9.675414152118568, "goal_x": 100.5113296508789, "goal_y": -3.4791793823242188, "pro": [0.0, 0.0, 0.0, 0.0, 0.0, 0.0, 0.0, 0.0, 0.0, 0.0, 0.0, 0.0, 0.0, 0.0, 0.0, 0.0, 0.0, 2.2746989815969376e-78, 0.0, 0.0, 0.3333333333333333, 0.3333333333333333, 0.3333333333333333, 0.0, 0.0], "value": [-0.2387378865301205, -0.2387378865301205, -0.2387378865301205, -0.2387378865301205, -0.2387378865301205, -0.10777515396509377, -0.09866300149211094, -0.07968115247831306, -0.11688696781075941, -0.1358659375389063, 0.14571292441681216, 0.16892073260949453, 0.35635599521289707, 0.12251344853091378, 0.07422660618746246, 1.0753670192696363, 1.1498257876903235, 10.013741515016724, 0.8842837845989517, 0.5214811531807608, 8.602371153004338, 8.782530331266893, 8.63021539235107, 0.9448112432908295, 0.5232828071373108]}