{"x": 94.81768092638062, "y": -3.532642256289143, "yaw": -3.1208857771661003, "speed": 7.291163964858724, "goal_x": 88.63265991210938, "goal_y": -3.656618118286133, "pro": [0.0, 0.0, 0.0, 0.0, 0.0, 0.0, 0.0, 0.0, 0.0, 0.0, 0.0, 0.0, 0.0, 0.0, 0.0, 0.3333333333333333, 0.3333333333333333, 4.33862892137384e-193, 0.3333333333333333, 0.0, 0.0, 0.0, 0.0, 0.0, 0.0], "value": [-0.2004744952308889, -0.2004744952308889, -0.2004744952308889, -0.2004744952308889, -0.2004744952308889, -0.0559962149728922, -0.06371132064817925, -0.0824935825573648, -0.06501309071703465, -0.08379530788462061, 0.7810399764580207, 0.6034403254505573, 0.4019366580811057, 0.7523914158561538, 0.40397650545942054, 7.850981771845097, 7.744789601300184, 8.329948690835801, 7.732802958069674, 0.9806050509070521, 0.051794751994651334, 0.7887264719168832, 0.5543530494280424, 0.9298783601377533, 0.5707568222654449]}