{"x": 106.46168919300536, "y": -3.5046322888592836, "yaw": -3.182154069837302, "speed": 9.759969967351056, "goal_x": 93.6321029663086, "goal_y": -3.5819382667541504, "pro": [0.0, 0.0, 0.0, 0.0, 0.0, 0.0, 0.0, 0.0, 0.0, 0.0, 0.0, 0.0, 0.0, 0.0, 0.0, 0.0, 0.0, 0.0, 0.0, 0.0, 5.54788373555477e-10, 0.4999999997226059, 0.4999999997226059, 0.0, 0.0], "value": [-0.24529179221933087, -0.24529179221933087, -0.24529179221933087, -0.24529179221933087, -0.24529179221933087, -0.1144328036268534, -0.10549037879003784, -0.08686252095261005, -0.12337507566046546, -0.14200163409106298, 0.14084572218833669, 0.1627995948264307, 0.20853453532002533, 0.11889396266715081, 0.07317697087863216, 0.9562731950976847, 1.1453832856074542, 5.6630755692876775, 0.8979698176867276, 0.5480742342081026, 10.150000029279012, 10.379969945745236, 10.217802451092671, 1.1483077526981236, 0.7616149394588438]}