{"x": 94.12344289102379, "y": -3.526729683083788, "yaw": -3.1072772295832554, "speed": 6.557008972021315, "goal_x": 88.63265991210938, "goal_y": -3.656618118286133, "pro": [0.0, 0.0, 0.0, 0.0, 0.0, 0.0, 0.0, 0.0, 0.0, 0.0, 0.0, 0.0, 0.0, 0.0, 0.0, 0.49999999999527855, 9.442883084751296e-12, 0.0, 0.49999999999527855, 9.54377761748413e-23, 0.0, 0.0, 0.0, 0.0, 0.0], "value": [-0.21037251698099454, -0.21037251698099454, -0.21037251698099454, -0.21037251698099454, -0.21037251698099454, -0.06975381672573608, -0.07878577787188604, -0.09759889868036473, -0.11172967603186973, -0.12130264203153968, 0.8914898395672665, 0.7064668481395595, 0.3696025025771512, 0.9141450566836928, 0.7026322885783687, 7.283758766239276, 7.058426190476175, 0.9018204118608819, 7.306508238588576, 6.894442454897737, 0.045423545907002955, 0.05551096348527995, 0.053242066957873715, 0.046502182001243675, 0.05847645401377209]}