{"x": 105.48042691698681, "y": -3.524173284843006, "yaw": -3.091332145917273, "speed": 9.833526103315368, "goal_x": 93.6321029663086, "goal_y": -3.5819382667541504, "pro": [0.0, 0.0, 0.0, 0.0, 0.0, 0.0, 0.0, 0.0, 0.0, 0.0, 0.0, 0.0, 0.0, 0.0, 0.0, 0.0, 0.0, 0.0, 0.0, 0.0, 0.4999999997226058, 0.4999999997226058, 5.547883735554769e-10, 0.0, 0.0], "value": [-0.23348302134095353, -0.23348302134095353, -0.23348302134095353, -0.23348302134095353, -0.23348302134095353, -0.09918279748089673, -0.09028051056659717, -0.07173636124956798, -0.10808495948355906, -0.1266280465862072, 0.15968769742975758, 0.18160264985859237, 0.20222199552418438, 0.13777456316198788, 0.09213750702435428, 1.1176580480053355, 1.1787215336316736, 1.1393491018367643, 0.9309312666328714, 0.5738116613832491, 10.204696160526504, 10.440539846779812, 10.117153362234008, 4.121354453766768, 0.8965904967827348]}