{"x": 93.49791730559195, "y": -3.534947907230395, "yaw": -3.1325522869534104, "speed": 6.0812609160536235, "goal_x": 88.63265991210938, "goal_y": -3.656618118286133, "pro": [0.0, 0.0, 0.0, 0.0, 0.0, 0.0, 0.0, 0.0, 0.0, 0.0, 0.0, 0.0, 0.0, 0.3333333333333093, 0.0, 0.3333333333333093, 3.6132796985421056e-14, 0.0, 0.3333333333333093, 3.6132796985421056e-14, 0.0, 0.0, 0.0, 0.0, 0.0], "value": [-0.2638310152760996, -0.2638310152760996, -0.2638310152760996, -0.21106481222087964, -0.21106481222087964, -0.12383864608805088, -0.13464731296305457, -0.09904925348427501, -0.11302978113619891, -0.12017634927224122, 0.8865682115204665, 0.6991892615447429, 0.3609184439286153, 5.632488753229738, 0.7010953313552355, 5.475913992999136, 5.472132932069496, 0.6792277409132338, 5.501588284104951, 5.380013701810798, 0.03398500936297915, 0.02228092295658119, -0.006537433445885726, 0.03392178260785192, 0.00817647940787436]}