{"x": 104.48778055976095, "y": -3.5014253419515136, "yaw": -3.1563768569320327, "speed": 9.996567625115235, "goal_x": 93.6321029663086, "goal_y": -3.5819382667541504, "pro": [0.0, 0.0, 0.0, 0.0, 0.0, 0.0, 0.0, 0.0, 0.0, 0.0, 0.0, 0.0, 0.0, 0.0, 0.0, 0.0, 0.0, 0.0, 0.0, 0.0, 0.4999999997226058, 0.4999999997226058, 0.0, 5.547883735554769e-10, 0.0], "value": [-0.20869415380641915, -0.20869415380641915, -0.20869415380641915, -0.20869415380641915, -0.20869415380641915, -0.06677666539290897, -0.058006461403279246, -0.07095291253022556, -0.07554683377772609, -0.09381525032426474, 0.2003084750051855, 0.20750384046651754, 0.162376891002258, 0.17864419934444964, 0.13352193589841577, 3.47378202124519, 1.1874487553042554, 0.9239507088601764, 1.1344720167064213, 0.7619164376463203, 10.4174726455194, 10.365332637232601, 1.1455885964477073, 10.228966041990423, 0.9725333402050942]}