{"x": 93.14970149206984, "y": -3.5616737939334726, "yaw": -3.1374577876896157, "speed": 5.946584045650912, "goal_x": 88.63265991210938, "goal_y": -3.656618118286133, "pro": [0.0, 0.0, 0.0, 0.0, 0.0, 0.0, 0.0, 0.0, 0.0, 0.0, 0.49999999999991873, 0.49999999999991873, 5.4199195478126694e-14, 5.4199195478126694e-14, 5.4199195478126694e-14, 0.0, 0.0, 0.0, 0.0, 0.0, 2.344397675312923e-27, 0.0, 0.0, 0.0, 0.0], "value": [-20.050026284444588, -20.050026284444588, -20.050026284444588, -20.050026284444588, -20.050026284444588, -0.10552399980285002, -0.1161644468077302, -0.139072651665725, -0.11652178922473026, -0.13942997219244332, 5.017241854086231, 4.97717579311648, 4.918811128202936, 5.036989256344324, 4.917255716850244, -0.12296497280339377, -0.06182901948098173, 0.1039285573343825, -0.06122144041215643, 0.10384805767336466, 4.775670703934525, 0.40583140982280164, 0.08377319406185899, 0.5580699034810663, 0.0834524551224173]}