{"x": 164.73470109718772, "y": -2.519600435287602, "yaw": -3.1272483353264087, "speed": 0.721000358364846, "goal_x": 159.50474548339844, "goal_y": -2.5979599952697754, "pro": [0.0, 0.0, 0.0, 0.0, 0.0, 0.0, 0.0, 0.0, 0.0, 0.0, 1.0, 0.0, 0.0, 0.0, 0.0, 1.5011229855931688e-25, 1.5011229855931688e-25, 0.0, 1.5011229855931688e-25, 4.3401816382433473e-159, 0.0, 0.0, 0.0, 0.0, 0.0], "value": [-0.2505817814842198, -0.2505817814842198, -0.2505817814842198, -0.2505817814842198, -0.2505817814842198, -0.1061211582932346, -0.11694833535897042, -0.13950131393257859, -0.1153966813651822, -0.13794972776318865, 5.965003589807024, 0.8812747647474313, 0.5132720550545495, 0.8842959621210172, 0.5361030159362221, 5.65719306044855, 5.591240319985237, 0.8864966704244983, 5.590800263277994, 5.686685519237535, 0.03941695515504465, 0.030563312374392575, 0.007541281408423389, 0.03094605744983439, 0.008092953666090141]}