{"x": 164.75318120190752, "y": -2.5195609153991083, "yaw": -3.1011145101860835, "speed": 0.0, "goal_x": 159.50474548339844, "goal_y": -2.5979599952697754, "pro": [0.0, 0.0, 0.0, 0.0, 0.0, 0.0, 0.0, 0.0, 0.0, 0.0, 0.0, 0.0, 0.0, 0.0, 0.0, 0.3333333333331932, 0.3333333333331932, 4.2039297063435806e-13, 0.3333333333331932, 1.824581851993816e-171, 0.0, 0.0, 0.0, 0.0, 0.0], "value": [-0.20000044794784114, -0.20000044794784114, -0.20000044794784114, -0.20000044794784114, -0.20000044794784114, -0.10534606943219735, -0.11616207361947474, -0.08344545681298748, -0.11616355839294681, -0.0834467078153443, 0.9185441365862868, 0.7415128158729802, 0.3953246478653648, 0.883809596953657, 0.5366905899510337, 6.239537467908872, 6.4482611804597685, 6.183412402285836, 6.4482550821179805, 6.485494591113129, 0.039596470089328234, 0.039132327127263, 0.028828224881255055, 0.03913227600904585, 0.028827857169282822]}