{"x": 148.65117294602067, "y": -27.205914096239834, "yaw": 1.588188100293659, "speed": 3.7333633324379414e-05, "goal_x": 148.46588134765625, "goal_y": -16.551837921142578, "pro": [0.0, 0.0, 0.0, 0.0, 0.0, 0.0, 0.0, 0.0, 0.0, 0.0, 0.0, 0.0, 0.0, 0.0, 0.0, 0.0, 0.0, 0.0, 0.0, 0.0, 0.9999999977808467, 1.1095767452642134e-09, 0.0, 1.1095767452642134e-09, 0.0], "value": [-0.20000139759864768, -0.20000139759864768, -0.20000139759864768, -0.20000139759864768, -0.20000139759864768, -0.05534716666387629, -0.06403298774335295, -0.08213348262942624, -0.06403666648239664, -0.08213716131942211, 0.21473624680022219, 0.19325829958690022, 0.14851275646313283, 0.19325365035814096, 0.14850810800455533, 5.7249490294656065, 1.1641142408802063, 0.7706386879994181, 1.1641065673799291, 0.7866508536582755, 10.465049044079363, 10.334045517644986, 0.9897289720391518, 10.334009379143668, 1.0018566628183845]}