{"x": 148.64904083191882, "y": -27.20535864062115, "yaw": 1.5883823778951802, "speed": 0.026461834999455317, "goal_x": 148.46588134765625, "goal_y": -16.551837921142578, "pro": [0.0, 0.0, 0.0, 0.0, 0.0, 0.0, 0.0, 0.0, 0.0, 0.0, 0.0, 0.0, 0.0, 0.0, 0.0, 0.0, 0.0, 0.0, 0.0, 0.0, 0.9999999977808467, 1.1095767452642134e-09, 0.0, 1.1095767452642134e-09, 0.0], "value": [-0.20028914672674608, -0.20028914672674608, -0.20028914672674608, -0.20028914672674608, -0.20028914672674608, -0.055725870194725476, -0.0636543000694682, -0.08175483175799175, -0.06441538465107643, -0.08251590618825502, 0.2142576270547235, 0.19373682011647952, 0.1489910108824103, 0.19277495003062894, 0.1480293001558971, 5.724373404426899, 1.1649035629834725, 0.7714261559700151, 1.1631816675157065, 0.7858601188543354, 10.463435256858176, 10.337740984790132, 0.9906697421471928, 10.33026412267662, 1.0009070468342047]}