{"x": 148.6472692236853, "y": -27.13488966923891, "yaw": 1.5896353951880624, "speed": 0.8353550807231374, "goal_x": 148.46588134765625, "goal_y": -16.551837921142578, "pro": [0.0, 0.0, 0.0, 0.0, 0.0, 0.0, 0.0, 0.0, 0.0, 0.0, 0.0, 0.0, 0.0, 0.0, 0.0, 0.0, 0.0, 0.0, 0.0, 0.0, 0.9999999977808467, 1.1095767452642134e-09, 0.0, 1.1095767452642134e-09, 0.0], "value": [-0.20124353736065229, -0.20124353736065229, -0.20124353736065229, -0.20124353736065229, -0.20124353736065229, -0.05698249657634017, -0.06236402190969468, -0.08039446842775089, -0.06563835530515086, -0.0836687580908417, 0.21266856082835076, 0.1954027906761226, 0.15081698523512282, 0.19126285063060905, 0.1466777352232389, 5.722516519337721, 1.167715892383348, 0.7745373667175874, 1.16013209095248, 0.7836774263244719, 10.457710540095123, 10.349754787217812, 0.9943273246150407, 10.317449392224402, 0.9982372296851774]}