{"x": 148.64772586935447, "y": -27.047539712963246, "yaw": 1.5893770685623247, "speed": 0.9750570419004634, "goal_x": 148.46588134765625, "goal_y": -16.551837921142578, "pro": [0.0, 0.0, 0.0, 0.0, 0.0, 0.0, 0.0, 0.0, 0.0, 0.0, 0.0, 0.0, 0.0, 0.0, 0.0, 0.0, 0.0, 0.0, 0.0, 0.0, 0.9999999977808467, 1.1095767452642134e-09, 0.0, 1.1095767452642134e-09, 0.0], "value": [-0.20091803128184324, -0.20091803128184324, -0.20091803128184324, -0.20091803128184324, -0.20091803128184324, -0.056554477248502495, -0.06279453210641545, -0.0808301615788456, -0.06521282814453769, -0.08324842492880166, 0.21320890697396896, 0.19484835681535145, 0.15023333910015474, 0.1917890889315545, 0.14717459030643604, 5.722742795829362, 1.1667296798062237, 0.7733936656269317, 1.1611297570257468, 0.7843340792290152, 10.456534200688244, 10.341699144229567, 0.992578643844904, 10.3177098139288, 0.9986305308122707]}