{"x": 148.64678362656412, "y": -26.91651577688072, "yaw": 1.5890375155233398, "speed": 1.551281803696913, "goal_x": 148.46588134765625, "goal_y": -16.551837921142578, "pro": [0.0, 0.0, 0.0, 0.0, 0.0, 0.0, 0.0, 0.0, 0.0, 0.0, 0.0, 0.0, 0.0, 0.0, 0.0, 0.0, 0.0, 0.0, 0.0, 0.0, 0.9999999977808467, 1.1095767452642134e-09, 0.0, 1.1095767452642134e-09, 0.0], "value": [-0.2005758362512605, -0.2005758362512605, -0.2005758362512605, -0.2005758362512605, -0.2005758362512605, -0.05610427111019117, -0.06324910751025978, -0.08129383161762638, -0.06476699265855862, -0.0828116958689373, 0.21377764352983222, 0.19425654287901545, 0.14959363121077385, 0.19233472644420568, 0.1476721499077594, 5.722763843892421, 1.1656388896508856, 0.7720521462848984, 1.1621287081793108, 0.7849016271568672, 10.453699682498803, 10.331090116807143, 0.9903675199220225, 10.315904538512383, 0.9986893971052311]}