{"x": 164.71988777587646, "y": -2.519607918073193, "yaw": -3.152088692756881, "speed": 0.6423162161900852, "goal_x": 159.50474548339844, "goal_y": -2.5979599952697754, "pro": [0.0, 0.0, 0.0, 0.0, 0.0, 0.0, 0.0, 0.0, 0.0, 0.0, 0.0, 0.0, 0.0, 0.0, 0.0, 0.25, 0.25, 0.25, 0.25, 2.878746352978224e-126, 0.0, 0.0, 0.0, 0.0, 0.0], "value": [-0.20001792669518242, -0.20001792669518242, -0.20001792669518242, -0.20001792669518242, -0.20001792669518242, -0.10537505786502305, -0.11613931161314633, -0.08343950221273075, -0.11619877245920579, -0.08348960528131949, 0.9184502066614719, 0.7414373091366865, 0.5169608029508646, 0.8836112634710434, 0.5363444000774324, 6.155760538314246, 6.169086312055551, 5.969838147317149, 6.170028537516178, 6.629885290575467, 0.03959540026872608, 0.037862692988069206, 0.025763729518813838, 0.03785876566547109, 0.025748185642358035]}