{"x": 148.64436425511775, "y": -26.738484775586457, "yaw": 1.5888781253320985, "speed": 1.993594211701319, "goal_x": 148.46588134765625, "goal_y": -16.551837921142578, "pro": [0.0, 0.0, 0.0, 0.0, 0.0, 0.0, 0.0, 0.0, 0.0, 0.0, 0.0, 0.0, 0.0, 0.0, 0.0, 0.0, 0.0, 0.0, 0.0, 0.0, 0.9999999977808467, 1.1095767452642134e-09, 0.0, 1.1095767452642134e-09, 0.0], "value": [-0.2004096547234155, -0.2004096547234155, -0.2004096547234155, -0.2004096547234155, -0.2004096547234155, -0.05588574782533958, -0.06347180311826511, -0.081525213072901, -0.06455264236064528, -0.0826060370591696, 0.21405351151877733, 0.19395291802899922, 0.14923237315219667, 0.19258282732163579, 0.14786253052761011, 5.722171080143525, 1.1649822081668355, 0.7710618615214586, 1.1624810887084998, 0.7848648801993462, 10.44775728582244, 10.32000188577412, 0.9883101054531573, 10.309055484293399, 0.9977525453394438]}