{"x": 164.61436724056497, "y": -2.5132900806417666, "yaw": -3.1557320463631187, "speed": 1.337864000107705, "goal_x": 159.50474548339844, "goal_y": -2.5979599952697754, "pro": [0.0, 0.0, 0.0, 0.0, 0.0, 0.0, 0.0, 0.0, 0.0, 0.0, 4.025434042386968e-40, 0.0, 0.0, 0.0, 0.0, 0.3333333333333047, 0.3333333333333047, 0.0, 0.3333333333333047, 8.585220171422093e-14, 0.0, 0.0, 0.0, 0.0, 0.0], "value": [-0.203634015390046, -0.203634015390046, -0.203634015390046, -0.203634015390046, -0.203634015390046, -0.11138556725628941, -0.12220562751976448, -0.08855360771749479, -0.11012520669492454, -0.07837166378120894, 7.287646188035553, 0.7279152890738485, 0.504437472929725, 0.894959408185435, 0.5473142822479413, 5.842911645546636, 5.83044921125628, 0.8919766445516696, 5.799661608690134, 5.73546676530641, 0.038789796806642816, 0.033361107100019355, 0.015125217961050597, 0.03523815149168874, 0.018800582335971427]}