{"x": 148.6408002313432, "y": -26.50521235348278, "yaw": 1.5886731950862172, "speed": 2.5820119745291152, "goal_x": 148.46588134765625, "goal_y": -16.551837921142578, "pro": [0.0, 0.0, 0.0, 0.0, 0.0, 0.0, 0.0, 0.0, 0.0, 0.0, 0.0, 0.0, 0.0, 0.0, 0.0, 0.0, 0.0, 0.0, 0.0, 0.0, 0.9999999977808467, 1.1095767452642134e-09, 0.0, 1.1095767452642134e-09, 0.0], "value": [-0.20022161768186914, -0.20022161768186914, -0.20022161768186914, -0.20022161768186914, -0.20022161768186914, -0.05563805827821048, -0.06372594196092454, -0.0817927791402085, -0.06431140289735796, -0.08237823152928264, 0.21436688476521773, 0.19359931589103263, 0.1487952303830043, 0.192855959144818, 0.14805201529901613, 5.721239019406649, 1.1641769757016585, 0.7697824589481829, 1.162825878043289, 0.7846852041769836, 10.4387009852148, 10.304371422276615, 0.9855040739028395, 10.298337690161667, 0.9962406922137088]}