{"x": 164.70305532164068, "y": -2.4998316864887133, "yaw": -3.1195024643257505, "speed": 1.8413255432865274, "goal_x": 159.50474548339844, "goal_y": -2.5979599952697754, "pro": [0.0, 0.0, 0.0, 0.0, 0.0, 0.0, 0.0, 0.0, 0.0, 0.0, 0.0, 0.0, 0.0, 0.9999999999992273, 0.0, 2.5755660514248586e-13, 2.5755660514248586e-13, 0.0, 2.5755660514248586e-13, 2.79187215776051e-26, 0.0, 0.0, 0.0, 0.0, 0.0], "value": [-0.2625259923912856, -0.21002079391302841, -0.21002079391302841, -0.21002079391302841, -0.21002079391302841, -0.12206121878665416, -0.13287224386517452, -0.09754637782825623, -0.11125002028060156, -0.12196090761303147, 0.8903823460609298, 0.7037115435048087, 0.3648148337217192, 5.917900043447372, 0.6977165586369698, 5.5862559224848, 5.52930014136376, 0.704499731149191, 5.596757615634216, 5.495260956222352, 0.035365953584798986, 0.025451682605378438, -0.0004757986138792525, 0.03437860970928252, 0.011806545340206864]}