{"x": 148.6361150170326, "y": -26.20420362208397, "yaw": 1.5884297821625835, "speed": 3.3471132497233245, "goal_x": 148.46588134765625, "goal_y": -16.551837921142578, "pro": [0.0, 0.0, 0.0, 0.0, 0.0, 0.0, 0.0, 0.0, 0.0, 0.0, 0.0, 0.0, 0.0, 0.0, 0.0, 0.0, 0.0, 0.0, 0.0, 0.0, 0.9999999977808467, 1.1095767452642134e-09, 0.0, 1.1095767452642134e-09, 0.0], "value": [-0.20000086095190434, -0.20000086095190434, -0.20000086095190434, -0.20000086095190434, -0.20000086095190434, -0.05534646643664706, -0.06402871697736162, -0.08211409421228097, -0.06402643882216855, -0.08211181609188598, 0.21473712182074606, 0.19317017267064707, 0.14824978907408942, 0.1931730717932877, 0.14825268760477905, 5.719820194504328, 1.1631536405070164, 0.7680927756745595, 1.163158490561417, 0.7843254460032485, 10.424670864597957, 10.28151506007197, 0.9815806990477621, 10.28153913998918, 0.9938916162307584]}