{"x": 164.23422242300333, "y": -2.4908385670527498, "yaw": -3.116081598656718, "speed": 2.4003172797337338, "goal_x": 159.50474548339844, "goal_y": -2.5979599952697754, "pro": [0.0, 0.0, 0.0, 0.0, 0.0, 0.0, 0.0, 0.0, 0.0, 0.0, 0.0, 0.0, 0.0, 1.0839839095622403e-13, 0.0, 1.0839839095622403e-13, 1.0839839095622403e-13, 0.0, 0.9999999999995666, 1.0839839095622403e-13, 0.0, 0.0, 0.0, 0.0, 0.0], "value": [-0.2693999599048531, -0.2693999599048531, -0.2693999599048531, -0.2693999599048531, -0.2693999599048531, -0.13137224910290232, -0.14218723958142598, -0.10544002035135167, -0.12055696376758937, -0.11266282195385485, 0.8709403445103121, 0.6811441392302547, 0.3461812861393434, 5.42810066641734, 0.844459596387465, 5.3581524502364735, 5.2655648633757535, 0.5003479484299987, 5.40649898994132, 5.222087222416932, 0.029828642511502614, 0.015508816303477946, -0.017894159485894207, 0.03546856025960573, 0.005271920473501307]}