{"x": 164.3914345345188, "y": -2.52452906929081, "yaw": -3.1272525963841526, "speed": 1.0932773478508628, "goal_x": 159.50474548339844, "goal_y": -2.5979599952697754, "pro": [0.0, 0.0, 0.0, 0.0, 0.0, 0.0, 0.0, 0.0, 0.0, 0.0, 0.25, 0.0, 0.0, 7.804964600000474e-118, 0.0, 0.25, 0.25, 0.0, 0.25, 0.0, 0.0, 0.0, 0.0, 0.0, 0.0], "value": [-0.2505943293198635, -0.2505943293198635, -0.2505943293198635, -0.2505943293198635, -0.2505943293198635, -0.10613961521541324, -0.11698212810392464, -0.13956703010884308, -0.11539356078070212, -0.1379785349920399, 5.686412004465016, 0.8807624635157889, 0.5121002916295948, 6.191132979805028, 0.661725385336142, 5.545381618013089, 5.462778258988474, 0.8648139917059718, 5.464920638886142, 0.8701958868305778, 0.03936568042852803, 0.028357550194754944, 0.0017666857666022162, 0.028838283818680366, 0.00238723334707025]}