{"x": 148.62986350901093, "y": -25.824598697028524, "yaw": 1.5882878356764825, "speed": 4.114122045586446, "goal_x": 148.46588134765625, "goal_y": -16.551837921142578, "pro": [0.0, 0.0, 0.0, 0.0, 0.0, 0.0, 0.0, 0.0, 0.0, 0.0, 0.0, 0.0, 0.0, 0.0, 0.0, 0.0, 0.0, 0.0, 0.0, 0.0, 0.9999999977808467, 1.1095767452642134e-09, 0.0, 1.1095767452642134e-09, 0.0], "value": [-0.2001378807347968, -0.2001378807347968, -0.2001378807347968, -0.2001378807347968, -0.2001378807347968, -0.05552819356555102, -0.06422326309542037, -0.08233533192053424, -0.06385753127407781, -0.0819696060288026, 0.2145051242122451, 0.1928587016169005, 0.1477732679783002, 0.1933255838386015, 0.14824004563459114, 5.716532056398799, 1.1621109720511174, 0.7661829906774983, 1.1629793061095257, 0.7833182929392339, 10.399535152626719, 10.248396063033747, 0.976378315149884, 10.252409525878358, 0.989746048779568]}