{"x": 164.22615444723493, "y": -2.5069973825804124, "yaw": -3.1497930196409047, "speed": 2.767551402096054, "goal_x": 159.50474548339844, "goal_y": -2.5979599952697754, "pro": [0.0, 0.0, 0.0, 0.0, 0.0, 0.0, 0.0, 0.0, 0.0, 0.0, 0.25, 0.25, 0.0, 0.25, 0.25, 0.0, 0.0, 0.0, 4.091062825882637e-158, 0.0, 0.0, 0.0, 0.0, 0.0, 0.0], "value": [-0.25949609850407285, -0.25949609850407285, -0.25949609850407285, -0.25949609850407285, -0.25949609850407285, -0.11817524385591144, -0.12908526641626603, -0.15181018266337648, -0.10726505588050542, -0.12615192118809945, 5.170493619856258, 5.132351239734993, 0.6087067592195379, 5.176007798133821, 5.112864541121513, 0.7730918854589448, 0.7803980396053494, 0.41374488806314724, 4.411864512870646, 0.5967025303523358, 0.4442341734114822, 0.2708853844184306, -0.02374809822450598, 0.44864854639266105, -0.010325581803152017]}