{"x": 148.62268270870717, "y": -25.37131723315752, "yaw": 1.588174917646263, "speed": 4.850709155162274, "goal_x": 148.46588134765625, "goal_y": -16.551837921142578, "pro": [0.0, 0.0, 0.0, 0.0, 0.0, 0.0, 0.0, 0.0, 0.0, 0.0, 0.0, 0.0, 0.0, 0.0, 0.0, 0.0, 0.0, 0.0, 0.0, 0.0, 0.9999999977808467, 1.1095767452642134e-09, 0.0, 1.1095767452642134e-09, 0.0], "value": [-0.20028635139800735, -0.20028635139800735, -0.20028635139800735, -0.20028635139800735, -0.20028635139800735, -0.05572626864343171, -0.06443805810986802, -0.0825849408303218, -0.06367617700436481, -0.08182307304781047, 0.21425020374233134, 0.19249681049366985, 0.14718926461856457, 0.19347351693715853, 0.14816572464489114, 5.712012195615662, 1.1607747326849687, 0.7636524339925634, 1.1626332493097775, 0.7818212483163172, 10.358504375503173, 10.195466077694137, 0.9688042624619325, 10.204308540534422, 0.9833993672302375]}