{"x": 163.41850883694374, "y": -2.5319161006618205, "yaw": -3.12558625649009, "speed": 3.3335312969858135, "goal_x": 154.5052947998047, "goal_y": -2.6726393699645996, "pro": [0.0, 0.0, 0.0, 0.0, 0.0, 0.0, 0.0, 0.0, 0.0, 0.0, 0.0, 0.0, 0.0, 0.0, 0.0, 0.0, 0.0, 0.0, 0.0, 0.0, 0.9999999977808467, 1.1095767452642134e-09, 0.0, 1.1095767452642134e-09, 0.0], "value": [-0.20015792168849894, -0.20015792168849894, -0.20015792168849894, -0.20015792168849894, -0.20015792168849894, -0.055555277106253104, -0.06396790941197686, -0.08236630768525927, -0.06438780813540526, -0.08278619897478096, 0.21446966217489905, 0.19296708648644206, 0.14706165148861405, 0.19242928390909342, 0.14652398498907243, 5.712395100872937, 1.1614858621858872, 0.7629152244574123, 1.1604643817888876, 0.7787182087914201, 10.36112502884447, 10.203595253995376, 0.9681059220177305, 10.198786091949504, 0.9796599080946135]}