{"x": 148.61452065197733, "y": -24.845116449456842, "yaw": 1.6219110874151943, "speed": 5.567592689337578, "goal_x": 148.46588134765625, "goal_y": -16.551837921142578, "pro": [0.0, 0.0, 0.0, 0.0, 0.0, 0.0, 0.0, 0.0, 0.0, 0.0, 0.0, 0.0, 0.0, 0.0, 0.0, 0.0, 0.0, 0.0, 0.0, 0.0, 0.3333333333333333, 0.3333333333333333, 0.0, 0.3333333333333333, 0.0], "value": [-0.20029014070868864, -0.20029014070868864, -0.20029014070868864, -0.20029014070868864, -0.20029014070868864, -0.055732847705885664, -0.06446690947157299, -0.08266016980471405, -0.06369187042650198, -0.0818851456578576, 0.21423892926881846, 0.19233951183434417, 0.14672878200732015, 0.1933387616635735, 0.1477277382739443, 6.449568924609569, 1.1596242964264047, 0.7606823943714847, 1.1615701445016184, 0.7791258104654034, 10.339280097727016, 10.103407353739666, 0.9577130171523561, 10.113240538069174, 0.9725973579095414]}