{"x": 163.06102442414345, "y": -2.5193276259535833, "yaw": -3.1332207403870203, "speed": 3.781522034952046, "goal_x": 154.5052947998047, "goal_y": -2.6726393699645996, "pro": [0.0, 0.0, 0.0, 0.0, 0.0, 0.0, 0.0, 0.0, 0.0, 0.0, 0.0, 0.0, 0.0, 0.0, 0.0, 0.0, 0.0, 0.0, 0.0, 0.0, 0.9999999977808467, 1.1095767452642134e-09, 0.0, 1.1095767452642134e-09, 0.0], "value": [-0.20683727896642784, -0.20683727896642784, -0.20683727896642784, -0.20683727896642784, -0.20683727896642784, -0.0644587279850592, -0.07326985427363716, -0.09162352373982594, -0.05564756163098083, -0.07339710313848971, 0.20302317139872478, 0.18097868244791349, 0.135067769269606, 0.20440871712857625, 0.15849130803290257, 4.223113505972415, 1.1359525146432534, 0.7413418141802197, 1.1806125300979704, 0.9233907550423145, 10.274757200187214, 10.045821272010366, 0.9369138755630817, 10.24479110860513, 1.1142112346080382]}