{"x": 148.58722665587698, "y": -24.286668925104, "yaw": 1.5966401746452434, "speed": 5.712094047573889, "goal_x": 148.46588134765625, "goal_y": -16.551837921142578, "pro": [0.0, 0.0, 0.0, 0.0, 0.0, 0.0, 0.0, 0.0, 0.0, 0.0, 0.0, 0.0, 0.0, 0.0, 0.0, 0.0, 0.0, 0.0, 0.0, 0.0, 0.49999999982029486, 0.49999999982029486, 0.0, 3.594103375246363e-10, 0.0], "value": [-0.20719543783760613, -0.20719543783760613, -0.20719543783760613, -0.20719543783760613, -0.20719543783760613, -0.06500222937380026, -0.05626787438846246, -0.07261679361303933, -0.07373653593831553, -0.09193013759008697, 0.20219692719631327, 0.20526154951940054, 0.15940030421574064, 0.18017929581752956, 0.13432682918737127, 7.129122346703176, 1.1813697460446921, 0.779994416294102, 1.1324760427443425, 0.753271222494275, 10.140384146889726, 10.052570528131024, 0.9707944933815142, 9.867159451657864, 0.9265810126636258]}