{"x": 162.65209939645982, "y": -2.5212967978865026, "yaw": -3.1338074347751648, "speed": 4.3558965762269475, "goal_x": 154.5052947998047, "goal_y": -2.6726393699645996, "pro": [0.0, 0.0, 0.0, 0.0, 0.0, 0.0, 0.0, 0.0, 0.0, 0.0, 0.0, 0.0, 0.0, 0.0, 0.0, 0.0, 0.0, 0.0, 0.0, 0.0, 0.49999999982029486, 3.594103375246363e-10, 0.0, 0.49999999982029486, 0.0], "value": [-0.20768813303202047, -0.20768813303202047, -0.20768813303202047, -0.20768813303202047, -0.20768813303202047, -0.06562612876915846, -0.07445156204855072, -0.09283499236873213, -0.05680064677232375, -0.07227385241901071, 0.20145980099020155, 0.17930313890907273, 0.1331601068622441, 0.2058596991196114, 0.15970834585550453, 5.665864625243158, 1.1314780686545058, 0.7360362424342821, 1.1826151133451208, 0.9241043228077455, 10.248624497972655, 10.015545823989696, 0.9230301821940365, 10.173504820177698, 1.108654306904453]}