{"x": 148.5662839229649, "y": -23.960230696586414, "yaw": 1.5794105143209995, "speed": 6.217369768024004, "goal_x": 148.46588134765625, "goal_y": -16.551837921142578, "pro": [0.0, 0.0, 0.0, 0.0, 0.0, 0.0, 0.0, 0.0, 0.0, 0.0, 0.0, 0.0, 0.0, 0.0, 0.0, 0.0, 0.9999999990858788, 0.0, 0.0, 0.0, 4.5706055797591353e-10, 4.5706055797591353e-10, 0.0, 7.50740828756449e-258, 0.0], "value": [-0.21459131528159892, -0.21459131528159892, -0.21459131528159892, -0.21459131528159892, -0.21459131528159892, -0.07504162593891464, -0.06631031305363738, -0.06256819541579955, -0.08377282784470527, -0.10195973803269393, 0.18892122220165736, 0.2110872623312699, 0.17221845043577277, 0.16675779787186745, 0.120608548570067, 1.16911266723791, 9.87872140953142, 0.9312821334982248, 0.9747891102805153, 0.7249093876336504, 9.632160313597462, 9.682016637427896, 0.9756041323087281, 10.379590680506546, 0.7539641716172627]}