{"x": 162.18069417051868, "y": -2.5247688607572085, "yaw": -3.099907409412335, "speed": 5.007792242904007, "goal_x": 154.5052947998047, "goal_y": -2.6726393699645996, "pro": [0.0, 0.0, 0.0, 0.0, 0.0, 0.0, 0.0, 0.0, 0.0, 0.0, 0.0, 0.0, 0.0, 0.0, 0.0, 0.0, 0.0, 0.0, 0.0, 0.0, 0.49999999982029486, 3.594103375246363e-10, 0.0, 0.49999999982029486, 0.0], "value": [-0.20814199324899743, -0.20814199324899743, -0.20814199324899743, -0.20814199324899743, -0.20814199324899743, -0.06627860392472637, -0.07512719193861289, -0.0935588097660981, -0.05742995899682459, -0.07169279739334841, 0.20052714975792527, 0.17820727596759112, 0.13172632487291863, 0.20662889183938096, 0.16013752845395252, 6.40132797802317, 1.127778867082722, 0.7306028391294144, 1.1832813864020435, 0.9226479997062023, 10.095005487109516, 9.80426892457696, 0.903597291034437, 10.022404412839343, 0.9816692468608909]}