{"x": 148.62555221035814, "y": -25.384788171648726, "yaw": 1.5887845152197821, "speed": 4.833606027825703, "goal_x": 148.46588134765625, "goal_y": -16.551837921142578, "pro": [0.0, 0.0, 0.0, 0.0, 0.0, 0.0, 0.0, 0.0, 0.0, 0.0, 0.0, 0.0, 0.0, 0.0, 0.0, 0.0, 0.0, 0.0, 0.0, 0.0, 0.9999999977808467, 1.1095767452642134e-09, 0.0, 1.1095767452642134e-09, 0.0], "value": [-0.20006221641090516, -0.20006221641090516, -0.20006221641090516, -0.20006221641090516, -0.20006221641090516, -0.055428087618536376, -0.06411830374602509, -0.08222025369257963, -0.06395278346269956, -0.08205473628304313, 0.2146324868136813, 0.19293504524866273, 0.14774391389029123, 0.19314720833225685, 0.1479560239010584, 5.713414499405008, 1.1617603662616103, 0.7647887579245273, 1.1621696696158557, 0.7816165708528698, 10.362760651923619, 10.202550257512462, 0.9705100681808442, 10.204467827161922, 0.9834569130342273]}