{"x": 148.56231411858488, "y": -23.05675386559915, "yaw": 1.594101383178071, "speed": 6.757031300757633, "goal_x": 148.46588134765625, "goal_y": -16.551837921142578, "pro": [0.0, 0.0, 0.0, 0.0, 0.0, 0.0, 0.0, 0.0, 0.0, 0.0, 0.0, 0.0, 0.0, 0.0, 0.0, 0.33333333333123494, 0.0, 0.0, 0.0, 0.0, 0.33333333333123494, 0.33333333333123494, 0.0, 6.2952553898540116e-12, 0.0], "value": [-0.20588122217877308, -0.20588122217877308, -0.20588122217877308, -0.20588122217877308, -0.20588122217877308, -0.0633465377682764, -0.05616004317589518, -0.07452392359864302, -0.07216241073127952, -0.09052583738892747, 0.20410739526460564, 0.20274960192361227, 0.1556396310365446, 0.18148869616212843, 0.1343909838704767, 8.395089339740327, 2.520771733931254, 0.7633717903703883, 1.1300533667611536, 0.7420879784449268, 8.248843026358891, 8.146154783209711, 0.7377490486642375, 8.089166163681535, 0.7071683739020654]}