{"x": 161.64857603912017, "y": -2.5573279715044506, "yaw": -3.156502348984931, "speed": 5.453284083492595, "goal_x": 154.5052947998047, "goal_y": -2.6726393699645996, "pro": [0.0, 0.0, 0.0, 0.0, 0.0, 0.0, 0.0, 0.0, 0.0, 0.0, 0.0, 0.0, 0.0, 0.0, 0.0, 1.256520751917555e-216, 0.0, 0.0, 0.0, 0.0, 0.49999999992877675, 0.49999999992877675, 0.0, 1.4244660339932433e-10, 0.0], "value": [-0.20214659380486982, -0.20214659380486982, -0.20214659380486982, -0.20214659380486982, -0.20214659380486982, -0.058243421888287274, -0.061374754262073304, -0.07997100247551475, -0.06717092629410482, -0.08576702885318982, 0.21093874224599343, 0.19586940874273978, 0.14865813982970333, 0.18827015539130681, 0.1410623211908293, 10.959518056785548, 1.1629372918066303, 0.7559886347608293, 1.1477248962572804, 0.7600809778008726, 9.73370888122798, 9.514170247278528, 0.7934745953417137, 9.440157922764215, 0.9083355582319562]}