{"x": 148.5887526777649, "y": -22.62468189611859, "yaw": 1.5764218551235254, "speed": 6.9416868572416295, "goal_x": 148.46588134765625, "goal_y": -16.551837921142578, "pro": [0.0, 0.0, 0.0, 0.0, 0.0, 0.0, 0.0, 0.0, 0.0, 0.0, 0.0, 0.0, 0.0, 0.0, 0.0, 0.4999999999914393, 1.712128380220523e-11, 0.0, 0.4999999999914393, 3.2334856241319356e-22, 0.0, 0.0, 0.0, 0.0, 0.0], "value": [-0.21039963715331822, -0.21039963715331822, -0.21039963715331822, -0.21039963715331822, -0.21039963715331822, -0.06963698095167267, -0.07860089699092049, -0.09727243131083141, -0.060672947111263975, -0.06869024342314056, 0.6085258823522024, 0.441955496311087, 0.2497289611192698, 0.777928207826389, 0.43252262573107014, 7.7369110136934, 7.609527665296999, 0.809583283104524, 7.751363345225505, 7.472056949190524, 0.1174802985959425, 0.44973917762427046, 0.39222872802071074, 0.2703052041290294, 0.43201417907732675]}