{"x": 161.35474009769925, "y": -2.564068706962983, "yaw": -3.121172865931611, "speed": 5.443191090551971, "goal_x": 154.5052947998047, "goal_y": -2.6726393699645996, "pro": [0.0, 0.0, 0.0, 0.0, 0.0, 0.0, 0.0, 0.0, 0.0, 0.0, 0.0, 0.0, 0.0, 0.0, 0.0, 0.9999999998972722, 0.0, 0.0, 0.0, 0.0, 3.424256760147908e-11, 3.424256760147908e-11, 0.0, 3.424256760147908e-11, 0.0], "value": [-0.20329529775774527, -0.20329529775774527, -0.20329529775774527, -0.20329529775774527, -0.20329529775774527, -0.059822958738369035, -0.05985138111156657, -0.07856462794900076, -0.06880661366009053, -0.08751960275017168, 0.35228675739184956, 0.19766492398435132, 0.14974537146939548, 0.18579329548747486, 0.13788055175976877, 8.520542679422402, 1.1642633741123205, 0.7523962722651526, 1.1398582627588807, 0.7487561424072134, 8.352300067179055, 8.207578320206132, 0.7373521519381337, 8.166503391411295, 0.7284388503931298]}