{"x": 148.58623991655926, "y": -21.922749419820562, "yaw": 1.597772678510444, "speed": 7.20400092990776, "goal_x": 148.46588134765625, "goal_y": -16.551837921142578, "pro": [0.0, 0.0, 0.0, 0.0, 0.0, 0.0, 0.0, 0.0, 0.0, 0.0, 0.0, 0.0, 0.0, 0.0, 0.0, 0.4999999999949466, 5.053423584582607e-12, 0.0, 0.4999999999949466, 5.053423584582607e-12, 0.0, 0.0, 0.0, 0.0, 0.0], "value": [-0.21466929015786873, -0.21466929015786873, -0.21466929015786873, -0.21466929015786873, -0.21466929015786873, -0.129597566850089, -0.0848452877133857, -0.10373982857341402, -0.11882837722432305, -0.11429524953434814, 0.8775702664581934, 0.5541397600013184, 0.35651354942142804, 2.2697178566515985, 0.7167651404502291, 7.041771260491289, 6.751810510891205, 0.8691036434127428, 7.132675187014443, 6.67115492009088, 0.04308626207272789, 0.046203118160283774, 0.03567690220883421, 0.041580687747696465, 0.045198717393236415]}