{"x": 160.53951649785148, "y": -2.5529505857537877, "yaw": -3.1324263194338493, "speed": 6.0849709370605245, "goal_x": 149.505859375, "goal_y": -2.747319221496582, "pro": [0.0, 0.0, 0.0, 0.0, 0.0, 0.0, 0.0, 0.0, 0.0, 0.0, 0.0, 0.0, 0.0, 0.0, 0.0, 0.0, 0.0, 0.0, 0.0, 0.0, 0.4999999997226059, 5.54788373555477e-10, 0.0, 0.4999999997226059, 0.0], "value": [-0.20619672793525293, -0.20619672793525293, -0.20619672793525293, -0.20619672793525293, -0.20619672793525293, -0.06348626744224564, -0.07222496138528034, -0.09042785441893059, -0.05594310573425623, -0.07414620812101655, 0.20447249508595194, 0.1829005950835969, 0.1379700360616697, 0.2034323708874428, 0.1584986104356496, 3.482085479303083, 1.1433392834971596, 0.7536601002604353, 1.1809346932141214, 0.9294713850128637, 10.439533668178864, 10.268796740204502, 0.9705893256328978, 10.352024464322584, 1.1386283599285332]}