{"x": 148.5786821599128, "y": -21.440565505659148, "yaw": 1.5749005243508178, "speed": 7.43751598091176, "goal_x": 148.46588134765625, "goal_y": -16.551837921142578, "pro": [0.0, 0.0, 0.0, 0.0, 0.0, 0.0, 0.0, 0.0, 0.0, 0.0, 0.2, 0.0, 0.0, 0.2, 0.0, 0.2, 0.2, 0.0, 0.2, 0.0, 0.0, 0.0, 0.0, 0.0, 0.0], "value": [-0.26720614085254885, -0.26720614085254885, -0.26720614085254885, -0.26720614085254885, -0.26720614085254885, -0.12848375550762892, -0.1393536702220861, -0.10315948121819102, -0.11761356570003725, -0.11572049563536638, 5.294281236084625, 0.6864285474347398, 0.4641302122892479, 5.31645048485024, 0.8356576937078808, 5.273667438539251, 5.1543567866577495, 0.471859519023721, 5.384598655950563, 0.8527264038311194, 0.029972408217658168, 0.014221648863042953, -0.02148820411168409, 0.033781861308051775, 0.00046219662703272935]}