{"x": 159.86879834397635, "y": -2.553834046376089, "yaw": -3.1007586891952874, "speed": 7.108066430885546, "goal_x": 149.505859375, "goal_y": -2.747319221496582, "pro": [0.0, 0.0, 0.0, 0.0, 0.0, 0.0, 0.0, 0.0, 0.0, 0.0, 0.0, 0.0, 0.0, 0.0, 0.0, 0.0, 0.0, 0.0, 0.0, 0.0, 0.4999999997226059, 5.54788373555477e-10, 0.0, 0.4999999997226059, 0.0], "value": [-0.2085733443650338, -0.2085733443650338, -0.2085733443650338, -0.2085733443650338, -0.2085733443650338, -0.06664494572271473, -0.07538842861200348, -0.09360124603176512, -0.05790142555483712, -0.07100236348313665, 0.20043158316473186, 0.17878898561398054, 0.133712365672281, 0.20740236351089453, 0.162320659704009, 3.473195150049144, 1.1342993361710867, 0.7452235248278424, 1.1871456190415974, 0.9353880384881973, 10.402528911850066, 10.20847740982776, 0.9575949005788985, 10.348724365336627, 1.1429975488600936]}