{"x": 148.56550831347042, "y": -20.692012187635555, "yaw": 1.564509712823828, "speed": 7.475368874662657, "goal_x": 148.46588134765625, "goal_y": -16.551837921142578, "pro": [0.0, 0.0, 0.0, 0.0, 0.0, 0.0, 0.0, 0.0, 0.0, 0.0, 0.25, 0.25, 1.4338550003054198e-264, 0.25, 0.25, 0.0, 0.0, 0.0, 0.0, 0.0, 1.7607348698199726e-28, 0.0, 0.0, 0.0, 0.0], "value": [-0.2620222486648056, -0.2620222486648056, -0.2620222486648056, -0.2620222486648056, -0.2620222486648056, -0.12191162328087052, -0.13290956266612208, -0.15581698611513167, -0.11091339364436822, -0.12268715160072491, 4.893082497140259, 4.803907246008192, 3.0022194795270183, 4.922331496522771, 4.760818317700186, -0.11944502360425618, -0.11362233351333711, -0.11151333673338965, -0.12034970976591586, -0.11066666465026076, 4.407401222983319, 0.3706624146311564, -0.04378485419705869, 0.7102195634127313, 0.08852728906961611]}