{"x": 159.11093772901108, "y": -2.589992322484867, "yaw": -3.122127609182404, "speed": 7.927625384337909, "goal_x": 149.505859375, "goal_y": -2.747319221496582, "pro": [0.0, 0.0, 0.0, 0.0, 0.0, 0.0, 0.0, 0.0, 0.0, 0.0, 0.0, 0.0, 0.0, 0.0, 0.0, 0.0, 0.0, 0.0, 0.0, 0.0, 0.9999999977808467, 1.1095767452642134e-09, 0.0, 1.1095767452642134e-09, 0.0], "value": [-0.20223672642467372, -0.20223672642467372, -0.20223672642467372, -0.20223672642467372, -0.20223672642467372, -0.05830572223745703, -0.06119845297334692, -0.07955729962874769, -0.06711923179907853, -0.0854779846233246, 0.21096975285389338, 0.1966085688280057, 0.15099653717422207, 0.1890711204219127, 0.14346069192440075, 5.713555863565917, 1.168425444557922, 0.7716645908906163, 1.1543633226606331, 0.7755474116609695, 10.401046724341473, 10.299154119009025, 0.9847807347010072, 10.236684160785552, 0.9819140934409216]}