{"x": 164.26557776521543, "y": -2.5262866967261624, "yaw": -3.1274659155874676, "speed": 1.3941916868971531, "goal_x": 159.50474548339844, "goal_y": -2.5979599952697754, "pro": [0.0, 0.0, 0.0, 0.0, 0.0, 0.0, 0.0, 0.0, 0.0, 0.0, 1.0839839095623574e-13, 0.0, 0.0, 4.3887180173533204e-55, 0.0, 0.9999999999996747, 1.0839839095623574e-13, 0.0, 1.0839839095623574e-13, 0.0, 0.0, 0.0, 0.0, 0.0, 0.0], "value": [-0.2508007723717693, -0.2508007723717693, -0.2508007723717693, -0.2508007723717693, -0.2508007723717693, -0.10641881653122753, -0.11728207795711934, -0.13991015909441545, -0.1151351116299784, -0.13776329581168, 5.471634136854662, 0.8795168444935045, 0.5098925045111316, 5.6775674169727655, 0.6607293138929188, 5.437237771718967, 5.378354338150508, 0.6973659727607939, 5.38460866521427, 0.8319529532057937, 0.039211137235529325, 0.025715506273453898, -0.005158804351716034, 0.02650535597251507, -0.0042251773639813694]}