{"x": 148.5799187404302, "y": -20.20347405860791, "yaw": 1.5972201861595008, "speed": 7.301501696648835, "goal_x": 148.46588134765625, "goal_y": -16.551837921142578, "pro": [0.0, 0.0, 0.0, 0.0, 0.0, 4.325521171728194e-14, 0.0, 0.0, 4.325521171728194e-14, 0.9999999999999134, 0.0, 0.0, 0.0, 0.0, 0.0, 0.0, 0.0, 0.0, 0.0, 0.0, 0.0, 0.0, 0.0, 0.0, 0.0], "value": [-0.27890869229864695, -0.27890869229864695, -0.27890869229864695, -0.27890869229864695, -0.27890869229864695, 4.0470618831232725, -0.1580409262022891, -0.18163948565282823, 4.1311976556736445, 4.205877999379848, 0.9012878111536731, 0.8102058294924437, 0.6289481959932489, 0.7941761012649571, 0.6663604485989689, 0.3611574977165144, -0.15622570375944744, -0.18607582250532945, 0.41406775632167403, 0.36704603580849177, 0.5073968237408609, 0.42547797808189114, 0.06706994510569697, 0.5658029804494222, 0.44313567778800966]}