{"x": 158.2799625509648, "y": -2.630220546380571, "yaw": -3.1458470346863243, "speed": 8.578305019827626, "goal_x": 149.505859375, "goal_y": -2.747319221496582, "pro": [0.0, 0.0, 0.0, 0.0, 0.0, 0.0, 0.0, 0.0, 0.0, 0.0, 0.0, 0.0, 0.0, 0.0, 0.0, 0.0, 0.0, 0.0, 0.0, 0.0, 0.4999999997226058, 0.4999999997226058, 0.0, 5.547883735554769e-10, 0.0], "value": [-0.21201075421450724, -0.21201075421450724, -0.21201075421450724, -0.21201075421450724, -0.21201075421450724, -0.07132877668395812, -0.062427051670755296, -0.0668063451860754, -0.0802304325494434, -0.09877258680452702, 0.1942384412569047, 0.21300353517933274, 0.16668866468508342, 0.1720045624190259, 0.1257006197658444, 1.1805994825967332, 3.4724942763304343, 0.9263395373749366, 1.117367589811155, 0.7426030879722163, 10.259289992916955, 10.253808871448147, 1.1353388319581985, 9.997026751290628, 0.9326498006135284]}