{"x": 148.56859343314218, "y": -18.740745569455676, "yaw": 1.604947195195621, "speed": 6.910156634290848, "goal_x": 148.46588134765625, "goal_y": -16.551837921142578, "pro": [6.536069007935435e-33, 6.536069007935435e-33, 6.536069007935435e-33, 6.536069007935435e-33, 6.536069007935435e-33, 6.536069007935435e-33, 6.536069007935435e-33, 6.536069007935435e-33, 6.536069007935435e-33, 6.536069007935435e-33, 9.161177884974525e-244, 1.130343314286464e-67, 1.130343314286464e-67, 0.0, 0.0, 6.536069007935435e-33, 1.130343314286464e-67, 1.130343314286464e-67, 6.536069007935435e-33, 6.536069007935435e-33, 6.536069007935435e-33, 1.130343314286464e-67, 7.446707971927432e-147, 1.0, 6.536069007935435e-33], "value": [0.13846895340238397, 0.13846895340238397, 0.13846895340238397, 0.13846895340238397, 0.13846895340238397, 0.24207541664197968, 0.22582687646820515, 0.19059751609752223, 0.2579575369152367, 0.2750135710379037, -0.1465152932999539, 0.05896451265795574, -0.011927716236363725, -0.3984666170136287, -0.4031331693834959, 0.13819316369444867, 0.18071163165045778, -0.012693547987577936, 0.21365246972134488, 0.14375289693513205, 0.20187144549159236, 0.16992733919185365, -0.06835032703361973, 0.20779025323311606, 0.1374977309766468]}