{"x": 157.4052041365827, "y": -2.65243342102263, "yaw": -3.1126440925406316, "speed": 8.778468657708821, "goal_x": 149.505859375, "goal_y": -2.747319221496582, "pro": [0.0, 0.0, 0.0, 0.0, 0.0, 0.0, 0.0, 0.0, 0.0, 0.0, 0.0, 0.0, 0.0, 0.0, 0.0, 0.0, 0.0, 0.0, 0.0, 0.0, 0.49999999982029486, 0.49999999982029486, 0.0, 3.594103375246363e-10, 0.0], "value": [-0.21202740849355572, -0.21202740849355572, -0.21202740849355572, -0.21202740849355572, -0.21202740849355572, -0.07146310850063942, -0.06251964599047088, -0.06680070273631569, -0.08040648890182317, -0.09903548482855234, 0.19385389502012595, 0.21311598060105336, 0.16623490825076948, 0.1713483393236666, 0.12448178627700263, 1.1788557916181492, 6.411719595573961, 0.9218849949348312, 0.9861615979772271, 0.7360722015542627, 10.132651344070617, 10.129524150105206, 1.1163103320820111, 9.840247672357046, 0.9074663304251394]}