{"x": 148.5128234832341, "y": -18.310471838548263, "yaw": 1.620904545970562, "speed": 6.778928056259013, "goal_x": 147.97251892089844, "goal_y": -12.220353126525879, "pro": [0.0, 0.0, 0.0, 0.0, 0.0, 0.0, 0.0, 0.0, 0.0, 0.0, 0.0, 0.0, 0.0, 0.0, 0.0, 1.7121283802205237e-11, 3.2940027462505097e-80, 0.0, 0.4999999999914394, 0.4999999999914394, 0.0, 0.0, 0.0, 0.0, 0.0], "value": [-0.24525789622804878, -0.24525789622804878, -0.24525789622804878, -0.24525789622804878, -0.24525789622804878, -0.11749581615418095, -0.12636198158457432, -0.14482870456516264, -0.10862915628150055, -0.09015822928029146, 0.38411429197393077, 0.23083274644917243, 0.05966214960288392, 0.5420276285161275, 0.7632749813337707, 7.451490261675912, 7.590461821646525, 0.5695215979341439, 7.596995557426381, 7.764955313934373, 0.5825929342278625, 0.5385864634228185, 0.23708805233242197, 0.7301939445498049, 0.7459949956775802]}