{"x": 156.51917979092383, "y": -2.6632758961789773, "yaw": -3.118837273655611, "speed": 9.182015619153953, "goal_x": 149.505859375, "goal_y": -2.747319221496582, "pro": [0.0, 0.0, 0.0, 0.0, 0.0, 0.0, 0.0, 0.0, 0.0, 0.0, 0.0, 0.0, 0.0, 0.0, 0.0, 8.658936301247625e-149, 0.0, 0.0, 0.0, 0.0, 0.9999999996523097, 1.7384520269608307e-10, 0.0, 1.7384520269608307e-10, 0.0], "value": [-0.20754266922785367, -0.20754266922785367, -0.20754266922785367, -0.20754266922785367, -0.20754266922785367, -0.0655433504665083, -0.05658399542491163, -0.07276935435411955, -0.0745026430558676, -0.09316480719354858, 0.201335118477182, 0.20534943737565142, 0.15787785373089952, 0.17854404591268103, 0.13108530127938417, 10.539245623780438, 1.1794894611826627, 0.7711904639297879, 1.125754505377494, 0.7410032612715258, 9.187464339413262, 9.196836502170264, 0.9255572465234837, 8.947074107079523, 0.7619230104597055]}