{"x": 148.4505503333585, "y": -17.681454215082592, "yaw": 1.6438610626450199, "speed": 5.872226719471375, "goal_x": 147.97251892089844, "goal_y": -12.220353126525879, "pro": [0.0, 0.0, 0.0, 0.0, 0.0, 0.0, 0.0, 0.0, 0.0, 0.0, 0.0, 0.0, 0.0, 0.0, 0.0, 1.888576616896758e-11, 1.9087555234427536e-22, 0.0, 0.9999999999622284, 1.888576616896758e-11, 0.0, 0.0, 0.0, 0.0, 0.0], "value": [-0.22750232309719443, -0.22750232309719443, -0.22750232309719443, -0.22750232309719443, -0.22750232309719443, -0.09355603194803566, -0.10238706196365696, -0.1207809482970712, -0.14023194352212615, -0.1183863041027515, 0.6902552167996523, 0.5163226367599386, 0.3255649553799128, 0.876424688731101, 1.350477170475029, 7.055461858776414, 6.879831877554726, 0.7072470156399993, 7.278412014187651, 7.072979733178458, 0.05276231390650583, 0.17987831770804447, 0.04402534071581307, 0.04242730738910086, 0.1827637044382164]}