{"x": 155.55812308131271, "y": -2.6829647772569256, "yaw": -3.1200870951551853, "speed": 9.890312911255595, "goal_x": 144.50640869140625, "goal_y": -2.8219985961914062, "pro": [0.0, 0.0, 0.0, 0.0, 0.0, 0.0, 0.0, 0.0, 0.0, 0.0, 0.0, 0.0, 0.0, 0.0, 0.0, 0.0, 0.0, 0.0, 0.0, 0.0, 0.4999999997226058, 0.4999999997226058, 0.0, 5.547883735554769e-10, 0.0], "value": [-0.20654828282575816, -0.20654828282575816, -0.20654828282575816, -0.20654828282575816, -0.20654828282575816, -0.0639474533014292, -0.05553536872884283, -0.07384981089553827, -0.0727395944412107, -0.09105381315528019, 0.20389195896679452, 0.20388235258651757, 0.1586766139981976, 0.18218952947211148, 0.1369872039514597, 3.48073609245367, 1.1815068576437204, 0.9173288076579605, 1.141790299900574, 0.7678476665115055, 10.435134912696292, 10.351863284381835, 1.1383002645882723, 10.261374411159142, 0.9802212402360572]}