{"x": 148.40925617936364, "y": -17.4410877599165, "yaw": 1.6554810877805082, "speed": 4.547025103884112, "goal_x": 147.97251892089844, "goal_y": -12.220353126525879, "pro": [0.0, 0.0, 0.0, 0.0, 0.0, 0.0, 0.0, 0.0, 0.0, 0.0, 0.0, 0.0, 0.0, 1.0, 0.0, 1.5011229855931688e-25, 1.5011229855931688e-25, 0.0, 1.5011229855931688e-25, 1.5011229855931688e-25, 0.0, 0.0, 0.0, 0.0, 0.0], "value": [-0.21107874869329374, -0.21107874869329374, -0.21107874869329374, -0.21107874869329374, -0.21107874869329374, -0.12380917239071398, -0.07972698178783252, -0.09808518533753191, -0.11335587640844988, -0.11910958791172731, 0.8876245992185104, 0.7019004347215285, 0.3659046295033666, 6.075668662138256, 0.7061827810200574, 5.622546682659403, 5.596144013785912, 0.7168584844382724, 5.644628662119651, 5.509464309001954, 0.03540765212479699, 0.026686163124003265, 0.003072239227322471, 0.035597357025094506, 0.01582574381280044]}