{"x": 154.5524710332001, "y": -2.70444480139439, "yaw": -3.154553368479009, "speed": 10.168266279995123, "goal_x": 144.50640869140625, "goal_y": -2.8219985961914062, "pro": [0.0, 0.0, 0.0, 0.0, 0.0, 0.0, 0.0, 0.0, 0.0, 0.0, 0.0, 0.0, 0.0, 0.0, 0.0, 0.0, 0.0, 0.0, 0.0, 0.0, 0.4999999997226058, 0.4999999997226058, 0.0, 5.547883735554769e-10, 0.0], "value": [-0.20691915346020437, -0.20691915346020437, -0.20691915346020437, -0.20691915346020437, -0.20691915346020437, -0.06448008780208112, -0.055661554607168234, -0.07339846399239092, -0.07329858898602898, -0.09166768076415646, 0.20314760666836423, 0.20446830635053267, 0.15893304543271008, 0.18128690401151776, 0.13575611981464614, 4.228373582782435, 1.181853611410032, 0.7858434413565658, 1.1388580198950906, 0.7637188856865076, 10.39542866493023, 10.31453910714675, 1.1321762795523527, 10.205149836025102, 0.9703685767707887]}