{"x": 148.61732851520185, "y": -24.861141386831562, "yaw": 1.5887074167062245, "speed": 5.527254513211692, "goal_x": 148.46588134765625, "goal_y": -16.551837921142578, "pro": [0.0, 0.0, 0.0, 0.0, 0.0, 0.0, 0.0, 0.0, 0.0, 0.0, 0.0, 0.0, 0.0, 0.0, 0.0, 0.0, 0.0, 0.0, 0.0, 0.0, 0.3333333333333333, 0.3333333333333333, 0.0, 0.3333333333333333, 0.0], "value": [-0.20022358414521443, -0.20022358414521443, -0.20022358414521443, -0.20022358414521443, -0.20022358414521443, -0.05564391429146404, -0.0643556658024145, -0.08250245601293835, -0.06375849317238758, -0.08190529477113295, 0.2143536666130774, 0.19251320683059886, 0.1470251796789066, 0.19328299017706146, 0.14779473908921675, 6.4503696372161095, 1.160071716255645, 0.7614162466237792, 1.1615762763677182, 0.7794173341582016, 10.344211588832735, 10.110201025635757, 0.9590630348644303, 10.117753983435183, 0.9734089856668062]}