{"x": 148.32468671867008, "y": -16.74464434171944, "yaw": 1.6567037782903458, "speed": 4.477637792625485, "goal_x": 147.97251892089844, "goal_y": -12.220353126525879, "pro": [0.0, 0.0, 0.0, 0.0, 0.0, 0.0, 0.0, 0.0, 0.0, 0.0, 0.3333333333333237, 0.3333333333333237, 0.0, 0.0, 0.0, 0.3333333333333237, 1.441840390576148e-14, 0.0, 1.441840390576148e-14, 0.0, 0.0, 0.0, 0.0, 0.0, 0.0], "value": [-0.2570582412918296, -0.2570582412918296, -0.2570582412918296, -0.2570582412918296, -0.2570582412918296, -0.11486370164074297, -0.10627055196917712, -0.12802485945311487, -0.12530719142378807, -0.14706057044171705, 5.215492863875053, 5.214588034329978, 0.6675901916418306, 1.7677571832960814, 0.6390521767465245, 5.207149922005275, 5.192289028353425, 0.5005583114378005, 5.10553473651665, 0.48191722967706263, 0.03525125605297285, 0.02768980903263682, -0.007379828170521935, 0.01890332804925257, -0.01691656735961411]}