{"x": 153.53332375714746, "y": -2.716395999112271, "yaw": -3.1242056737809927, "speed": 10.221044049435076, "goal_x": 144.50640869140625, "goal_y": -2.8219985961914062, "pro": [0.0, 0.0, 0.0, 0.0, 0.0, 0.0, 0.0, 0.0, 0.0, 0.0, 0.0, 0.0, 0.0, 0.0, 0.0, 0.0, 0.0, 0.0, 0.0, 0.0, 0.9999999977808467, 1.1095767452642134e-09, 0.0, 1.1095767452642134e-09, 0.0], "value": [-0.2040972428497931, -0.2040972428497931, -0.2040972428497931, -0.2040972428497931, -0.2040972428497931, -0.060788196276065944, -0.058743910018299456, -0.07716095978271456, -0.06962962565393668, -0.08804648577818586, 0.20777471258436797, 0.19965663432285458, 0.15373855147013377, 0.1857293205805821, 0.13981466708948093, 5.7052537407752375, 1.1729096569145916, 0.7744987981511388, 1.1466285453886231, 0.7676814810460165, 10.345739728801657, 10.269962960205097, 0.9835283581273568, 10.153797067022936, 0.9671120191312446]}