{"x": 148.29769548398335, "y": -16.5453986936174, "yaw": 1.6456041949627107, "speed": 4.5666770537100385, "goal_x": 147.97251892089844, "goal_y": -12.220353126525879, "pro": [0.0, 0.0, 0.0, 0.0, 0.0, 0.0, 0.0, 0.0, 0.0, 0.0, 1.0839839095623577e-13, 0.9999999999996749, 1.0839839095623577e-13, 1.0839839095623577e-13, 0.0, 0.0, 0.0, 0.0, 0.0, 0.0, 0.0, 4.688795350625084e-27, 0.0, 0.0, 0.0], "value": [-0.2643198362700087, -0.2643198362700087, -0.2643198362700087, -0.2643198362700087, -0.2643198362700087, -0.12493280005080137, -0.11442190037674868, -0.1181636693968312, -0.1354434175731865, -0.15733593419105757, 4.960507996379858, 4.945282786724452, 4.8864732883374, 4.893653742909842, 1.529759040966984, -0.10711686721374739, -0.11618929839529041, -0.07857174766711089, -0.0876647914016318, -0.07180925936995053, 0.7141466949712465, 4.637040613654157, 0.21285999286138485, 0.5199924844358911, 0.06380626883027657]}