{"x": 152.5121410306135, "y": -2.7158267393633, "yaw": -3.1325581459078085, "speed": 10.224357645410578, "goal_x": 144.50640869140625, "goal_y": -2.8219985961914062, "pro": [0.0, 0.0, 0.0, 0.0, 0.0, 0.0, 0.0, 0.0, 0.0, 0.0, 0.0, 0.0, 0.0, 0.0, 0.0, 0.0, 0.0, 0.0, 0.0, 0.0, 0.49999999982029486, 3.594103375246363e-10, 0.0, 0.49999999982029486, 0.0], "value": [-0.20300591849465527, -0.20300591849465527, -0.20300591849465527, -0.20300591849465527, -0.20300591849465527, -0.059369775697664696, -0.06821149359110268, -0.08662893293502846, -0.060162616456010065, -0.07858022284947988, 0.2095311861177776, 0.18730366100121115, 0.14101154454115855, 0.19771802832352675, 0.15142248952047682, 7.150348672834402, 1.148130478556401, 0.748713910883534, 1.1682908747617877, 0.7837478629414807, 10.24633069705731, 10.046714920240031, 0.9360690812560268, 10.074979171927707, 0.9721734112408613]}