{"x": 148.2600215332748, "y": -16.06418204178119, "yaw": 1.6084784150284537, "speed": 4.9816196416192176, "goal_x": 147.97251892089844, "goal_y": -12.220353126525879, "pro": [0.0, 0.0, 0.0, 0.0, 0.0, 0.0, 0.0, 0.0, 0.0, 0.0, 0.24999999999999734, 0.24999999999999734, 0.24999999999999734, 0.24999999999999734, 1.0813802929321307e-14, 0.0, 0.0, 0.0, 0.0, 0.0, 0.0, 0.0, 0.0, 0.0, 0.0], "value": [-0.2615226688956186, -0.2615226688956186, -0.2615226688956186, -0.2615226688956186, -0.2615226688956186, -0.12142263543582699, -0.11075978682585672, -0.12214215304441262, -0.13208517029322878, -0.1542937886816814, 4.7479230401562456, 4.786976030362413, 4.56102511879216, 4.620688864467286, 4.365901913986284, -0.126108184699195, -0.1254131522450121, -0.13660989148992098, -0.13116710776868112, -0.14462376273131222, 0.6163380026395017, 0.6214042116010693, 0.19133074390234206, 0.6285599097633408, 0.050258805737308274]}