{"x": 151.49144829006207, "y": -2.722469474025763, "yaw": -3.1347035884819765, "speed": 10.209337062754054, "goal_x": 144.50640869140625, "goal_y": -2.8219985961914062, "pro": [0.0, 0.0, 0.0, 0.0, 0.0, 0.0, 0.0, 0.0, 0.0, 0.0, 0.0, 0.0, 0.0, 0.0, 0.0, 4.1244672953846917e-100, 0.0, 0.0, 0.0, 0.0, 0.9999999997925997, 1.0370008045465563e-10, 0.0, 1.0370008045465563e-10, 0.0], "value": [-0.20514989972215775, -0.20514989972215775, -0.20514989972215775, -0.20514989972215775, -0.20514989972215775, -0.06231044629641325, -0.07119829091158972, -0.08971169483916089, -0.057268095172355066, -0.07578185825374739, 0.20557922434020695, 0.18296005213775268, 0.13585770177529966, 0.20127771622890378, 0.1541666325621927, 10.325243674336233, 1.135554905134686, 0.7320513518980539, 1.1723572417734756, 0.7824549860535408, 9.100249286349385, 8.92898853107065, 0.753207405987671, 8.96243400200361, 0.9286496313511703]}