{"x": 148.26160889547984, "y": -15.301915484173445, "yaw": 1.7026866399889207, "speed": 5.040874332766802, "goal_x": 145.57351684570312, "goal_y": -9.102310180664062, "pro": [0.0, 0.0, 0.0, 0.0, 0.0, 0.0, 0.0, 0.0, 0.0, 0.0, 0.0, 0.0, 0.0, 0.0, 0.0, 0.0, 0.0, 0.0, 7.083051322411235e-223, 0.5, 0.0, 0.0, 0.0, 5.441850755751632e-31, 0.5], "value": [-0.45475692531858747, -0.45475692531858747, -0.45475692531858747, -0.45475692531858747, -0.45475692531858747, -0.4012806416409882, -0.4098805130385559, -0.4277876664892207, -0.39267872176821095, -0.37475414976807464, -0.1868430133451589, -0.21270393932402504, -0.30802314606573833, -0.10405245482684995, 0.02045986552800115, 0.22327148514435083, 0.10685531453891693, -0.07296755446803214, 7.299499032253711, 5.659185370846766, 0.2243022408717748, 0.09790719301114283, -0.0889645792240123, 5.221981849328591, 5.588163797599907]}