{"x": 150.4724169090049, "y": -2.7293509694005937, "yaw": -3.101350306079253, "speed": 10.187620030110274, "goal_x": 135.50741577148438, "goal_y": -2.9564218521118164, "pro": [0.0, 0.0, 0.0, 0.0, 0.0, 0.0, 0.0, 0.0, 0.0, 0.0, 0.0, 0.0, 0.0, 0.0, 0.0, 0.0, 0.0, 0.0, 0.0, 0.0, 0.3333333333333333, 0.3333333333333333, 0.0, 0.3333333333333333, 0.0], "value": [-0.20662796028739563, -0.20662796028739563, -0.20662796028739563, -0.20662796028739563, -0.20662796028739563, -0.06393966867892392, -0.07259567079352819, -0.09062637752919234, -0.05540700513703031, -0.07343785717885137, 0.2040636159851513, 0.18290274177879262, 0.13882628043495632, 0.20425243536165097, 0.1601741268473454, 3.0323319555912884, 1.1458416054090697, 0.7603665656527385, 1.1837555594695897, 0.9368592739586059, 10.499395215065803, 10.29358492167378, 0.986939359907418, 10.424857197346794, 1.1552677460866507]}