{"x": 148.28576467217997, "y": -14.794576765458586, "yaw": 1.6775475707311736, "speed": 4.986028031536566, "goal_x": 145.57351684570312, "goal_y": -9.102310180664062, "pro": [0.0, 0.0, 0.0, 0.0, 0.0, 0.0, 0.0, 0.0, 0.0, 0.0, 0.0, 0.0, 0.0, 0.0, 0.0, 0.0, 0.0, 0.0, 4.666318103121618e-302, 0.5, 0.0, 0.0, 0.0, 1.0718900461182342e-31, 0.5], "value": [-0.6217632483333336, -0.6217632483333336, -0.6217632483333336, -0.6217632483333336, -0.6217632483333336, -0.46142254580744, -0.47016326378471446, -0.48836170660547884, -0.4526791270289157, -0.5563561534493282, -0.2523349022290907, -0.3137405668621011, -0.3921148359607347, -0.22167264322268054, -0.060473704410888895, 0.02791353956308895, -0.06992966336228026, -0.20591951954988413, 4.579440301838608, 4.679061514058603, -0.017628078587513182, -0.08969569533706251, -0.2328502258354272, 4.303908221141189, 4.556458162265173]}