{"x": 149.4573353281874, "y": -2.7713228168250628, "yaw": -3.155093358248028, "speed": 10.140913871724308, "goal_x": 135.50741577148438, "goal_y": -2.9564218521118164, "pro": [0.0, 0.0, 0.0, 0.0, 0.0, 0.0, 0.0, 0.0, 0.0, 0.0, 0.0, 0.0, 0.0, 0.0, 0.0, 0.0, 0.0, 0.0, 0.0, 0.0, 0.3333333333333333, 0.3333333333333333, 0.0, 0.3333333333333333, 0.0], "value": [-0.2054860367008477, -0.2054860367008477, -0.2054860367008477, -0.2054860367008477, -0.2054860367008477, -0.06247797660315705, -0.05693596912727519, -0.07510693827231368, -0.07120125196073554, -0.08937208710007208, 0.20585306097997594, 0.20225957661474167, 0.15775788055044848, 0.18448876363242633, 0.13998883478664953, 3.0383763777549118, 1.1801111783016607, 0.7894272215437164, 1.1483837991693038, 0.7764972759694504, 10.492840117476442, 10.400705088117126, 1.1472851833208149, 10.288237441356094, 1.1106936160361314]}