{"x": 164.35336786844425, "y": -2.525116715953796, "yaw": -3.1103855891490495, "speed": 1.8078179457835901, "goal_x": 159.50474548339844, "goal_y": -2.5979599952697754, "pro": [0.0, 0.0, 0.0, 0.0, 0.0, 0.0, 0.0, 0.0, 0.0, 0.0, 0.24999999999999734, 0.0, 0.0, 0.24999999999999734, 0.0, 0.24999999999999734, 1.0813802929321307e-14, 0.0, 0.24999999999999734, 0.0, 0.0, 0.0, 0.0, 0.0, 0.0], "value": [-0.25072017442715544, -0.25072017442715544, -0.25072017442715544, -0.25072017442715544, -0.25072017442715544, -0.10631487813375173, -0.11720995227495452, -0.13990425888750524, -0.11527086241176082, -0.1379652692453694, 5.277131704051293, 1.330676354075674, 0.5076522569314119, 5.262463181593369, 0.6581146078364433, 5.393853532782346, 5.2425655421832, 0.5037535218587244, 5.18783779253192, 0.646423190710812, 0.03917742077280257, 0.02302795078935932, -0.012566603576961849, 0.023878178228200125, -0.011623102874263935]}