{"x": 148.2118311920983, "y": -14.273919693344151, "yaw": 1.7033206197120188, "speed": 5.254102095158887, "goal_x": 145.57351684570312, "goal_y": -9.102310180664062, "pro": [0.0, 0.0, 0.0, 0.0, 0.0, 0.0, 0.0, 0.0, 0.0, 0.0, 0.0, 0.0, 0.0, 0.0, 0.0, 0.0, 0.0, 0.0, 2.0672887448721145e-21, 0.9999999999396281, 0.0, 0.0, 0.0, 0.0, 6.037189642783831e-11], "value": [-0.6188334224138866, -0.6188334224138866, -0.6188334224138866, -0.6188334224138866, -0.6188334224138866, -0.5881137976873005, -0.5984426684599535, -0.48822398057897387, -0.5777818808198666, -0.5562504693945826, -0.2653912095725452, -0.29599391292128296, -0.3782654937021711, -0.20238668778565333, -0.07868145608628266, -0.016459907641863586, -0.11013987011396592, -0.24086810276161819, 4.050754007312452, 4.255217870178774, -0.0764670545355326, -0.14576789625294517, -0.2744391079375717, 2.702990330763094, 4.177979163254008]}