{"x": 148.44744899157726, "y": -2.843407464197045, "yaw": -3.1319701335829357, "speed": 10.107000094359172, "goal_x": 135.50741577148438, "goal_y": -2.9564218521118164, "pro": [0.0, 0.0, 0.0, 0.0, 0.0, 0.0, 0.0, 0.0, 0.0, 0.0, 0.0, 0.0, 0.0, 0.0, 0.0, 0.0, 0.0, 0.0, 0.0, 0.0, 0.4999999997226058, 0.4999999997226058, 0.0, 5.547883735554769e-10, 0.0], "value": [-0.22634098442370043, -0.22634098442370043, -0.22634098442370043, -0.22634098442370043, -0.22634098442370043, -0.08969762704540976, -0.08083970273815538, -0.06238807322815712, -0.09855546509391619, -0.11700636107453949, 0.17179558203172557, 0.193537288387215, 0.1906497276701169, 0.15005506374022043, 0.10477502853435107, 1.1427352350866518, 1.1984706905665845, 0.9770073143251615, 0.9544157031751757, 0.5937838916496544, 10.316726714720078, 10.498610472034512, 4.891445580769216, 10.07272414078535, 0.9265601697520587]}