{"x": 148.0781621755697, "y": -13.756019291027414, "yaw": 1.752399725468884, "speed": 5.271601687684381, "goal_x": 145.57351684570312, "goal_y": -9.102310180664062, "pro": [0.0, 0.0, 0.0, 0.0, 0.0, 0.0, 0.0, 0.0, 0.0, 0.0, 0.0, 0.0, 0.0, 0.0, 0.0, 0.0, 0.0, 0.0, 1.888576616896758e-11, 0.9999999999622284, 0.0, 0.0, 0.0, 0.0, 1.888576616896758e-11], "value": [-0.5893005528331362, -0.5893005528331362, -0.5893005528331362, -0.5893005528331362, -0.5893005528331362, -0.5536801775367577, -0.563824114768761, -0.5849436992765641, -0.5435329850919203, -0.5223857222577631, -0.19760362185882235, -0.2325714477328062, -0.3461010108138947, -0.11735864786340458, 2.8649595879407515, 0.0019902395133063466, -0.0940355485280173, -0.22543909519326796, 3.82461145391697, 4.074418668626403, -0.08117379212450901, -0.1471569245662805, -0.274034529528443, 0.024491914397703887, 3.9253593498877666]}