{"x": 147.43938322645306, "y": -2.8461212015401256, "yaw": -3.145510358831968, "speed": 10.066385295273996, "goal_x": 135.50741577148438, "goal_y": -2.9564218521118164, "pro": [0.0, 0.0, 0.0, 0.0, 0.0, 0.0, 0.0, 0.0, 0.0, 0.0, 0.0, 0.0, 0.0, 0.0, 0.0, 0.0, 0.0, 0.0, 0.0, 0.0, 0.4999999997226058, 0.4999999997226058, 0.0, 5.547883735554769e-10, 0.0], "value": [-0.21566756569025416, -0.21566756569025416, -0.21566756569025416, -0.21566756569025416, -0.21566756569025416, -0.07585153652221097, -0.06702414336277673, -0.06205443893304424, -0.0846788727380842, -0.10306631618468068, 0.18899642780116238, 0.21072225138982756, 0.17349943043004518, 0.1672714298663575, 0.12202298114796067, 1.1741382487841188, 4.242096459300912, 0.9453134430944827, 0.9847620846892046, 0.7446292496816439, 10.39616208419152, 10.435412297303655, 1.1730770334920946, 10.178128309024565, 0.9553769566555601]}