{"x": 147.85926814413705, "y": -12.978769408047224, "yaw": 1.8336604878207534, "speed": 5.927252113393849, "goal_x": 141.55697631835938, "goal_y": -7.2878804206848145, "pro": [0.0, 0.0, 0.0, 0.0, 0.0, 0.0, 0.0, 0.0, 0.0, 0.0, 0.0, 0.0, 0.0, 0.0, 0.0, 0.0, 0.0, 0.0, 0.0, 0.5, 0.0, 0.0, 0.0, 6.51067241002585e-20, 0.5], "value": [-0.6826278893118561, -0.6826278893118561, -0.6826278893118561, -0.6826278893118561, -0.6826278893118561, -0.6962587691649123, -0.7043189532579917, -0.721102225533929, -0.6881965954018102, -0.6713964029188233, -0.6111439206025014, -0.6344633638452505, -0.661725020734846, -0.595892937983018, -0.5436744549290032, -0.4494456721954384, -0.49180715050403534, -0.5687162974280745, -0.39216133066123676, 3.13172682081725, 1.395154836097832, -0.4648175662827799, -0.5422949726179536, 2.9181358308642684, 3.227739243648751]}