{"x": 146.433486952866, "y": -2.8067098941388227, "yaw": -3.107565096998493, "speed": 10.05301539439657, "goal_x": 135.50741577148438, "goal_y": -2.9564218521118164, "pro": [0.0, 0.0, 0.0, 0.0, 0.0, 0.0, 0.0, 0.0, 0.0, 0.0, 0.0, 0.0, 0.0, 0.0, 0.0, 0.0, 0.0, 0.0, 0.0, 0.0, 0.4999999997226059, 5.54788373555477e-10, 0.0, 0.4999999997226059, 0.0], "value": [-0.20991780312334385, -0.20991780312334385, -0.20991780312334385, -0.20991780312334385, -0.20991780312334385, -0.06838125108419424, -0.07709519246923219, -0.09524647576840756, -0.05966726997172623, -0.06917500577243438, 0.1982897042238037, 0.17677030114198494, 0.13194989142935076, 0.20966742292870466, 0.16484180988876102, 1.189045166321887, 1.1308770185683783, 0.7437292925893094, 3.472933359032553, 0.9410902222254829, 10.41510470220618, 10.221291314968761, 0.9584956702474238, 10.38065715753161, 1.152129113661471]}