{"x": 147.5919530958672, "y": -12.372399177474444, "yaw": 1.8980934470767026, "speed": 6.805426251501543, "goal_x": 141.55697631835938, "goal_y": -7.2878804206848145, "pro": [0.0, 0.0, 0.0, 0.0, 0.0, 0.0, 0.0, 0.0, 0.0, 0.0, 0.0, 0.0, 0.0, 0.0, 0.0, 0.0, 0.0, 0.0, 0.0, 4.5706055818481794e-10, 0.0, 0.0, 0.0, 1.3021344814100154e-19, 0.9999999995429394], "value": [-0.8191404342439355, -0.8191404342439355, -0.8191404342439355, -0.8191404342439355, -0.8191404342439355, -0.6630601676804236, -0.6709308214479006, -0.6873191815615114, -0.6551874908552954, -0.8010723377305796, -0.5744222225470809, -0.5911606498427497, -0.6232024030894734, -0.5478911195728929, -0.4911052004686023, -0.39146156770559504, -0.4382229559784747, -0.5187602413491904, -0.33506245633812354, 3.3702772752076697, -0.34264888516629793, -0.4157983871096117, -0.5001326927747018, 2.9686080689769527, 3.2696592698243867]}