{"x": 145.42959352580186, "y": -2.750339234758588, "yaw": 3.1473995376261468, "speed": 10.03859835725946, "goal_x": 135.50741577148438, "goal_y": -2.9564218521118164, "pro": [0.0, 0.0, 0.0, 0.0, 0.0, 0.0, 0.0, 0.0, 0.0, 0.0, 0.0, 0.0, 0.0, 0.0, 0.0, 0.0, 0.0, 0.0, 0.0, 0.0, 1.1095767452642134e-09, 0.0, 0.0, 0.9999999977808467, 1.1095767452642134e-09], "value": [-0.2351049275092195, -0.2351049275092195, -0.2351049275092195, -0.2351049275092195, -0.2351049275092195, -0.10172184256104294, -0.11032925064838381, -0.12825823135779038, -0.09311427710230363, -0.07518395816495838, 0.1558428705703851, 0.1344958150406093, 0.0900414434640264, 0.1771925408481393, 0.35116215770275827, 1.1073201439624196, 0.9099054787129977, 0.5638078047630309, 4.925796896712318, 1.1512805857357677, 10.162043890342503, 1.1694483622806633, 0.7581111090614131, 10.375657050774471, 10.097757041649482]}