{"x": 147.25185065779618, "y": -11.712609587443705, "yaw": 1.969471884166382, "speed": 7.6165281322460645, "goal_x": 141.55697631835938, "goal_y": -7.2878804206848145, "pro": [0.0, 0.0, 0.0, 0.0, 0.0, 0.0, 0.0, 0.0, 0.0, 0.0, 0.0, 0.0, 0.0, 0.0, 0.0, 0.0, 0.0, 0.0, 0.0, 0.5, 0.0, 0.0, 0.0, 2.4763658653461673e-20, 0.5], "value": [-0.782774770167781, -0.782774770167781, -0.782774770167781, -0.782774770167781, -0.782774770167781, -0.6280614913012613, -0.6357596834765694, -0.6517885202501847, -0.6203611916512008, -0.7595244522121526, -0.5251375245661395, -0.5470400204194577, -0.5937610004175872, -0.49899092451825655, -0.4374738507793178, -0.3364735328555505, -0.3875972292213138, -0.4717355066134379, 0.26146344831254525, 3.364505012502275, -0.30283857086327004, -0.3623708280390719, -0.46432319652425375, 3.1158353809776855, 3.3992954693756956]}