{"x": 144.42685457258938, "y": -2.7637769874663807, "yaw": 3.1601218702204625, "speed": 10.01622844608571, "goal_x": 135.50741577148438, "goal_y": -2.9564218521118164, "pro": [0.0, 0.0, 0.0, 0.0, 0.0, 0.0, 0.0, 0.0, 0.0, 0.0, 0.0, 0.0, 0.0, 0.0, 0.0, 0.0, 0.0, 0.0, 0.0, 0.0, 2.9453215373509697e-07, 1.2740050666751437e-20, 0.0, 0.9999997054677773, 6.895310287885625e-14], "value": [-20.056575671675844, -20.056575671675844, -20.056575671675844, -20.056575671675844, -20.056575671675844, -19.920074522763866, -19.92373135109439, -19.931348083960675, -19.916417554010078, -19.908799627060134, -19.60234396272277, -19.610604259462587, -19.627797185023024, -19.594081095581224, -19.593656504100135, -19.316131247072153, -19.33098791946275, -19.361781949213654, -19.30124987807204, -19.319872837635206, 9.089950205510315, 8.769509476196934, -19.242737262641803, 9.328545400727323, 8.745618528435076]}