{"x": 148.6103294546707, "y": -24.302164008650315, "yaw": 1.589114747194952, "speed": 5.683319205921349, "goal_x": 148.46588134765625, "goal_y": -16.551837921142578, "pro": [0.0, 0.0, 0.0, 0.0, 0.0, 0.0, 0.0, 0.0, 0.0, 0.0, 0.0, 0.0, 0.0, 0.0, 0.0, 0.0, 0.0, 0.0, 0.0, 0.0, 0.9999999985623584, 7.188206742742177e-10, 0.0, 7.188206742742177e-10, 0.0], "value": [-0.2002246958504374, -0.2002246958504374, -0.2002246958504374, -0.2002246958504374, -0.2002246958504374, -0.05564684465753244, -0.06438662911766324, -0.0825917922583238, -0.0637835959253831, -0.08198877189875325, 0.21434707135899392, 0.1923187171305228, 0.1464406814727291, 0.1931016851948621, 0.14722337656417156, 8.073015447568448, 1.158568447568183, 0.7574688295060454, 1.160149110914425, 0.775782877021586, 10.190010621799514, 10.003741212515592, 0.9416700478259827, 10.012441418709917, 0.9563396375675687]}