{"x": 146.92134867425014, "y": -11.239894006506907, "yaw": 2.0255327156719405, "speed": 8.445169516279933, "goal_x": 141.55697631835938, "goal_y": -7.2878804206848145, "pro": [0.0, 0.0, 0.0, 0.0, 0.0, 0.0, 0.0, 0.0, 0.0, 0.0, 0.0, 0.0, 0.0, 0.0, 0.0, 0.0, 0.0, 0.0, 0.0, 0.9999999998261548, 0.0, 0.0, 0.0, 1.0883701509611186e-30, 1.738452027263052e-10], "value": [-0.7447450061723799, -0.7447450061723799, -0.7447450061723799, -0.7447450061723799, -0.7447450061723799, -0.7443598989504214, -0.5996178724089775, -0.6153446532629324, -0.735353211049268, -0.7165846527706223, -0.47772219359925416, -0.5035726912569571, -0.5505371543949681, -0.4474401276743595, -0.3665205655949134, -0.29113078378474255, -0.3460811983120946, -0.43323029865248786, 0.2987448343182274, 3.41313424363879, -0.2790366978866601, -0.3401116034313404, -0.44145049491670246, 3.260934525615692, 3.4967854913560683]}