{"x": 143.4258318394479, "y": -2.8187691103616, "yaw": -3.092648741178437, "speed": 10.015430689269625, "goal_x": 135.50741577148438, "goal_y": -2.9564218521118164, "pro": [0.0, 0.0, 0.0, 0.0, 0.0, 0.0, 0.0, 0.0, 0.0, 0.0, 0.0, 0.0, 0.0, 0.0, 0.0, 0.0, 0.0, 0.0, 0.0, 0.0, 0.49999999982029486, 3.594103375246363e-10, 0.0, 0.49999999982029486, 0.0], "value": [-0.20173348131632515, -0.20173348131632515, -0.20173348131632515, -0.20173348131632515, -0.20173348131632515, -0.057667945597187194, -0.06652418410044483, -0.08497189244147907, -0.0618789590818046, -0.08032676572872907, 0.21172979975107906, 0.18944670638643657, 0.14303857181627372, 0.1954640094622832, 0.14905383567056119, 7.15240793540696, 1.152483541135338, 0.7516575772873907, 1.164183783770035, 0.7791837887940054, 10.229198427551673, 10.03612574395641, 0.9377246831863887, 10.040356383986431, 0.964197097752797]}