{"x": 146.4306426948841, "y": -10.509457120100208, "yaw": 2.110678610761607, "speed": 8.63393877880892, "goal_x": 141.55697631835938, "goal_y": -7.2878804206848145, "pro": [0.0, 0.0, 0.0, 0.0, 0.0, 0.0, 0.0, 0.0, 0.0, 0.0, 0.0, 0.0, 0.0, 0.0, 0.0, 0.0, 0.0, 0.0, 6.037189642783831e-11, 0.9999999999396281, 0.0, 0.0, 0.0, 4.803112297626074e-129, 2.961782025558553e-236], "value": [-0.7059522808618979, -0.7059522808618979, -0.7059522808618979, -0.7059522808618979, -0.7059522808618979, -0.7009879160547999, -0.7098569046169921, -0.7283229804485534, -0.6921163359705325, -0.6736282226261213, -0.4364498374133452, -0.4622738050447791, -0.5127460090215483, -0.4023579465319001, -0.3171968982193659, -0.266423979694946, -0.3237166877183143, -0.41210749304444205, 3.098381969071757, 3.334923542632779, -0.2814333216108221, -0.34161557400687037, -0.4392926086496596, 4.458882143112086, -19.668065402643606]}