{"x": 142.67678286762168, "y": -2.894926040238937, "yaw": -3.1182934020504107, "speed": 10.021293078742596, "goal_x": 135.50741577148438, "goal_y": -2.9564218521118164, "pro": [0.0, 0.0, 0.0, 0.0, 0.0, 0.0, 0.0, 0.0, 0.0, 0.0, 0.0, 0.0, 0.0, 0.0, 0.0, 0.0, 1.0, 0.0, 0.0, 0.0, 5.135986790496415e-30, 4.9527317306923346e-20, 2.46687213153677e-158, 0.0, 0.0], "value": [-0.2294703241568804, -0.2294703241568804, -0.2294703241568804, -0.2294703241568804, -0.2294703241568804, -0.0952327165661325, -0.08615599064485632, -0.06724820019019279, -0.10430918669051187, -0.1232148021473019, 0.16222193231583965, 0.1853428159998885, 0.19596436206080825, 0.13910735526680512, 0.09099084413105221, 1.1118924956822105, 9.511217737697422, 1.1156584717934135, 0.9175789384301181, 0.5481404097326863, 8.667233436425418, 8.774334517251967, -10.802402299488614, 1.1050607082208779, 0.5543454172429197]}