{"x": 145.8792652241668, "y": -9.8196843781033, "yaw": 2.1342004391002285, "speed": 9.057325525702359, "goal_x": 135.5596923828125, "goal_y": -6.456031799316406, "pro": [0.0, 0.0, 0.0, 0.0, 0.0, 0.0, 0.0, 0.0, 0.0, 0.0, 0.0, 0.0, 0.0, 0.0, 0.0, 1.0, 0.0, 0.0, 1.5479301328460365e-165, 1.5479301328460365e-165, 1.4335473948141159e-182, 1.5479301328460365e-165, 0.0, 4.3559632414219594e-238, 4.3559632414219594e-238], "value": [-0.7203580187441032, -0.7203580187441032, -0.7203580187441032, -0.7203580187441032, -0.7203580187441032, -0.7375785457422928, -0.7447123446940171, -0.7595684561198215, -0.7304435394177715, -0.715577160007036, -0.6697506526468889, -0.6752058468916625, -0.6946602871120038, -0.6460957124513241, -0.6052826295657251, 4.346031016970466, -0.5357651713826198, -0.6121543782745656, -18.125507415114306, -17.852941644138717, -23.888509260758703, -23.399910659735625, -0.5671351978043513, -25.632379374347828, -25.32677882891928]}