{"x": 141.43371942553452, "y": -2.9623529834604048, "yaw": -2.9763278202335712, "speed": 9.86109251492787, "goal_x": 135.50741577148438, "goal_y": -2.9564218521118164, "pro": [0.0, 0.0, 0.0, 0.0, 0.0, 0.0, 0.0, 0.0, 0.0, 0.0, 0.0, 0.0, 0.0, 0.0, 0.0, 0.0, 0.0, 0.0, 0.0, 0.0, 8.542499756131415e-192, 3.51549316239784e-309, 1.8588445747349214e-294, 1.6315312054657722e-180, 1.0], "value": [-20.060053547391817, -20.060053547391817, -20.060053547391817, -20.060053547391817, -20.060053547391817, -20.040422411640805, -20.0270942154798, -19.861863834772112, -20.053749489671354, -20.081505984245663, -19.72997205221967, -19.70122014341889, -19.641296547990343, -19.75870627373147, -19.8184800917711, -19.463678016575365, -19.411261852126533, -19.39930582189382, -19.515632666380206, -19.621679368660192, -52.63820383156224, -51.86040780364949, -52.03117377766462, -53.05609422912019, -55.44275341897409]}