{"x": 145.2918173327339, "y": -9.096923047454922, "yaw": 2.193108497148345, "speed": 9.406588264062057, "goal_x": 135.5596923828125, "goal_y": -6.456031799316406, "pro": [0.0, 0.0, 0.0, 0.0, 0.0, 0.0, 0.0, 0.0, 0.0, 0.0, 0.0, 0.0, 0.0, 0.0, 0.0, 1.0, 1.7617600738529811e-93, 0.0, 9.261060072384432e-18, 2.8140567516526414e-73, 2.8140567516526414e-73, 2.8140567516526414e-73, 0.0, 2.8140567516526414e-73, 2.8140567516526414e-73], "value": [-0.8891281363624701, -0.8891281363624701, -0.8891281363624701, -0.8891281363624701, -0.8891281363624701, -0.9089569655281773, -0.7353688084840206, -0.7501217039141386, -0.9004868026120715, -0.8828389412261503, -0.679038503687621, -0.6846001122573735, -0.7090994761619308, -0.6523347433769165, -0.5984990880002377, -23.337785231500742, 3.3522231994112968, -0.6084500010340697, -23.865796561382496, -25.521197470517787, -30.823092463678815, -30.964822222011833, -0.6062170789416284, -30.679605526541113, -25.39997355370302]}