{"x": 140.70825643288268, "y": -3.0166334501299676, "yaw": -3.076750540000762, "speed": 9.716592208095303, "goal_x": 135.50741577148438, "goal_y": -2.9564218521118164, "pro": [0.0, 0.0, 0.0, 0.0, 0.0, 0.0, 0.0, 0.0, 0.0, 0.0, 0.0, 0.0, 0.0, 0.0, 0.0, 1.0, 9.165019480560946e-71, 1.2701825192916148e-104, 0.0, 0.0, 0.0, 0.0, 0.0, 0.0, 0.0], "value": [-99.86606332840131, -99.86606332840131, -99.86606332840131, -99.86606332840131, -99.86606332840131, -24.87320042004311, -24.870965833391292, -24.866309503809163, -24.875434411939104, -24.88008568463978, -109.27244360922714, -94.3420047369072, -99.25182820363753, -104.32408027937942, -19.591026316054407, -339.86143775297785, -364.1276347214998, -343.90857309913014, -99.16254871923957, -99.34617307125805, -99.3699407253061, -99.31057302102965, -99.28118738118556, -99.4330694830931, -99.57701302437815]}