{"x": 144.73417134869345, "y": -8.347769878570572, "yaw": 2.2066175149358265, "speed": 9.299016593487421, "goal_x": 135.5596923828125, "goal_y": -6.456031799316406, "pro": [0.0, 0.0, 0.0, 0.0, 0.0, 0.0, 0.0, 0.0, 0.0, 0.0, 0.0, 0.0, 0.0, 0.0, 1.1665795284318382e-302, 0.125, 0.125, 0.0, 0.125, 0.125, 0.125, 0.125, 1.1665795284318382e-302, 0.125, 0.125], "value": [-0.9311900911051277, -0.9311900911051277, -0.9311900911051277, -0.9311900911051277, -0.9311900911051277, -0.9644802376150217, -0.9729385029512307, -0.9905526439108767, -0.9560204865144313, -0.9383937100435452, -0.7787431829476095, -0.8053528876860757, -0.8204105956017738, -0.7732328080380506, -0.7222846375347086, -31.193202484816123, -31.298234918840528, -0.7295208482885277, -31.087181921191927, -30.863049342484953, -36.17465682353095, -36.31246419433042, -0.748860380965902, -36.03510145012419, -35.73847469761908]}