{"x": 140.03154756943633, "y": -3.1577815352317873, "yaw": -3.022654015094091, "speed": 9.064185628499104, "goal_x": 135.50741577148438, "goal_y": -2.9564218521118164, "pro": [0.0, 0.0, 0.0, 0.0, 0.0, 0.0, 0.0, 0.0, 0.0, 0.0, 1.0, 0.0, 0.0, 0.0, 0.0, 0.0, 0.0, 0.0, 0.0, 0.0, 0.0, 0.0, 0.0, 0.0, 0.0], "value": [-149.9489908965225, -149.9489908965225, -149.9489908965225, -149.9489908965225, -149.9489908965225, -29.89446786721925, -29.89220398358479, -29.887484482688034, -29.896730493108215, -29.9014393000138, -1174.7472928731847, -556.0309387592863, -29.669686038226324, -551.2335933473097, -551.4597983889222, -29.716847935289582, -29.718435674716, -29.737078345926193, -29.71769017327745, -29.724112898796697, -29.727541812116602, -29.732432718181844, -29.74546321985249, -29.72367928861928, -29.719038647832758]}