{"x": 164.1497551982433, "y": -2.5385091449715547, "yaw": -3.1048760784862033, "speed": 2.1669011243386542, "goal_x": 159.50474548339844, "goal_y": -2.5979599952697754, "pro": [0.0, 0.0, 0.0, 0.0, 0.0, 0.0, 0.0, 0.0, 0.0, 0.0, 0.33333333333332127, 0.33333333333332127, 3.613279698542236e-14, 0.33333333333332127, 9.637632803124761e-135, 0.0, 0.0, 0.0, 0.0, 0.0, 0.0, 0.0, 0.0, 0.0, 0.0], "value": [-0.2562289343358607, -0.2562289343358607, -0.2562289343358607, -0.2562289343358607, -0.2562289343358607, -0.11378022250856812, -0.10787370312688965, -0.1307104026770788, -0.12474337978939506, -0.14757911244216523, 5.070155575056789, 5.064098013778987, 5.042587606870543, 5.021433131384764, 5.114340863415151, -0.07127067024715023, 0.2630016090731583, 0.40064627823494714, 0.5735578117380049, 0.4020623972464964, 0.7333212735637471, 0.42039299008471154, 0.0957840818741755, 0.41831039971818545, -0.02449430265000946]}