{"x": 144.03785671331346, "y": -7.409340500382401, "yaw": 2.1824994494328105, "speed": 9.126453511779358, "goal_x": 135.5596923828125, "goal_y": -6.456031799316406, "pro": [0.0, 0.0, 0.0, 0.0, 0.0, 0.0, 0.0, 0.0, 0.0, 0.0, 0.0, 0.0, 0.0, 0.0, 1.3332337467792437e-302, 0.14285714285714285, 0.14285714285714285, 1.3332337467792437e-302, 0.14285714285714285, 0.14285714285714285, 0.14285714285714285, 0.14285714285714285, 1.3332337467792437e-302, 0.14285714285714285, 5.783847078626029e-43], "value": [-0.9903390832957846, -0.9903390832957846, -0.9903390832957846, -0.9903390832957846, -0.9903390832957846, -1.0418429626493364, -1.0502954859412648, -1.067896961499455, -1.0333887321505297, -1.0157727377981072, -0.9562351404234695, -0.9413462009195878, -0.9391394826905637, -0.9265519898635826, -0.8929723243914459, -36.62348461123256, -36.72484389868074, -0.9497643571387593, -36.52117579899681, -36.30488101330166, -41.620127558798366, -41.75236343790267, -0.9365685974973134, -41.48626451180815, -32.36038745459954]}