{"x": 138.67901135157678, "y": -3.3585975121324756, "yaw": -2.999047755191629, "speed": 8.39385467516974, "goal_x": 130.5079803466797, "goal_y": -3.031101703643799, "pro": [0.0, 0.0, 0.0, 0.0, 0.0, 0.0, 0.0, 0.0, 0.0, 0.0, 0.0, 0.0, 0.0, 0.0, 0.0, 0.0, 0.0, 0.0, 0.0, 0.0, 1.0, 0.0, 0.0, 0.0, 0.0], "value": [-40.082556792861475, -40.082556792861475, -40.082556792861475, -40.082556792861475, -40.082556792861475, -39.89078816243292, -39.888854615905494, -39.884826372361, -39.89272151397457, -39.89674809932406, -159.92532914459065, -159.90520784997778, -159.86324375496613, -34.58122576873442, -34.590369043281896, -159.66148843760993, -159.62835957395782, -159.55885621464208, -159.69443252733308, -244.69196091698257, -2282.9057289211487, -159.50245738864717, -159.38986123374184, -244.5058502979689, -244.6535837595029]}