{"x": 143.81957516593823, "y": -7.07230252042316, "yaw": 2.2404320650170977, "speed": 8.979761347546239, "goal_x": 135.5596923828125, "goal_y": -6.456031799316406, "pro": [0.0, 0.0, 0.0, 0.0, 0.0, 0.0, 0.0, 0.0, 0.0, 0.0, 2.3331590568636765e-302, 0.0, 0.0, 2.3331590568636765e-302, 0.25, 0.25, 0.25, 2.3331590568636765e-302, 0.25, 1.5651426297802392e-21, 2.655709488879361e-113, 2.655709488879361e-113, 1.1655160087273553e-167, 2.655709488879361e-113, 2.655709488879361e-113], "value": [-1.0749785902647893, -1.0749785902647893, -1.0749785902647893, -1.0749785902647893, -1.0749785902647893, -1.151340480612493, -1.1597884156585176, -1.1773795850737079, -1.1428906015360305, -1.125282899142844, -1.2285483249073001, -1.1964588626370178, -1.1832861137827089, -1.1960115255491073, -42.06715000454824, -42.16956531812956, -42.26594233606572, -1.1924966207867977, -42.072350838810316, -37.48440697187817, -44.491519184319024, -44.59092253018277, -0.4979213922118493, -44.39128409549733, -44.17969982900326]}