{"x": 137.8778131632648, "y": -3.479219901977747, "yaw": -2.9933938641973907, "speed": 7.929866905297464, "goal_x": 130.5079803466797, "goal_y": -3.031101703643799, "pro": [0.0, 0.0, 0.0, 0.0, 0.0, 0.0, 0.0, 0.0, 0.0, 0.0, 0.0, 0.0, 0.0, 0.0, 0.0, 0.0, 0.0, 0.0, 0.0, 0.0, 1.0, 0.0, 0.0, 0.0, 0.0], "value": [-30.086825703721328, -30.086825703721328, -30.086825703721328, -30.086825703721328, -30.086825703721328, -90.16566869362947, -90.15793089174781, -90.14180892683814, -90.17340523954542, -90.18951652523381, -89.8654264855236, -89.84863590619284, -89.81358351570955, -89.88219013257228, -89.91701415586547, -89.61147426467836, -89.58273489352025, -89.52197037421396, -89.63989787571074, -124.9127937710894, -324.5972770583319, -89.4918382495812, -89.38608087059043, -124.77696477081915, -124.88707413708404]}