{"x": 143.0018720915212, "y": -5.953552204361891, "yaw": 2.1702897817570563, "speed": 8.587090689929484, "goal_x": 135.5596923828125, "goal_y": -6.456031799316406, "pro": [0.0, 0.0, 0.0, 0.0, 0.0, 0.0, 0.0, 0.0, 0.0, 0.0, 0.0, 0.0, 0.0, 0.0, 0.0, 0.5, 9.336907234906422e-19, 0.0, 1.519295161492301e-56, 9.511654497881814e-77, 1.519295161492301e-56, 0.5, 0.0, 9.511654497881814e-77, 1.6139226307134422e-168], "value": [-1.1553799849948394, -1.1553799849948394, -1.1553799849948394, -1.1553799849948394, -1.1553799849948394, -1.2558369381663839, -1.2642722092194802, -1.2818363420367032, -1.2473995143631795, -1.229817073328707, -1.281807317607784, -1.307794250804233, -1.2593605652543212, -1.339687007263354, -1.3532231005319564, -41.14701252722152, 3.081645792695033, -1.3187183625805767, -42.60776986728674, -42.980235243665874, -42.737871019323784, -41.33236676280816, -1.3037807303055882, -43.169642378211236, -44.58847579357136]}