{"x": 137.10433806400098, "y": -3.5952203441309756, "yaw": -3.105176422747882, "speed": 7.773798477493584, "goal_x": 130.5079803466797, "goal_y": -3.031101703643799, "pro": [0.0, 0.0, 0.0, 0.0, 0.0, 0.0, 0.0, 0.0, 0.0, 0.0, 0.0, 0.0, 0.0, 0.0, 0.0, 0.0, 0.0, 0.0, 0.0, 0.0, 7.044919548511071e-40, 9.242006296991734e-32, 1.0, 1.3873388084647723e-56, 6.5049477544741386e-83], "value": [-45.09085192571457, -45.09085192571457, -45.09085192571457, -45.09085192571457, -45.09085192571457, -45.000482048460725, -44.99635945032162, -44.98776682506988, -45.00460297509227, -45.01318138827939, -39.70355167154175, -39.693765227927436, -39.67326174110139, -39.7132977126115, -39.733458790573124, -24.4630336374558, -24.444178217794178, -39.40321502541769, -24.481339944009473, -19.517713701828804, 5.227343404386672, 5.550967603063127, 6.160070058480223, 4.99391841384349, 4.460843249015512]}