{"x": 142.64205978705397, "y": -5.518438790124231, "yaw": 2.23666060384162, "speed": 7.922179987320138, "goal_x": 135.5596923828125, "goal_y": -6.456031799316406, "pro": [0.0, 0.0, 0.0, 0.0, 0.0, 0.0, 0.0, 0.0, 0.0, 0.0, 0.0, 0.0, 0.0, 0.0, 0.0, 0.0, 0.0, 0.0, 1.0, 5.765463090161346e-239, 8.658936304258252e-149, 0.0, 0.0, 5.765463090161346e-239, 1.6224340335273e-311], "value": [-1.2205285179727572, -1.2205285179727572, -1.2205285179727572, -1.2205285179727572, -1.2205285179727572, -1.3412350769536614, -1.3496353852905343, -1.3671262039447913, -1.3328324609354403, -1.315322016240477, -1.3179726371693852, -1.3406569161808028, -1.2701198814975374, -1.4038416426172904, -1.4463819281480252, -1.4699716903360494, -1.4022092632681245, -1.3628814024734102, -1.4429057841923516, -40.817176434818286, 1.912692815105371, -1.4874256106306074, -1.477113479338289, -41.05801948374482, -42.81644915617168]}