{"x": 136.57310208063745, "y": -3.6672109690031367, "yaw": -3.0799830851907, "speed": 7.9512201861772525, "goal_x": 130.5079803466797, "goal_y": -3.031101703643799, "pro": [0.0, 0.0, 0.0, 0.0, 0.0, 0.0, 0.0, 0.0, 0.0, 0.0, 0.0, 0.0, 0.0, 0.0, 0.0, 1.0883701509611186e-30, 1.8027761513112733e-20, 0.9999999998261548, 0.0, 0.0, 0.0, 1.0883701509611186e-30, 1.738452027263052e-10, 0.0, 0.0], "value": [-40.094724820080955, -40.094724820080955, -40.094724820080955, -40.094724820080955, -40.094724820080955, -35.011606910796786, -20.007426982681725, -19.99871311953587, -35.01578458364675, -35.0244792720272, -34.72291137613588, -19.712713194431668, -24.691280730857294, -34.733046196713836, -34.753942021054975, 5.52125742574404, 5.699798697702787, 6.097421386215128, 0.3853920912170978, 0.1319038582424641, 4.124884915918989, 5.4392945372924295, 5.983262407942008, 0.2594732719649858, 0.010751335537716497]}