{"x": 142.1681087508614, "y": -4.912300043322841, "yaw": 2.287483818374448, "speed": 7.543794019170466, "goal_x": 135.5596923828125, "goal_y": -6.456031799316406, "pro": [0.0, 0.0, 0.0, 0.0, 0.0, 0.0, 0.0, 0.0, 0.0, 0.0, 0.0, 0.0, 0.0, 0.0, 0.0, 0.0, 0.0, 0.0, 0.0, 0.49999999995653877, 0.0, 0.0, 0.0, 8.692260137070814e-11, 0.49999999995653877], "value": [-1.3013384380523694, -1.3013384380523694, -1.3013384380523694, -1.3013384380523694, -1.3013384380523694, -1.4455553464092221, -1.453924775205012, -1.471350965283636, -1.4371835107369857, -1.4197368507286707, -1.4708940153018957, -1.493271933612745, -1.400933780079237, -1.448474564124375, -1.525542646758756, -1.5600744867337657, -1.6013803363372048, -1.538910130441339, -1.646085060487871, -1.998791229486891, -1.6505909684872884, -1.5644020703940948, -1.5152061099557181, -2.189941743412901, -2.03190134606947]}