{"x": 136.0123834600603, "y": -3.672580669439557, "yaw": -3.0905109845189163, "speed": 8.137124506681621, "goal_x": 130.5079803466797, "goal_y": -3.031101703643799, "pro": [0.0, 0.0, 0.0, 0.0, 0.0, 0.0, 0.0, 0.0, 0.0, 0.0, 0.0, 0.0, 0.9999999999811142, 0.0, 0.0, 0.0, 1.9087555234788018e-22, 1.8885766169324253e-11, 0.0, 0.0, 0.0, 0.0, 9.994012703653572e-34, 0.0, 0.0], "value": [-30.090838483598915, -30.090838483598915, -30.090838483598915, -30.090838483598915, -30.090838483598915, -0.3755425511539896, -0.3641644524790063, -0.34045537475054355, -0.38691802334206765, -0.3124747380484132, 0.1484916285997853, 0.27190451347575356, 5.437173389940247, 0.025463984912291418, -0.1144711943134377, 2.5493979711275383, 5.125666384816565, 5.434169768499304, 0.295637341666859, 0.10301557569219481, 0.2540601905879301, 0.39455522340964444, 5.021150951697186, 0.12714524105428457, -0.08738692780064072]}