{"x": 148.6004051866218, "y": -23.71889446858972, "yaw": 1.5898075685525361, "speed": 5.887321252316817, "goal_x": 148.46588134765625, "goal_y": -16.551837921142578, "pro": [0.0, 0.0, 0.0, 0.0, 0.0, 0.0, 0.0, 0.0, 0.0, 0.0, 0.0, 0.0, 0.0, 0.0, 0.0, 1.844617072101696e-241, 0.0, 0.0, 0.0, 0.0, 0.9999999995429394, 4.5706055818481794e-10, 0.0, 1.3021344814100154e-19, 0.0], "value": [-0.20017109104570666, -0.20017109104570666, -0.20017109104570666, -0.20017109104570666, -0.20017109104570666, -0.05557625515804013, -0.0638882957646987, -0.08216449785482513, -0.06435015015468587, -0.082626341092328, 0.2144359220605344, 0.19276987343154567, 0.14638748296981258, 0.19216460547118114, 0.145782476844029, 11.064186698292344, 1.1580157520832945, 0.7532556435518981, 1.1567213868622905, 0.7694693607828749, 9.772449825658198, 9.514481572749366, 0.7925741345202304, 9.562210306074457, 0.923806648508064]}