{"x": 141.66011062999073, "y": -4.375622661423211, "yaw": 2.324137678392392, "speed": 7.251648490758393, "goal_x": 135.5596923828125, "goal_y": -6.456031799316406, "pro": [0.0, 0.0, 0.0, 0.0, 0.0, 0.0, 0.0, 0.0, 0.0, 0.0, 0.0, 0.0, 0.0, 0.0, 0.0, 0.0, 0.0, 0.0, 0.0, 0.49999999995653877, 0.0, 0.0, 0.0, 8.692260137070814e-11, 0.49999999995653877], "value": [-1.3555896907524958, -1.3555896907524958, -1.3555896907524958, -1.3555896907524958, -1.3555896907524958, -1.517027828751808, -1.5253553664185173, -1.5426940605670303, -1.5086978078784876, -1.4913379944105167, -1.5782654402704202, -1.6003609978244375, -1.4922269102191987, -1.5561294164000126, -1.6493280534224672, -1.7022795671630149, -1.7429038745574665, -1.6634907739851352, -1.8049855293964059, -2.6721479605334104, -1.8109579843049561, -1.7076438374906988, -1.6409054245148895, -2.8473979831756937, -2.7173096288647716]}