{"x": 135.20147956902244, "y": -3.632879696916711, "yaw": -3.159799209800032, "speed": 8.008777216231833, "goal_x": 130.5079803466797, "goal_y": -3.031101703643799, "pro": [0.0, 0.0, 0.0, 0.0, 0.0, 0.0, 0.0, 0.0, 0.0, 0.0, 0.0, 0.0, 0.9999999999988343, 0.0, 0.0, 0.0, 5.828322611877127e-13, 5.828322611877127e-13, 0.0, 0.0, 0.0, 0.0, 1.501122985591419e-25, 0.0, 0.0], "value": [-0.39711421397247115, -0.39711421397247115, -0.39711421397247115, -0.39711421397247115, -0.39711421397247115, -0.30389659828083315, -0.2928022738574213, -0.2696846564523666, -0.3149883571902301, -0.3380841648052556, 0.4328068384971384, 0.48577985916323624, 4.731200922022252, 0.2999853461273758, 0.04325965621116662, 0.4420832216457525, 4.455156209787825, 4.609686030649609, 0.30012740708260344, 0.040808279021437244, 0.19821776846262737, 0.4330006773648689, 4.429107849442203, 0.0608662755930629, -0.08867157326127574]}