{"x": 141.10802013626437, "y": -3.910781401458056, "yaw": 2.3891655880691753, "speed": 7.132491250140756, "goal_x": 135.50741577148438, "goal_y": -2.9564218521118164, "pro": [0.0, 0.0, 0.0, 0.0, 0.0, 0.0, 0.0, 0.0, 0.0, 0.0, 0.0, 0.0, 0.0, 0.0, 0.0, 0.0, 0.0, 0.0, 0.0, 0.5, 0.0, 0.0, 0.0, 1.0336443724984604e-21, 0.5], "value": [-0.8252328183375999, -0.8252328183375999, -0.8252328183375999, -0.8252328183375999, -0.8252328183375999, -0.8569102377097878, -0.8654435555240858, -0.883209558135297, -0.8483740468467493, -0.8305836118243695, -0.7054290032251468, -0.7000189109428383, -0.7503707635225364, -0.6776348878592733, -0.6316214021924627, -0.6196335647075986, -0.6369117653231953, -0.683079869968655, -0.14346662048947473, 2.015761570711174, -0.624566966310365, -0.6437895484867393, -0.6989928503933693, 1.7720261151684735, 1.8581203959763082]}