{"x": 133.92615006097864, "y": -3.510636453165235, "yaw": 3.0983831312193666, "speed": 7.649942333978195, "goal_x": 125.50853729248047, "goal_y": -3.105781078338623, "pro": [0.0, 0.0, 0.0, 0.0, 0.0, 0.0, 0.0, 0.0, 0.0, 0.0, 0.0, 0.0, 0.0, 0.0, 0.0, 0.0, 0.0, 0.0, 0.0, 0.0, 0.9999999977808467, 1.1095767452642134e-09, 0.0, 1.1095767452642134e-09, 0.0], "value": [-0.20346819291326212, -0.20346819291326212, -0.20346819291326212, -0.20346819291326212, -0.20346819291326212, -0.059972682396783474, -0.05934169770312736, -0.07730520253768997, -0.06859638795507397, -0.0865597233450808, 0.20878150255021655, 0.1990968977761365, 0.15411064119892315, 0.1871831467772283, 0.1422001732592582, 5.703503894321481, 1.1720168207134145, 0.7746338762540333, 1.1492258915680156, 0.7707407175918382, 10.291631893861288, 10.20039274940246, 0.9782011679189985, 10.09022353296393, 0.9649805763552696]}