{"x": 140.52073456429005, "y": -3.494298289432395, "yaw": 2.462401886438761, "speed": 7.157741888779614, "goal_x": 135.50741577148438, "goal_y": -2.9564218521118164, "pro": [0.0, 0.0, 0.0, 0.0, 0.0, 0.0, 0.0, 0.0, 0.0, 0.0, 0.0, 0.0, 0.0, 0.0, 0.0, 0.0, 0.0, 0.0, 3.4242567602651636e-11, 0.9999999999315148, 0.0, 0.0, 0.0, 0.0, 3.4242567602651636e-11], "value": [-0.8070506812972326, -0.8070506812972326, -0.8070506812972326, -0.8070506812972326, -0.8070506812972326, -0.8416382443593089, -0.8502139533254703, -0.8680663508357078, -0.8330590689141444, -0.8151771928727487, -0.7159584352689902, -0.7439521544328964, -0.7577757234540146, -0.7107199420933852, -0.6560832822578345, -0.6653476152303481, -0.6771729539194759, -0.7169846537729304, 1.525862697736046, 1.6722002151322597, -0.6846249988317284, -0.6962342022259921, -0.7425478207254521, -0.2704328127885517, 1.6327901790244022]}