{"x": 133.20008919754278, "y": -3.330302886642295, "yaw": 3.124811897321053, "speed": 7.273886046915808, "goal_x": 125.50853729248047, "goal_y": -3.105781078338623, "pro": [0.0, 0.0, 0.0, 0.0, 0.0, 0.0, 0.0, 0.0, 0.0, 0.0, 0.0, 0.0, 0.0, 0.0, 0.0, 0.0, 0.0, 0.0, 0.0, 0.4999999997226059, 0.0, 0.0, 0.0, 5.54788373555477e-10, 0.4999999997226059], "value": [-0.2611561378757947, -0.2611561378757947, -0.2611561378757947, -0.2611561378757947, -0.2611561378757947, -0.13744713973417658, -0.14580047632216586, -0.16319946602416857, -0.12909342479936092, -0.11169121787086234, 0.10807547585971292, 0.08702728718998841, 0.04321557754364888, 0.12913173314661763, 0.17301190479220163, 0.869607752227368, 0.6910897788949275, 0.4823565663790598, 1.0647027351169354, 10.019305291098807, 7.553402906305056, 0.8983130663506524, 0.5272531799334564, 9.657497786789827, 10.064456581593316]}