{"x": 139.89659033240034, "y": -3.122185439383622, "yaw": 2.5379072987455378, "speed": 7.25121118431952, "goal_x": 135.50741577148438, "goal_y": -2.9564218521118164, "pro": [0.0, 0.0, 0.0, 0.0, 0.0, 0.0, 0.0, 0.0, 0.0, 0.0, 0.0, 0.0, 0.0, 0.0, 0.0, 0.0, 0.0, 0.0, 2.61738342210664e-45, 0.9999999999811142, 0.0, 0.0, 0.0, 0.0, 1.8885766169324253e-11], "value": [-0.9498141661225667, -0.9498141661225667, -0.9498141661225667, -0.9498141661225667, -0.9498141661225667, -0.8321713077951418, -0.8408331345152062, -0.8588619024065085, -0.8235050734219551, -0.8238695801189363, -0.7842841854807143, -0.7788937645303048, -0.8373920225231253, -0.7521522910964941, -0.7031254632365123, -0.7487098547036103, -0.7503016061562741, -0.7786502687296203, 1.6338123850605222, 1.1656118307054544, -0.7799281884747179, -0.7788442751399988, -0.8113478674435537, -0.7172964861362366, 1.1035333446863356]}