{"x": 132.74492345529794, "y": -3.2697435734758225, "yaw": 3.0853561100453786, "speed": 6.952217651978649, "goal_x": 125.50853729248047, "goal_y": -3.105781078338623, "pro": [0.0, 0.0, 0.0, 0.0, 0.0, 0.0, 0.0, 0.0, 0.0, 0.0, 0.0, 0.0, 0.0, 0.0, 0.0, 0.0, 0.0, 0.0, 0.0, 0.9999999992811792, 5.396480296131095e-267, 0.0, 0.0, 9.360011870234826e-29, 7.188206747909209e-10], "value": [-0.27754643272925544, -0.27754643272925544, -0.27754643272925544, -0.27754643272925544, -0.27754643272925544, -0.1602054837394225, -0.1685170025725582, -0.18582830331680084, -0.15189341240956886, -0.13457741365214995, 0.07693155910902746, 0.05581969346463235, 0.01189348210741012, 0.09805665553635702, 0.27253417903424537, 0.8018361379776412, 0.7410323318443908, 0.42504608237926056, 0.9918323721899021, 9.379465280309601, 9.400798753233344, 0.7811523268721648, 0.4265204849375311, 8.387415106690785, 8.950124766111964]}