{"x": 139.23667023395095, "y": -2.7941149689524765, "yaw": 2.614772813100352, "speed": 7.352675145488733, "goal_x": 130.5079803466797, "goal_y": -3.031101703643799, "pro": [0.0, 0.0, 0.0, 0.0, 0.0, 0.0, 0.0, 0.0, 0.0, 0.0, 0.0, 0.0, 0.0, 0.0, 0.0, 0.0, 0.0, 0.0, 0.0, 0.5, 0.0, 0.0, 0.0, 6.51067241002585e-20, 0.5], "value": [-0.6573379592810593, -0.6573379592810593, -0.6573379592810593, -0.6573379592810593, -0.6573379592810593, -0.6627638455689069, -0.6699060159832999, -0.6847786163196011, -0.6556201765907147, -0.6407348321002615, -0.5610222625613606, -0.5817336671569777, -0.612763570235962, -0.5406465898810363, -0.4874402650505666, -0.3647634306252704, -0.4090433167314178, -0.4841798683489481, -0.3137491760597035, 3.427778254543242, 1.538579706906976, -0.3709016032488972, -0.45262642948223064, 3.249443624360291, 3.5017633560190857]}