{"x": 132.05950150755538, "y": -3.2811294137695493, "yaw": 3.1305879723978505, "speed": 6.707954338975865, "goal_x": 120.50909423828125, "goal_y": -3.1804609298706055, "pro": [0.0, 0.0, 0.0, 0.0, 0.0, 0.0, 0.0, 0.0, 0.0, 0.0, 0.0, 0.0, 0.0, 0.0, 0.0, 0.0, 0.0, 0.0, 0.0, 0.3333333333333333, 0.0, 0.0, 0.0, 0.3333333333333333, 0.3333333333333333], "value": [-0.25785408355485107, -0.25785408355485107, -0.25785408355485107, -0.25785408355485107, -0.25785408355485107, -0.1312584355713212, -0.13956572418203994, -0.15686943643056656, -0.12295094652402738, -0.1056455297887332, 0.11915505041416026, 0.09867350885623552, 0.05602196611516155, 0.13963959869902787, 0.18231668019885983, 0.7746555565897006, 0.7254073387503283, 0.5197592019707094, 0.9580129760255722, 10.335458067615097, 7.900985394777685, 0.9777327081670314, 0.7148860947407726, 10.200020030503522, 10.408113693813632]}