{"x": 163.42917505777305, "y": -2.5738564603452825, "yaw": -3.113198562679586, "speed": 2.2483329022360543, "goal_x": 154.5052947998047, "goal_y": -2.6726393699645996, "pro": [0.0, 0.0, 0.0, 0.0, 0.0, 0.0, 0.0, 0.0, 0.0, 0.0, 0.0, 0.0, 0.0, 0.0, 0.0, 0.0, 0.0, 0.0, 0.0, 0.0, 0.4999999997226058, 0.4999999997226058, 0.0, 5.547883735554769e-10, 0.0], "value": [-0.2124635255422673, -0.2124635255422673, -0.2124635255422673, -0.2124635255422673, -0.2124635255422673, -0.0719138179006995, -0.06305227717582426, -0.06609742085404322, -0.08077528930251379, -0.09923374323647785, 0.19351943358730966, 0.21384637251630506, 0.16778918094379852, 0.1714093663883739, 0.12536295048846946, 1.1795802167920693, 4.225799625295499, 0.9291638179913442, 0.9887226747530676, 0.7428075563087334, 10.275035881484195, 10.277866762568905, 1.1405237318491988, 10.01634022192128, 0.9350762123794725]}