{"x": 138.54620995999448, "y": -2.5131849441909964, "yaw": 2.6926689359786353, "speed": 7.441856248833054, "goal_x": 130.5079803466797, "goal_y": -3.031101703643799, "pro": [0.0, 0.0, 0.0, 0.0, 0.0, 0.0, 0.0, 0.0, 0.0, 0.0, 0.0, 0.0, 0.0, 0.0, 0.0, 0.0, 0.0, 0.0, 0.0, 0.49999999992877675, 0.0, 0.0, 0.0, 1.4244660339932433e-10, 0.49999999992877675], "value": [-0.6248441611456896, -0.6248441611456896, -0.6248441611456896, -0.6248441611456896, -0.6248441611456896, -0.6228988909220828, -0.6301526803611334, -0.645257282044865, -0.6156434488267759, -0.6005247927393822, -0.5053432983243673, -0.5298639218460851, -0.5685096687285396, -0.48079782851710945, -0.41920946831957706, -0.29219314279518227, -0.34452661997126, -0.42826705131514786, 2.1965176433696296, 3.729949657498411, -0.24408704740722253, -0.3120775924853869, -0.40790251703291924, 3.3432060761771836, 3.767046648876855]}