{"x": 131.15071055264258, "y": -3.3457379950411155, "yaw": 3.118837273655611, "speed": 6.493005999052496, "goal_x": 120.50909423828125, "goal_y": -3.1804609298706055, "pro": [0.0, 0.0, 0.0, 0.0, 0.0, 0.0, 0.0, 0.0, 0.0, 0.0, 0.0, 0.0, 0.0, 0.0, 0.0, 0.0, 0.0, 0.0, 0.0, 0.0, 0.4999999997226059, 5.54788373555477e-10, 0.0, 0.4999999997226059, 0.0], "value": [-0.20528387718719196, -0.20528387718719196, -0.20528387718719196, -0.20528387718719196, -0.20528387718719196, -0.06229978997036667, -0.07087640729009859, -0.08874169898550971, -0.05696750325015088, -0.07483297595581698, 0.2059486145670726, 0.18474415929238575, 0.14057893801732368, 0.20232373820997318, 0.15815567287025595, 3.4846386408259056, 1.1471073227975497, 0.7582963849222977, 1.1794421356599574, 0.9291603901849319, 10.441385488567933, 10.27554323333323, 0.9756033548577193, 10.342066251761231, 1.1381515082704303]}