{"x": 137.82928082861392, "y": -2.2835883538503485, "yaw": 2.771778891818071, "speed": 7.510581705832698, "goal_x": 130.5079803466797, "goal_y": -3.031101703643799, "pro": [0.0, 0.0, 0.0, 0.0, 0.0, 0.0, 0.0, 0.0, 0.0, 0.0, 0.0, 0.0, 0.0, 0.0, 0.0, 0.0, 0.0, 0.0, 0.0, 0.5, 0.0, 0.0, 0.0, 2.4763658653461673e-20, 0.5], "value": [-0.7396321768533213, -0.7396321768533213, -0.7396321768533213, -0.7396321768533213, -0.7396321768533213, -0.582359358777633, -0.5897640705931393, -0.6051823579830482, -0.5749527837287581, -0.7060615054384347, -0.44615439541292856, -0.4781639422996141, -0.5245562350570638, -0.4208712664009968, -0.35052119960820394, -0.2228793556981959, -0.28349827993752785, -0.37620082770731356, 0.6711621216476198, 3.8302970818470823, -0.19181293371316874, -0.26058380545929893, -0.3703945924189791, 3.5268130403889804, 3.816009096850893]}