{"x": 130.5037750125921, "y": -3.420654315369612, "yaw": -3.155491245648054, "speed": 6.505166631232552, "goal_x": 120.50909423828125, "goal_y": -3.1804609298706055, "pro": [0.0, 0.0, 0.0, 0.0, 0.0, 0.0, 0.0, 0.0, 0.0, 0.0, 0.0, 0.0, 0.0, 0.0, 0.0, 0.0, 0.0, 0.0, 0.0, 0.0, 1.1095767452642134e-09, 0.9999999977808467, 1.1095767452642134e-09, 0.0, 0.0], "value": [-0.23218145944926158, -0.23218145944926158, -0.23218145944926158, -0.23218145944926158, -0.23218145944926158, -0.09784254297690145, -0.08903596142353642, -0.07069111632748293, -0.10664897509753468, -0.12499254948245547, 0.1607975090653671, 0.18263317700337595, 0.20135573543492225, 0.13896430942751553, 0.09349703500984295, 1.1176035072465795, 4.956721018616166, 1.1366730087768635, 0.9301803921010194, 0.5720321218894326, 10.197118047471108, 10.390883023260606, 10.02922283912502, 1.1788910306366152, 0.8853705041943819]}