{"x": 137.09157034026444, "y": -2.1087379131515753, "yaw": 2.85191130432537, "speed": 7.557844254565381, "goal_x": 130.5079803466797, "goal_y": -3.031101703643799, "pro": [0.0, 0.0, 0.0, 0.0, 0.0, 0.0, 0.0, 0.0, 0.0, 0.0, 0.0, 0.0, 0.0, 0.0, 0.0, 0.0, 0.0, 0.0, 0.0, 0.9999999998261548, 0.0, 0.0, 0.0, 1.0883701509611186e-30, 1.738452027263052e-10], "value": [-0.6974281993748166, -0.6974281993748166, -0.6974281993748166, -0.6974281993748166, -0.6974281993748166, -0.5412125612859666, -0.5488128597339794, -0.5646375950743481, -0.6746892550384002, -0.6558110766895952, -0.3877552054865189, -0.4272470494624973, -0.4739875574412591, -0.3615012978908227, -0.2819871121970649, -0.15969213360834653, -0.22872039840143407, -0.3305697273353225, 1.8054897948244923, 3.9290628255764135, -0.15172888725357417, -0.22719206137136363, -0.34330850704069515, 3.7204815471795345, 4.0000351442863575]}