{"x": 129.84061508827227, "y": -3.4237192898869275, "yaw": -3.156976037389166, "speed": 6.767845470643534, "goal_x": 120.50909423828125, "goal_y": -3.1804609298706055, "pro": [0.0, 0.0, 0.0, 0.0, 0.0, 0.0, 0.0, 0.0, 0.0, 0.0, 0.0, 0.0, 0.0, 0.0, 0.0, 0.0, 0.0, 0.0, 0.0, 0.0, 1.1095767452642134e-09, 0.9999999977808467, 1.1095767452642134e-09, 0.0, 0.0], "value": [-0.23240006689213838, -0.23240006689213838, -0.23240006689213838, -0.23240006689213838, -0.23240006689213838, -0.09829905469364547, -0.08946133463545877, -0.07105158384143084, -0.10713660723173055, -0.12554493352453855, 0.1599348434233387, 0.18192693758110917, 0.20173540919073057, 0.13794568626064535, 0.09215582045698772, 1.1146786446674053, 5.682980858007591, 1.1363904833809395, 0.9266773094170884, 0.5676946525171505, 10.136539431989286, 10.347356054550028, 9.970263125244328, 1.1711552565940848, 0.767706479492312]}