{"x": 136.33890157164532, "y": -1.9914138280544478, "yaw": 2.932882965290571, "speed": 7.58875595775264, "goal_x": 130.5079803466797, "goal_y": -3.031101703643799, "pro": [0.0, 0.0, 0.0, 0.0, 0.0, 0.0, 0.0, 0.0, 0.0, 0.0, 0.0, 0.0, 0.0, 0.0, 0.0, 0.0, 0.0, 0.0, 6.037189642419354e-11, 0.9999999998792561, 0.0, 0.0, 0.0, 0.0, 6.037189642419354e-11], "value": [-0.6543944348337349, -0.6543944348337349, -0.6543944348337349, -0.6543944348337349, -0.6543944348337349, -0.6334376258624499, -0.6427792299325252, -0.5236601328990721, -0.6240934406076913, -0.6046209387432536, -0.3311958855584942, -0.35863963203481575, -0.4268647962286686, -0.28035041803264044, -0.17521883634320018, -0.1078054209491649, -0.1850764837034385, -0.29575607751934374, 3.6852172436255777, 3.966329065316822, -0.12881195302905463, -0.20968199971842919, -0.33015730031308177, 1.288902536760915, 3.91711394144383]}