{"x": 129.13487506968116, "y": -3.386164838567509, "yaw": 3.139297807678472, "speed": 7.303655790937089, "goal_x": 120.50909423828125, "goal_y": -3.1804609298706055, "pro": [0.0, 0.0, 0.0, 0.0, 0.0, 0.0, 0.0, 0.0, 0.0, 0.0, 0.0, 0.0, 0.0, 0.0, 0.0, 0.0, 0.0, 0.0, 0.0, 0.0, 0.49999999982029486, 0.49999999982029486, 0.0, 3.594103375246363e-10, 0.0], "value": [-0.21544824379887353, -0.21544824379887353, -0.21544824379887353, -0.21544824379887353, -0.21544824379887353, -0.07592523675425852, -0.06715354621409206, -0.0618090487759117, -0.08469683871419334, -0.10296802585859102, 0.18830319330971707, 0.21023739847164943, 0.17355051752122358, 0.16637066567457232, 0.12069567497172143, 1.1705188819833832, 6.441374364347826, 0.9398826225880899, 0.9787004354044375, 0.7341519031329877, 10.277479428236754, 10.330582254383536, 1.1513809972730797, 9.982616298606247, 0.92105323997001]}