{"x": 135.57711685311165, "y": -1.9334649239969077, "yaw": 2.96649630370094, "speed": 7.606332770230185, "goal_x": 130.5079803466797, "goal_y": -3.031101703643799, "pro": [0.0, 0.0, 0.0, 0.0, 0.0, 0.0, 0.0, 0.0, 0.0, 0.0, 0.0, 0.0, 0.0, 0.0, 8.191371889989349e-188, 0.0, 0.0, 0.0, 1.0, 8.191371889989349e-188, 0.0, 0.0, 0.0, 1.1514985410839431e-125, 8.191371889989349e-188], "value": [-0.6103912566839681, -0.6103912566839681, -0.6103912566839681, -0.6103912566839681, -0.6103912566839681, -0.5823022641219213, -0.5919989139359073, -0.6121869129150393, -0.5726023893607972, -0.5523869686872384, -0.25358396709203845, -0.2869080298808714, -0.36780186495716516, -0.18264069903116892, -33.87570828954437, -0.0772630728342383, -0.16172915933189463, -0.2794612948502502, 3.511650194953728, -38.90524375349199, -0.12499713682675935, -0.21002567461648197, -0.33303493521284355, 4.564981710627363, -39.16582968597874]}