{"x": 128.39448805380388, "y": -3.358347742500879, "yaw": 3.0932473197979453, "speed": 7.3947697491264, "goal_x": 120.50909423828125, "goal_y": -3.1804609298706055, "pro": [0.0, 0.0, 0.0, 0.0, 0.0, 0.0, 0.0, 0.0, 0.0, 0.0, 0.0, 0.0, 0.0, 0.0, 0.0, 0.0, 0.0, 0.0, 0.0, 0.0, 0.49999999982029486, 0.49999999982029486, 0.0, 3.594103375246363e-10, 0.0], "value": [-0.20551214203958734, -0.20551214203958734, -0.20551214203958734, -0.20551214203958734, -0.20551214203958734, -0.06273291997837846, -0.05669878405064255, -0.07490670751331782, -0.07147393335348415, -0.08968155036618788, 0.20516437755927341, 0.20231205009376024, 0.1564887221557379, 0.1831644151037542, 0.13734747407124864, 7.140282045201445, 1.176425223876621, 0.7756211804268704, 1.1392647720393856, 0.7593312281194824, 10.19792012532247, 10.077183916992848, 0.9688103538408626, 9.968523143517059, 0.9386472799072144]}