{"x": 148.5933766194576, "y": -23.357525466550168, "yaw": 1.5897075668536038, "speed": 6.614669719184656, "goal_x": 148.46588134765625, "goal_y": -16.551837921142578, "pro": [0.0, 0.0, 0.0, 0.0, 0.0, 0.0, 0.0, 0.0, 0.0, 0.0, 0.0, 0.0, 0.0, 0.0, 0.0, 0.9999999998972722, 0.0, 0.0, 0.0, 0.0, 3.424256760147908e-11, 3.424256760147908e-11, 0.0, 3.424256760147908e-11, 0.0], "value": [-0.20012956089870074, -0.20012956089870074, -0.20012956089870074, -0.20012956089870074, -0.20012956089870074, -0.05552147259931343, -0.06398824037222642, -0.08235848023790787, -0.0643405297962453, -0.08271075978810577, 0.35911336110086556, 0.19236634562068317, 0.1452900906609083, 0.19189885649470478, 0.1448228650735332, 8.422092601220797, 1.1548923145934653, 0.7449609815029128, 1.1538372475916598, 0.7618351670316688, 8.323536690351814, 8.142543752149646, 0.722700936795495, 8.14071632908654, 0.7395438960405826]}