{"x": 134.56457227244078, "y": -1.8530507147819737, "yaw": 3.033081118756347, "speed": 7.677611736761098, "goal_x": 130.5079803466797, "goal_y": -3.031101703643799, "pro": [0.0, 0.0, 0.0, 0.0, 0.0, 0.0, 0.0, 0.0, 0.0, 0.0, 1.5072767193355884e-137, 0.0, 0.0, 0.25, 2.315265018096108e-18, 0.25, 0.0, 0.0, 0.25, 7.035141879131603e-74, 0.0, 0.0, 0.0, 0.25, 0.0], "value": [-0.5929963723989644, -0.5929963723989644, -0.5929963723989644, -0.5929963723989644, -0.5929963723989644, -0.5673160434446184, -0.577361586161538, -0.598272333490246, -0.5572660507334264, -0.4534258592984, 2.0374518971886504, -0.2544533763622348, -0.381325529527053, -29.905837606613005, -30.185318932835123, -35.11432918868517, -0.22615509298847047, -0.3543479770760787, -35.02912756907375, -36.43741898552461, -0.213296166385722, -0.2918731211612562, -0.40720098137067084, -40.279027759701435, -19.591505473834676]}