{"x": 127.62387393178624, "y": -3.3100178340608535, "yaw": 3.1107335407746093, "speed": 8.1706389356671, "goal_x": 120.50909423828125, "goal_y": -3.1804609298706055, "pro": [0.0, 0.0, 0.0, 0.0, 0.0, 0.0, 0.0, 0.0, 0.0, 0.0, 0.0, 0.0, 0.0, 0.0, 0.0, 5.261206656213527e-132, 0.0, 0.0, 2.3089952445151035e-186, 0.0, 0.9999999997151068, 2.8489320675806656e-10, 0.0, 3.504847175552749e-107, 0.0], "value": [-0.2088742040583828, -0.2088742040583828, -0.2088742040583828, -0.2088742040583828, -0.2088742040583828, -0.06732998403590948, -0.07604881999162927, -0.09421010822469142, -0.058611080106473895, -0.07024144072591781, 0.19901695472049413, 0.17687040196642467, 0.13075324258039583, 0.20831201957083298, 0.1621811582719514, -24.462074506735576, 1.1231309298970686, 0.7254114475471514, 10.775780777295516, -39.34117350946322, 9.56977564151229, 9.21575972692578, 0.7554471485360807, -19.915976242216278, -34.25647876944188]}