{"x": 134.04177742293777, "y": -1.842934839501838, "yaw": 3.0367434688411556, "speed": 7.765777747659718, "goal_x": 125.50853729248047, "goal_y": -3.105781078338623, "pro": [0.0, 0.0, 0.0, 0.0, 0.0, 0.0, 0.0, 0.0, 0.0, 0.0, 0.0, 0.0, 0.0, 0.0, 0.0, 0.3333333333333333, 9.380189172175472e-74, 0.0, 3.087020024128144e-18, 9.380189172175472e-74, 0.3333333333333333, 0.3333333333333333, 0.0, 3.087020024128144e-18, 9.380189172175472e-74], "value": [-0.385439311797408, -0.385439311797408, -0.385439311797408, -0.385439311797408, -0.385439311797408, -0.3026864087464779, -0.3110040212698334, -0.32832672737774427, -0.2943678251387968, -0.2770368613318789, 0.06261345484991865, -0.04403221864542893, -0.1670894902776115, 0.1731820286203372, 0.3392234721004215, -20.691739552992146, 6.191794349036809, 0.29782328576853406, -26.233337192682853, -23.044582995699887, -35.70105881396949, -35.96882943068978, 0.321896292762087, -36.167882950705625, -37.79055447224523]}