{"x": 126.76131141996451, "y": -3.2577637951915275, "yaw": 3.09886809285387, "speed": 8.923168069265879, "goal_x": 115.50965118408203, "goal_y": -3.2551403045654297, "pro": [0.0, 0.0, 0.0, 0.0, 0.0, 0.0, 0.0, 0.0, 0.0, 0.0, 0.0, 0.0, 0.0, 0.0, 0.0, 2.679128614161036e-237, 0.0, 0.0, 1.416610261888129e-222, 0.0, 0.9999999983170327, 1.682967354452326e-09, 0.0, 1.416610261888129e-222, 0.0], "value": [-0.23121918618200127, -0.23121918618200127, -0.23121918618200127, -0.23121918618200127, -0.23121918618200127, -0.09631967219009419, -0.10482507062760349, -0.12254172295776031, -0.08781415948985105, -0.07009653549211639, 0.1631301647746482, 0.1421525548302019, 0.09846383510063489, 0.3230903277859748, 0.343897007001027, -13.680494480961764, 1.0617798431062562, 0.6909203935419955, -13.615238677432597, -34.31351259929091, 10.161683612467362, 9.8970883122764, 0.8983061470381137, -13.43520057401392, -29.169417898795963]}