{"x": 133.25712740481765, "y": -1.786480153720016, "yaw": 3.1274736113772743, "speed": 7.898856514063939, "goal_x": 125.50853729248047, "goal_y": -3.105781078338623, "pro": [0.0, 0.0, 0.0, 0.0, 0.0, 0.0, 0.0, 0.0, 0.0, 0.0, 0.0, 0.0, 0.0, 0.0, 0.0, 0.0, 0.0, 0.0, 3.6454542571747264e-28, 1.0, 5.987809060455627e-276, 0.0, 0.0, 5.545345941084735e-293, 0.0], "value": [-0.3882392091494607, -0.3882392091494607, -0.3882392091494607, -0.3882392091494607, -0.3882392091494607, -0.30806837724513014, -0.31648948296361645, -0.33402711204354485, -0.29964610291918437, -0.2820985366848078, -0.0319945230114793, -0.13433397419572607, -0.1782092588662827, 0.07654001698271908, 0.22533455704087568, 0.526332499278912, 0.38297322652353055, 0.20030907920548058, 7.01067199410689, 7.4559156176818, -21.20275787526573, 0.4983215169660364, 0.2098901524322863, -21.613149467779813, -23.013688899329445]}