{"x": 125.84527006164579, "y": -3.2147582571255273, "yaw": 3.1297084556780383, "speed": 9.32703223082705, "goal_x": 115.50965118408203, "goal_y": -3.2551403045654297, "pro": [0.0, 0.0, 0.0, 0.0, 0.0, 0.0, 0.0, 0.0, 0.0, 0.0, 0.0, 0.0, 0.0, 0.0, 0.0, 0.0, 0.0, 0.0, 0.0, 0.0, 0.0, 0.0, 0.0, 1.0, 0.0], "value": [-40.05890483833435, -40.05890483833435, -40.05890483833435, -40.05890483833435, -40.05890483833435, -29.865353420008734, -29.867168926795244, -29.87095038360299, -29.863537832151977, -29.85975568591446, -104.72608766005806, -104.7405637692673, -104.77070690149662, -104.71160918063055, -104.68907693585844, -104.44024257431691, -104.46370217343616, -104.51246924437004, -104.4167644365642, -149.5337675512733, -149.4041486401091, -149.45276390338583, -149.5532674040772, -2473.114195304934, -149.41033847566638]}