{"x": 132.2241203663595, "y": -1.7405814797726054, "yaw": 3.1735558789181195, "speed": 7.78918064188649, "goal_x": 125.50853729248047, "goal_y": -3.105781078338623, "pro": [0.0, 0.0, 0.0, 0.0, 0.0, 0.0, 0.0, 0.0, 0.0, 0.0, 0.0, 0.0, 0.0, 0.0, 0.0, 0.0, 0.0, 0.0, 8.212706343346433e-249, 0.5, 0.0, 0.0, 0.0, 2.5679933952482073e-30, 0.5], "value": [-0.38809036828161614, -0.38809036828161614, -0.38809036828161614, -0.38809036828161614, -0.38809036828161614, -0.30990966454954666, -0.3184407230385676, -0.33620656107635016, -0.3013771897036793, -0.2835993081049877, -0.0406986655539056, -0.14131216685650516, -0.186065009769885, -0.01491086283396631, 0.21478660233869137, 0.4941053764390381, 0.35120552962305357, 0.11790038252966076, 8.389594484751758, 7.035385445873661, 0.5132459852905642, 0.3550754707695124, 0.10659418114442457, 6.464195739968875, 6.982799519669123]}