{"x": 124.89932910130948, "y": -3.2059465860888126, "yaw": 3.1433512218007227, "speed": 9.561585542490844, "goal_x": 115.50965118408203, "goal_y": -3.2551403045654297, "pro": [0.0, 0.0, 0.0, 0.0, 0.0, 0.0, 0.0, 0.0, 0.0, 0.0, 0.0, 0.0, 0.0, 0.0, 0.0, 0.0, 0.0, 0.0, 0.0, 0.0, 0.0, 0.0, 0.0, 1.0, 0.0], "value": [-40.05663376241461, -40.05663376241461, -40.05663376241461, -40.05663376241461, -40.05663376241461, -34.86268544716325, -34.86447900769128, -34.86821487337275, -34.8608918397528, -34.85715557537305, -69.60096562387025, -69.6084502789125, -69.62403628729734, -69.59348004908253, -69.59263663071698, -323.8620118781583, -323.92486626047764, -324.0556409187668, -323.80561603069555, -323.87542611726315, -323.7081416546534, -323.7978617481889, -323.98349083818283, -4255.56790534617, -323.7865282003002]}