{"x": 131.4522456771053, "y": -1.8229822412822314, "yaw": 3.234738001011461, "speed": 7.674486326325548, "goal_x": 120.50909423828125, "goal_y": -3.1804609298706055, "pro": [0.0, 0.0, 0.0, 0.0, 0.0, 0.0, 0.0, 0.0, 0.0, 0.0, 0.0, 0.0, 0.0, 0.0, 0.0, 0.0, 0.0, 0.0, 0.0, 2.5108931796101766e-09, 0.0, 0.0, 0.0, 4.22575125891273e-18, 0.9999999974891067], "value": [-0.29798645752531, -0.29798645752531, -0.29798645752531, -0.29798645752531, -0.29798645752531, -0.1840626701673448, -0.19268000502794128, -0.2106289788736189, -0.17544495875237742, -0.15749278278020876, 0.05245709168978267, 0.031201066468800498, -0.013054727723576576, 0.07371882687533945, 0.11802311481823526, 0.7801019499573332, 0.6132565732577447, 0.41738704035562113, 0.8372524915280708, 9.899200232944962, 4.569643351467394, 0.8428426837202155, 0.5883152455403122, 9.58737149866854, 10.189889805721943]}