{"x": 123.93297065557695, "y": -3.2424684587920023, "yaw": 3.1393494730036196, "speed": 9.749204789652884, "goal_x": 115.50965118408203, "goal_y": -3.2551403045654297, "pro": [0.0, 0.0, 0.0, 0.0, 0.0, 0.0, 0.0, 0.0, 0.0, 0.0, 0.0, 0.0, 0.0, 0.0, 0.0, 0.0, 0.0, 0.0, 0.0, 0.0, 1.0, 0.0, 0.0, 0.0, 0.0], "value": [-40.05066997352655, -40.05066997352655, -40.05066997352655, -40.05066997352655, -40.05066997352655, -34.856094838542994, -34.85792996056559, -34.86175252359938, -34.8564309436754, -34.86025355417035, -59.58695182420725, -59.59500361156259, -59.611771206524324, -59.591623013328245, -59.60839224823384, -323.79340401232355, -323.84649947977886, -323.9824085818671, -323.8293722341053, -323.96363601611586, -4135.602474523518, -323.71617784613875, -323.91564153241063, -323.69471580887335, -323.8945251307359]}