{"x": 163.1981053539388, "y": -2.5966889948600196, "yaw": -3.1409604217325406, "speed": 2.422094477896541, "goal_x": 154.5052947998047, "goal_y": -2.6726393699645996, "pro": [0.0, 0.0, 0.0, 0.0, 0.0, 0.0, 0.0, 0.0, 0.0, 0.0, 0.0, 0.0, 0.0, 0.0, 0.0, 0.0, 0.0, 0.0, 0.0, 0.0, 1.1095767464953737e-09, 0.9999999988904233, 0.0, 7.97586706221441e-19, 0.0], "value": [-0.2188104474830146, -0.2188104474830146, -0.2188104474830146, -0.2188104474830146, -0.2188104474830146, -0.080392277806447, -0.07148772700838193, -0.05775168450635663, -0.08929671871789385, -0.10784454121546733, 0.18258720248458904, 0.2048425171565921, 0.17827543278340907, 0.16033395266149214, 0.1139922822128974, 1.1606755147101167, 7.172623617133069, 0.9480539443056073, 0.9671867272827508, 0.5973897818176634, 10.244685488769914, 10.294599540862595, 1.1612253636744765, 9.929776770874003, 0.7968262387537469]}