{"x": 130.6906418371741, "y": -1.9828222357321137, "yaw": -3.0416315744088074, "speed": 7.781705449758701, "goal_x": 120.50909423828125, "goal_y": -3.1804609298706055, "pro": [0.0, 0.0, 0.0, 0.0, 0.0, 0.0, 0.0, 0.0, 0.0, 0.0, 0.0, 0.0, 0.0, 0.0, 0.0, 0.0, 0.0, 0.0, 0.0, 0.0, 1.1095767452642134e-09, 0.0, 0.0, 0.9999999977808467, 1.1095767452642134e-09], "value": [-0.23788305906970075, -0.23788305906970075, -0.23788305906970075, -0.23788305906970075, -0.23788305906970075, -0.10530320977939456, -0.1142881695750437, -0.13300353467354037, -0.09631807344148413, -0.07760120711001367, 0.1514401010996952, 0.12919203431294446, 0.082861827003614, 0.17369102340082532, 0.3530939146155839, 1.0988669967346603, 0.8997870802596395, 0.5522361473831113, 4.916111342044615, 1.1521539369072784, 10.133465822520678, 1.158149124102716, 0.7437761130948706, 10.35958711987352, 10.097879488370854]}