{"x": 122.95104353825066, "y": -3.300393502121384, "yaw": -3.149568521726691, "speed": 9.904906377870162, "goal_x": 115.50965118408203, "goal_y": -3.2551403045654297, "pro": [0.0, 0.0, 0.0, 0.0, 0.0, 0.0, 0.0, 0.0, 0.0, 0.0, 0.0, 0.0, 0.0, 0.0, 0.0, 0.0, 0.0, 0.0, 0.0, 0.0, 0.0, 1.0, 0.0, 0.0, 0.0], "value": [-40.05570149785619, -40.05570149785619, -40.05570149785619, -40.05570149785619, -40.05570149785619, -34.861812896068194, -34.85992882767058, -34.85600411837278, -34.86369690711663, -34.86762112871635, -59.600165556384866, -59.59174733625772, -59.59631274247691, -59.60858149562263, -59.62609935854151, -174.5414147716468, -174.50337829532248, -174.5659545290235, -174.57939818655507, -174.6581681760954, -174.39758718012268, -4781.988155753966, -174.47841355583594, -174.46552143742366, -174.59815781348846]}