{"x": 129.90306016430867, "y": -2.1584611806522385, "yaw": -3.0191125434765036, "speed": 8.196442094558408, "goal_x": 120.50909423828125, "goal_y": -3.1804609298706055, "pro": [0.0, 0.0, 0.0, 0.0, 0.0, 0.0, 0.0, 0.0, 0.0, 0.0, 0.0, 0.0, 0.0, 0.0, 0.0, 0.0, 0.0, 0.0, 0.0, 0.0, 0.4999999997226058, 0.4999999997226058, 0.0, 5.547883735554769e-10, 0.0], "value": [-0.2102100130373315, -0.2102100130373315, -0.2102100130373315, -0.2102100130373315, -0.2102100130373315, -0.0688715508213796, -0.05954764360617926, -0.07056513525101271, -0.07819540028738209, -0.09761703347154116, 0.19749673840896612, 0.20879268061880366, 0.1604942947821128, 0.17431001722414446, 0.1260201415055207, 1.1860567862640368, 3.462891343180073, 0.9134871264651443, 1.122454522173597, 0.7433718793110095, 10.310534079564343, 10.267445822001072, 1.1225902613675967, 10.074570933483995, 0.9377226486392732]}