{"x": 121.95628353268121, "y": -3.3039441948236266, "yaw": -3.1547646968761875, "speed": 9.989660876075924, "goal_x": 110.51021575927734, "goal_y": -3.329820156097412, "pro": [0.0, 0.0, 0.0, 0.0, 0.0, 0.0, 0.0, 0.0, 0.0, 0.0, 0.0, 0.0, 0.0, 0.0, 0.0, 0.0, 0.0, 0.0, 0.0, 0.0, 0.0, 1.0, 0.0, 0.0, 0.0], "value": [-35.05345308522875, -35.05345308522875, -35.05345308522875, -35.05345308522875, -35.05345308522875, -29.85918391539429, -29.85732084656114, -29.8572506953745, -29.861046954679022, -29.864927590717297, -54.593662936292176, -54.58567468644107, -59.60099650263993, -54.60165039921516, -54.61828285222664, -104.41205589096565, -104.40179719524576, -104.45121606533345, -104.43578237435825, -104.48515457984293, -273.66030884795464, -3355.365066053884, -104.32037533199198, -248.87151652646565, -199.2740025713812]}