{"x": 129.09644833273305, "y": -2.2986832444548124, "yaw": -3.033795795983213, "speed": 8.183015409677283, "goal_x": 120.50909423828125, "goal_y": -3.1804609298706055, "pro": [0.0, 0.0, 0.0, 0.0, 0.0, 0.0, 0.0, 0.0, 0.0, 0.0, 0.0, 0.0, 0.0, 0.0, 0.0, 0.0, 0.0, 0.0, 0.0, 0.0, 1.1095767464953737e-09, 0.9999999988904233, 7.97586706221441e-19, 0.0, 0.0], "value": [-0.23014884549652898, -0.23014884549652898, -0.23014884549652898, -0.23014884549652898, -0.23014884549652898, -0.09550738233786435, -0.08601504809299038, -0.06624165375702387, -0.10499951440210048, -0.12477118958164318, 0.16315356561704386, 0.18688760927552406, 0.19314587078314488, 0.13942334418531083, 0.09001210655613925, 1.11990637508072, 7.126674442634795, 0.9717781927354008, 0.9264295910646472, 0.5581360317430608, 10.043083863583607, 10.261138269503641, 9.777138333935579, 1.163068592649203, 0.7428869105756294]}