{"x": 120.95407197623668, "y": -3.2580353410224356, "yaw": 3.134690538992635, "speed": 10.060701495440968, "goal_x": 110.51021575927734, "goal_y": -3.329820156097412, "pro": [0.0, 0.0, 0.0, 0.0, 0.0, 0.0, 0.0, 0.0, 0.0, 0.0, 0.0, 0.0, 0.0, 0.0, 0.0, 0.0, 0.0, 0.0, 0.0, 0.0, 1.0, 0.0, 0.0, 0.0, 0.0], "value": [-35.05251434480534, -35.05251434480534, -35.05251434480534, -35.05251434480534, -35.05251434480534, -29.858167972116828, -29.860019973080398, -29.86387763019106, -29.856315947600816, -29.858232564416184, -54.59151268667918, -54.59953212001717, -54.61623094543009, -54.587030286411064, -54.6037349089621, -104.40777777424272, -104.4316869962941, -104.48143090860911, -104.40625781780051, -199.32066446288587, -3465.2606468255444, -248.87356110470918, -199.272180451772, -273.6639786668044, -224.08581254551888]}