{"x": 128.47453310272584, "y": -2.362669848266872, "yaw": -3.033806783970506, "speed": 9.124565286340657, "goal_x": 120.50909423828125, "goal_y": -3.1804609298706055, "pro": [0.0, 0.0, 0.0, 0.0, 0.0, 0.0, 0.0, 0.0, 0.0, 0.0, 0.0, 0.0, 0.0, 0.0, 0.0, 0.0, 0.3333333333333333, 0.0, 0.0, 0.0, 0.3333333333333333, 0.3333333333333333, 0.0, 0.0, 0.0], "value": [-0.22399994912320656, -0.22399994912320656, -0.22399994912320656, -0.22399994912320656, -0.22399994912320656, -0.08754854342183105, -0.0780478625044877, -0.058257156686574774, -0.09704903417959998, -0.11683812309673589, 0.17292993684787156, 0.19687370407570093, 0.18272463930230104, 0.14899021518437383, 0.09914571804204451, 1.1384551490072903, 10.03136638138926, 0.9490235036498863, 0.9414386454426592, 0.5666440502532396, 9.909204811008088, 10.136466254164771, 1.1439083641889403, 6.919776869893403, 0.733072527011867]}