{"x": 119.94514035452129, "y": -3.2183895608093724, "yaw": 3.1507703151319486, "speed": 10.126483422600902, "goal_x": 110.51021575927734, "goal_y": -3.329820156097412, "pro": [0.0, 0.0, 0.0, 0.0, 0.0, 0.0, 0.0, 0.0, 0.0, 0.0, 0.0, 0.0, 0.0, 0.0, 0.0, 0.0, 0.0, 0.0, 0.0, 0.0, 0.0, 0.0, 0.0, 1.0, 0.0], "value": [-30.056515251414005, -30.056515251414005, -30.056515251414005, -30.056515251414005, -30.056515251414005, -49.91984813435153, -49.92347579264126, -49.931031820856276, -49.91622034935368, -49.90866324366938, -124.82927847506706, -124.8507570991126, -124.89548630135954, -124.80779764979589, -124.80747309653786, -124.54326401655236, -124.57764191487553, -124.64913131119847, -124.50886669309179, -124.55290734379595, -124.3878694219215, -124.43940568598228, -124.54559258514152, -385.91139581010344, -124.43557064496534]}