{"x": 127.28214703655765, "y": -2.4548351687461967, "yaw": -3.035599641152966, "speed": 9.612909988494305, "goal_x": 120.50909423828125, "goal_y": -3.1804609298706055, "pro": [0.0, 0.0, 0.0, 0.0, 0.0, 0.0, 0.0, 0.0, 0.0, 0.0, 0.0, 0.0, 0.0, 0.0, 0.0, 2.155657082791532e-22, 0.0, 0.0, 0.0, 0.0, 0.3333333333333333, 0.3333333333333333, 0.0, 0.3333333333333333, 0.0], "value": [-0.20051211956575346, -0.20051211956575346, -0.20051211956575346, -0.20051211956575346, -0.20051211956575346, -0.056039369152879936, -0.0654480042214031, -0.08504630258122592, -0.06405992543530575, -0.08365826550115077, 0.21382269223090966, 0.1898123693438855, 0.13981237651453343, 0.19164400381587116, 0.14164296016135575, 9.715549628702686, 1.1487153999313482, 0.7335583228536794, 1.1525404072324457, 0.7556067430758187, 8.589540409627203, 8.442289594586105, 0.736022452515406, 8.442694579814665, 0.7590572178263755]}