{"x": 118.9304909451441, "y": -3.1991908088731735, "yaw": 3.150142720011204, "speed": 10.162095613804974, "goal_x": 110.51021575927734, "goal_y": -3.329820156097412, "pro": [0.0, 0.0, 0.0, 0.0, 0.0, 0.0, 0.0, 0.0, 0.0, 0.0, 0.0, 0.0, 0.0, 0.0, 0.0, 0.0, 0.0, 0.0, 0.0, 0.0, 0.0, 0.0, 0.0, 1.0, 0.0], "value": [-35.05720709290053, -35.05720709290053, -35.05720709290053, -35.05720709290053, -35.05720709290053, -29.863654661485672, -29.865526073277746, -29.869423938313297, -29.861783161741197, -29.85788454876514, -54.604336817529344, -54.612691350459194, -54.63007765190617, -54.595979040360234, -54.59195764951356, -199.2820596268997, -199.32951776564602, -149.65930699850148, -224.09936442685702, -199.2758931232682, -248.86701547216794, -224.0841558877087, -199.35249104772276, -3706.8186297451944, -248.91381421683718]}