{"x": 148.57924679834085, "y": -22.628757745311912, "yaw": 1.5891380498544903, "speed": 7.797703192819559, "goal_x": 148.46588134765625, "goal_y": -16.551837921142578, "pro": [0.0, 0.0, 0.0, 0.0, 0.0, 0.0, 0.0, 0.0, 0.0, 0.0, 0.0, 0.0, 0.0, 0.0, 0.0, 0.3333333333333333, 0.3333333333333333, 0.0, 0.3333333333333333, 2.651958158140225e-119, 0.0, 0.0, 0.0, 0.0, 0.0], "value": [-0.200221611889216, -0.200221611889216, -0.200221611889216, -0.200221611889216, -0.200221611889216, -0.05564985793529981, -0.06453831541698485, -0.08305304469052321, -0.06392925662695231, -0.08244400686461653, 0.7814522765849329, 0.6018568672542566, 0.40123246897603715, 0.7546165814870838, 0.40684048021179753, 7.794618170433613, 7.67257154508284, 0.9819974752153775, 7.678524368541609, 7.896007711246359, 0.04147090117371635, 0.570174329107723, 0.4127203656502141, 0.5882707049641991, 0.41805122457145244]}