{"x": 126.31875375611625, "y": -2.4966756599360056, "yaw": -3.063380139748019, "speed": 9.636622629568116, "goal_x": 115.50965118408203, "goal_y": -3.2551403045654297, "pro": [0.0, 0.0, 0.0, 0.0, 0.0, 0.0, 0.0, 0.0, 0.0, 0.0, 0.0, 0.0, 0.0, 0.0, 0.0, 0.0, 0.0, 0.0, 0.0, 0.0, 0.4999999997226058, 0.4999999997226058, 0.0, 5.547883735554769e-10, 0.0], "value": [-0.20597518602639883, -0.20597518602639883, -0.20597518602639883, -0.20597518602639883, -0.20597518602639883, -0.06320243421177354, -0.056570415894015985, -0.07548898398365769, -0.07228460339022855, -0.0912029477316301, 0.2048191443770253, 0.2022206942124529, 0.15548551715235265, 0.18238224839641198, 0.13565053890236284, 4.232022292377344, 1.1777113248557642, 0.7797793214117278, 1.141305104026415, 0.7638435911130859, 10.417025497106712, 10.318418754948492, 1.1258828821725417, 10.238414646193348, 0.9725487130105902]}