{"x": 117.91340679366911, "y": -3.233522784131597, "yaw": 3.174402680235111, "speed": 10.1811957030835, "goal_x": 110.51021575927734, "goal_y": -3.329820156097412, "pro": [0.0, 0.0, 0.0, 0.0, 0.0, 0.0, 0.0, 0.0, 0.0, 0.0, 0.0, 0.0, 0.0, 0.0, 0.0, 0.0, 0.0, 0.0, 0.0, 0.0, 0.0, 0.0, 0.0, 1.0, 0.0], "value": [-35.05245362314968, -35.05245362314968, -35.05245362314968, -35.05245362314968, -35.05245362314968, -29.858227664731864, -29.860149767527957, -29.864153368543914, -29.856305525283094, -29.85838904203355, -54.592074960898884, -54.60088223455887, -54.619213812848415, -54.58725679544962, -149.83676112892888, -149.51506775987238, -149.55261726573593, -149.63057755879683, -149.51262574775535, -149.5907768982855, -174.21951698266696, -149.42925042348628, -149.56442684269788, -3912.3623938603596, -149.51241295987614]}