{"x": 125.35841163605157, "y": -2.5596791540327297, "yaw": -3.0721693702936075, "speed": 9.645655869413178, "goal_x": 115.50965118408203, "goal_y": -3.2551403045654297, "pro": [0.0, 0.0, 0.0, 0.0, 0.0, 0.0, 0.0, 0.0, 0.0, 0.0, 0.0, 0.0, 0.0, 0.0, 0.0, 0.0, 0.0, 0.0, 0.0, 0.0, 0.9999999977808467, 1.1095767452642134e-09, 0.0, 1.1095767452642134e-09, 0.0], "value": [-0.2007800186598511, -0.2007800186598511, -0.2007800186598511, -0.2007800186598511, -0.2007800186598511, -0.056376112152953246, -0.06543536577454104, -0.08430603081245419, -0.06337379998929785, -0.08224449824211108, 0.21342898056915532, 0.1909517070387305, 0.14413564933756812, 0.19357082357396377, 0.14675421164567243, 5.713686532309428, 1.1579292662098593, 0.7591950248257574, 1.1627734973712347, 0.7804324158278364, 10.409981740892656, 10.255815477105829, 0.9697440655497671, 10.277185332389186, 0.9878250336165533]}