{"x": 116.8959449175524, "y": -3.305748531516325, "yaw": -3.143621419123556, "speed": 10.201063855325627, "goal_x": 105.5107650756836, "goal_y": -3.4044995307922363, "pro": [0.0, 0.0, 0.0, 0.0, 0.0, 0.0, 0.0, 0.0, 0.0, 0.0, 0.0, 0.0, 0.0, 0.0, 0.0, 0.0, 0.0, 0.0, 0.0, 0.0, 0.0, 1.0, 0.0, 0.0, 0.0], "value": [-35.05434057232838, -35.05434057232838, -35.05434057232838, -35.05434057232838, -35.05434057232838, -29.860173098906973, -29.858303514647194, -29.85628162414463, -29.862042645544292, -29.865936809776674, -149.8139272365777, -149.79218243753553, -149.82363569679404, -149.835671029145, -149.88095775898526, -149.52569538134478, -149.49855042608885, -149.56962199022783, -149.55981300907888, -149.63082459524438, -149.36567275917653, -3891.396125086688, -149.44886377374073, -149.41444543133844, -149.5156492623014]}