{"x": 124.39197682506813, "y": -2.6259082326174568, "yaw": -3.0743531623874727, "speed": 9.742130742989414, "goal_x": 115.50965118408203, "goal_y": -3.2551403045654297, "pro": [0.0, 0.0, 0.0, 0.0, 0.0, 0.0, 0.0, 0.0, 0.0, 0.0, 0.0, 0.0, 0.0, 0.0, 0.0, 0.0, 0.0, 0.0, 0.0, 0.0, 0.9999999977808467, 1.1095767452642134e-09, 0.0, 1.1095767452642134e-09, 0.0], "value": [-0.20250527424523762, -0.20250527424523762, -0.20250527424523762, -0.20250527424523762, -0.20250527424523762, -0.058676202354322415, -0.06775713382523274, -0.08667289526953592, -0.06109539841526557, -0.08001128472065214, 0.2104718962512317, 0.1878102760689302, 0.14061222760729924, 0.19634335694477367, 0.14914302077458153, 5.698314624894708, 1.150213030024411, 0.7502457860539427, 1.1663580354113325, 0.781868859735599, 10.329259574536836, 10.141177623064598, 0.9506580200657538, 10.21687804098902, 0.9816129292894599]}