{"x": 115.87866023122224, "y": -3.395767729801487, "yaw": -3.1154893320115717, "speed": 10.211706301604629, "goal_x": 105.5107650756836, "goal_y": -3.4044995307922363, "pro": [0.0, 0.0, 0.0, 0.0, 0.0, 0.0, 0.0, 0.0, 0.0, 0.0, 0.0, 0.0, 0.0, 0.0, 0.0, 0.0, 0.0, 0.0, 0.0, 0.0, 0.0, 1.0, 0.0, 0.0, 0.0], "value": [-35.06097297478946, -35.06097297478946, -35.06097297478946, -35.06097297478946, -35.06097297478946, -29.86767320942587, -29.86575641446568, -29.86176336450475, -29.869589893456034, -29.873582000069817, -149.8584980082657, -149.83623552740582, -149.78985569607738, -149.8807572589621, -149.92710966534744, -149.57416709843483, -149.53893100917702, -149.52462037719692, -149.60937806396979, -149.68259653997862, -149.42070806020814, -3891.619941561368, -149.40197703977125, -149.47191026201202, -149.57762221888774]}