{"x": 123.41334193311239, "y": -2.692368349457844, "yaw": -3.074881267231635, "speed": 9.869047557155922, "goal_x": 115.50965118408203, "goal_y": -3.2551403045654297, "pro": [0.0, 0.0, 0.0, 0.0, 0.0, 0.0, 0.0, 0.0, 0.0, 0.0, 0.0, 0.0, 0.0, 0.0, 0.0, 0.0, 0.0, 0.0, 0.0, 0.0, 0.49999999982029486, 3.594103375246363e-10, 0.0, 0.49999999982029486, 0.0], "value": [-0.203105894620935, -0.203105894620935, -0.203105894620935, -0.203105894620935, -0.203105894620935, -0.059506633330851204, -0.06862851739830272, -0.08762952618247818, -0.06030592730898937, -0.07930712279971042, 0.20934822011124, 0.1863978110521996, 0.13860102624850423, 0.19717805752341827, 0.14937740271355898, 7.142629642837988, 1.1453293821686634, 0.7421165807658501, 1.1662505517145019, 0.7783945935082814, 10.199803925343756, 9.987699372432731, 0.9237011589667232, 10.040131477571148, 0.9611709135495111]}