{"x": 114.85852508771079, "y": -3.4160248201571655, "yaw": -3.127895795284891, "speed": 10.20013305826639, "goal_x": 105.5107650756836, "goal_y": -3.4044995307922363, "pro": [0.0, 0.0, 0.0, 0.0, 0.0, 0.0, 0.0, 0.0, 0.0, 0.0, 0.0, 0.0, 0.0, 0.0, 0.0, 0.0, 0.0, 0.0, 0.0, 0.0, 0.0, 1.0, 0.0, 0.0, 0.0], "value": [-35.05897066246541, -35.05897066246541, -35.05897066246541, -35.05897066246541, -35.05897066246541, -29.86554807775123, -29.863621456693398, -29.859607973666314, -29.86747459581477, -29.87148720298727, -149.84594320686466, -149.82359294470234, -149.79349187179378, -149.8682901219213, -149.91482367149166, -149.56160980604247, -149.5257795944278, -149.5390031810429, -149.59741015145033, -149.6718206236977, -149.4093690548381, -3891.7505235610934, -149.4213873062979, -149.46312203411156, -149.57354473748543]}