{"x": 122.42184053133604, "y": -2.7590957972961117, "yaw": -3.075004038957888, "speed": 9.99431707874803, "goal_x": 115.50965118408203, "goal_y": -3.2551403045654297, "pro": [0.0, 0.0, 0.0, 0.0, 0.0, 0.0, 0.0, 0.0, 0.0, 0.0, 0.0, 0.0, 0.0, 0.0, 0.0, 2.7054436449007194e-66, 0.0, 0.0, 0.0, 0.0, 0.4999999999849071, 0.4999999999849071, 0.0, 3.018594821483035e-11, 0.0], "value": [-0.20353215076947773, -0.20353215076947773, -0.20353215076947773, -0.20353215076947773, -0.20353215076947773, -0.0601255462493873, -0.06930558264928996, -0.08842764286285881, -0.059745176078348, -0.07886750253928645, 0.20844556936320452, 0.18506278736133253, 0.13637039993947853, 0.19764801918754582, 0.14894908555474945, 10.10378315287909, 1.1392327746778574, 0.7302797738098228, 1.164624045554107, 0.7710802328221142, 8.847276649422643, 8.695222187243782, 0.7444608318328525, 8.67735469493636, 0.9059453735983751]}