{"x": 113.83740631115799, "y": -3.394357375575488, "yaw": -3.123471440268458, "speed": 10.208018931777369, "goal_x": 105.5107650756836, "goal_y": -3.4044995307922363, "pro": [0.0, 0.0, 0.0, 0.0, 0.0, 0.0, 0.0, 0.0, 0.0, 0.0, 0.0, 0.0, 0.0, 0.0, 0.0, 0.0, 0.0, 0.0, 0.0, 0.0, 1.0, 0.0, 0.0, 0.0, 0.0], "value": [-35.05301817694146, -35.05301817694146, -35.05301817694146, -35.05301817694146, -35.05301817694146, -29.858830599569593, -29.856910145518803, -29.85778093172477, -29.86075101431854, -29.864751102730292, -149.8060380937663, -149.78675094741882, -149.83313022832783, -149.8283028044739, -149.87466958347952, -149.51837499807135, -149.50816386585072, -149.58396599007904, -149.5547767643714, -149.63044465624026, -3892.3256224161696, -149.3617143275837, -149.4826186326706, -149.41947892483705, -149.5386797046026]}