{"x": 162.9318319870609, "y": -2.5905315169010175, "yaw": -3.1473594706980244, "speed": 2.910254416137707, "goal_x": 154.5052947998047, "goal_y": -2.6726393699645996, "pro": [0.0, 0.0, 0.0, 0.0, 0.0, 0.0, 0.0, 0.0, 0.0, 0.0, 0.0, 0.0, 0.0, 0.0, 0.0, 0.0, 0.0, 0.0, 0.0, 0.0, 0.49999999982029486, 0.49999999982029486, 0.0, 3.594103375246363e-10, 0.0], "value": [-0.2133854834580331, -0.2133854834580331, -0.2133854834580331, -0.2133854834580331, -0.2133854834580331, -0.07320459504624446, -0.06431331070866841, -0.06489836866127349, -0.08209579763648034, -0.10061612727053523, 0.1917473803791016, 0.21401625888783973, 0.16907544265112234, 0.16948008849515633, 0.1231081099005173, 1.1759853279899708, 6.427844394705105, 0.9298220975827114, 0.9839931054164209, 0.7367487645996947, 10.255577957728265, 10.275108100711153, 1.13566664912653, 9.963231557109133, 0.920164489344885]}