{"x": 121.41880231375524, "y": -2.826280934566224, "yaw": -3.0750298716204614, "speed": 10.099536314286619, "goal_x": 110.51021575927734, "goal_y": -3.329820156097412, "pro": [0.0, 0.0, 0.0, 0.0, 0.0, 0.0, 0.0, 0.0, 0.0, 0.0, 0.0, 0.0, 0.0, 0.0, 0.0, 0.0, 0.0, 0.0, 0.0, 0.0, 0.4999999997226058, 0.4999999997226058, 0.0, 5.547883735554769e-10, 0.0], "value": [-0.21497708043199665, -0.21497708043199665, -0.21497708043199665, -0.21497708043199665, -0.21497708043199665, -0.07503173765164795, -0.06601864110248223, -0.06344677161529619, -0.08404476996665897, -0.10281898184809765, 0.18989716296518278, 0.21215639258867006, 0.1709544852587117, 0.1676389243588594, 0.1212810741211086, 1.1748154303919383, 4.236412970106545, 0.9380443942864474, 0.9842302265346292, 0.7407147693343067, 10.364925663121307, 10.39472965253248, 1.160811674363527, 10.134150648536385, 0.9458092743898563]}