{"x": 112.81539917104546, "y": -3.379494708083078, "yaw": 3.1415452493223897, "speed": 10.226519024437264, "goal_x": 105.5107650756836, "goal_y": -3.4044995307922363, "pro": [0.0, 0.0, 0.0, 0.0, 0.0, 0.0, 0.0, 0.0, 0.0, 0.0, 0.0, 0.0, 0.0, 0.0, 0.0, 0.0, 0.0, 0.0, 0.0, 0.0, 1.0, 0.0, 0.0, 0.0, 0.0], "value": [-35.05061052704106, -35.05061052704106, -35.05061052704106, -35.05061052704106, -35.05061052704106, -29.8560640318733, -29.857994256232057, -29.86201485964431, -29.856556856443124, -29.860577539304376, -149.789564895205, -149.81196258123643, -149.85860698863178, -149.80335607121546, -149.85000406857583, -149.50007603562375, -149.53796690821278, -149.61667414654082, -149.52794210537968, -149.60670081761154, -3894.715716256477, -149.41067100443533, -149.55110039159032, -149.39616053574989, -149.53793339000703]}