{"x": 120.40647289335844, "y": -2.89395293409908, "yaw": -3.1100540910192787, "speed": 10.183676002615574, "goal_x": 110.51021575927734, "goal_y": -3.329820156097412, "pro": [0.0, 0.0, 0.0, 0.0, 0.0, 0.0, 0.0, 0.0, 0.0, 0.0, 0.0, 0.0, 0.0, 0.0, 0.0, 0.0, 0.0, 0.0, 0.0, 0.0, 0.4999999997226058, 0.4999999997226058, 0.0, 5.547883735554769e-10, 0.0], "value": [-0.21638070745980947, -0.21638070745980947, -0.21638070745980947, -0.21638070745980947, -0.21638070745980947, -0.07698816339354078, -0.0679465027067652, -0.06157844527984388, -0.08602974277703415, -0.10486334478882703, 0.18724865277835429, 0.2096785789259343, 0.17307651252362627, 0.16482008133470744, 0.11810952994991294, 1.1696687401334722, 4.238600636970529, 0.9400513145095882, 0.977718228658173, 0.7329126857654242, 10.308884901237263, 10.36230996243886, 1.1590490080845368, 10.049111394000693, 0.9306358536216965]}