{"x": 111.7919422384165, "y": -3.37548284683704, "yaw": 3.136883918466424, "speed": 10.240478683455555, "goal_x": 100.5113296508789, "goal_y": -3.4791793823242188, "pro": [0.0, 0.0, 0.0, 0.0, 0.0, 0.0, 0.0, 0.0, 0.0, 0.0, 0.0, 0.0, 0.0, 0.0, 0.0, 0.0, 0.0, 0.0, 0.0, 0.0, 1.0, 0.0, 0.0, 0.0, 0.0], "value": [-35.05255381259058, -35.05255381259058, -35.05255381259058, -35.05255381259058, -35.05255381259058, -29.85818851956852, -29.860027270016086, -29.86385733825721, -29.856349747486384, -29.858171159352455, -149.80214407110427, -149.82352673911257, -149.86806268883447, -149.7897620375857, -149.83430294403937, -149.51312060251993, -149.54670020023735, -149.61660112601697, -149.51058423191483, -149.58052028231853, -3891.4164663840315, -149.40002072990478, -149.49987006343918, -149.36036761903, -149.46042403340516]}