{"x": 119.38622800102812, "y": -2.9264157074057255, "yaw": -3.0895182668988195, "speed": 10.22480551327748, "goal_x": 110.51021575927734, "goal_y": -3.329820156097412, "pro": [0.0, 0.0, 0.0, 0.0, 0.0, 0.0, 0.0, 0.0, 0.0, 0.0, 0.0, 0.0, 0.0, 0.0, 0.0, 0.0, 0.0, 0.0, 0.0, 0.0, 0.9999999977808467, 1.1095767452642134e-09, 0.0, 1.1095767452642134e-09, 0.0], "value": [-0.20478671448942928, -0.20478671448942928, -0.20478671448942928, -0.20478671448942928, -0.20478671448942928, -0.06171034059425733, -0.05799867281969587, -0.07678423192386372, -0.07072867163263455, -0.08951399467801568, 0.20658379049001824, 0.20038454512500198, 0.1535022173028064, 0.18407549388374173, 0.13719750034766964, 5.700558680986227, 1.1733999530984447, 0.7724335710395555, 1.1425343492915192, 0.7619001370639802, 10.316298967906986, 10.247262206473529, 0.9784079032203077, 10.11066501350769, 0.957087047546054]}