{"x": 110.7674201024238, "y": -3.3711465028094483, "yaw": 3.135684430711452, "speed": 10.249993737743216, "goal_x": 100.5113296508789, "goal_y": -3.4791793823242188, "pro": [0.0, 0.0, 0.0, 0.0, 0.0, 0.0, 0.0, 0.0, 0.0, 0.0, 0.0, 0.0, 0.0, 0.0, 0.0, 0.0, 0.0, 0.0, 0.0, 0.0, 1.0, 0.0, 0.0, 0.0, 0.0], "value": [-35.05299616530555, -35.05299616530555, -35.05299616530555, -35.05299616530555, -35.05299616530555, -29.858715748957074, -29.860568824660273, -29.864428702694354, -29.856862644578925, -29.85768813192329, -149.8052865768605, -149.82680587174093, -149.87162483954663, -149.78675642122306, -149.83158257379642, -149.51672516288093, -149.55083000967375, -149.6218048134167, -149.50750746332125, -149.57853878181405, -3891.5305015275326, -149.40632855248722, -149.50966440471407, -149.35765124580902, -149.46138180445493]}