{"x": 118.36142990590444, "y": -2.952086310054294, "yaw": -3.0689531409281816, "speed": 10.272010229119942, "goal_x": 110.51021575927734, "goal_y": -3.329820156097412, "pro": [0.0, 0.0, 0.0, 0.0, 0.0, 0.0, 0.0, 0.0, 0.0, 0.0, 0.0, 0.0, 0.0, 0.0, 0.0, 0.0, 0.0, 0.0, 0.0, 0.0, 0.49999999982029486, 3.594103375246363e-10, 0.0, 0.49999999982029486, 0.0], "value": [-0.20704779950019653, -0.20704779950019653, -0.20704779950019653, -0.20704779950019653, -0.20704779950019653, -0.06479335457756677, -0.07378105795128959, -0.0925024823976259, -0.05580560222461689, -0.07360689330977782, 0.20248958110372534, 0.17986271048456226, 0.13274149870272872, 0.2043596640250479, 0.1572297391740093, 6.409191358697834, 1.1315270985969004, 0.7325465953043832, 1.179094887903687, 0.9170607446096409, 10.156850355861804, 9.90573069020154, 0.910637202385618, 10.06116290307435, 0.9789071640370484]}