{"x": 109.74206950062212, "y": -3.365832643204425, "yaw": 3.169063896777485, "speed": 10.256684434828394, "goal_x": 100.5113296508789, "goal_y": -3.4791793823242188, "pro": [0.0, 0.0, 0.0, 0.0, 0.0, 0.0, 0.0, 0.0, 0.0, 0.0, 0.0, 0.0, 0.0, 0.0, 0.0, 0.0, 0.0, 0.0, 0.0, 0.0, 0.0, 0.0, 0.0, 1.0, 0.0], "value": [-35.053337722895186, -35.053337722895186, -35.053337722895186, -35.053337722895186, -35.053337722895186, -29.85914755759501, -29.86101949523791, -29.864918627644755, -29.857275583239854, -29.857314515981905, -149.80788042645625, -149.82959378270908, -149.87481470728892, -149.78616585764934, -149.8295882167516, -149.51992366003623, -149.55479661334107, -149.62733616591697, -149.50508144269742, -149.5777141382293, -149.36114398192908, -149.413969000981, -149.52289995681667, -3891.7258808441456, -149.4657217515184]}