{"x": 117.33347856058288, "y": -2.997250990554304, "yaw": -3.068713066495566, "speed": 10.297137959442972, "goal_x": 110.51021575927734, "goal_y": -3.329820156097412, "pro": [0.0, 0.0, 0.0, 0.0, 0.0, 0.0, 0.0, 0.0, 0.0, 0.0, 0.0, 0.0, 0.0, 0.0, 0.0, 2.1786896685122736e-33, 0.0, 0.0, 0.0, 0.0, 0.3333333333333333, 0.3333333333333333, 0.0, 0.3333333333333333, 0.0], "value": [-0.20717851453656957, -0.20717851453656957, -0.20717851453656957, -0.20717851453656957, -0.20717851453656957, -0.06507160443319518, -0.07411264324321956, -0.09294506912405251, -0.0560305024354056, -0.07349311533312358, 0.201908745532635, 0.17884479957562832, 0.13081912957674163, 0.20450286058908007, 0.15646370763934003, 9.696450775819551, 0.9833829326052519, 0.7202640679125766, 1.1772495786962682, 0.9084518507252607, 8.636814200850653, 8.481895282512363, 0.7241197523643578, 8.555816863174618, 0.9171502482388427]}