{"x": 108.71768501653693, "y": -3.395539525107684, "yaw": -3.1333890521679133, "speed": 10.236392529194847, "goal_x": 100.5113296508789, "goal_y": -3.4791793823242188, "pro": [0.0, 0.0, 0.0, 0.0, 0.0, 0.0, 0.0, 0.0, 0.0, 0.0, 0.0, 0.0, 0.0, 0.0, 0.0, 0.0, 0.0, 0.0, 0.0, 0.0, 1.0, 0.0, 0.0, 0.0, 0.0], "value": [-35.05035443745165, -35.05035443745165, -35.05035443745165, -35.05035443745165, -35.05035443745165, -29.85575544638803, -29.85766326706633, -29.86163723323684, -29.856843033536745, -29.86081703909413, -149.7877072017634, -149.8098266223205, -149.8558948011804, -149.80493525291104, -149.85100493422925, -149.49781461093792, -149.53409851873988, -149.60956013057273, -149.5285923571065, -149.6040705677092, -3892.263142829832, -149.3945602999127, -149.5153317596251, -149.38765601393143, -149.50865241800312]}