{"x": 148.5565967980042, "y": -21.813928062232257, "yaw": 1.6157342669677577, "speed": 8.360105574556197, "goal_x": 148.46588134765625, "goal_y": -16.551837921142578, "pro": [0.0, 0.0, 0.0, 0.0, 0.0, 0.0, 0.0, 0.0, 0.0, 0.0, 0.0, 0.0, 0.0, 0.0, 0.0, 0.3333333333330423, 0.3333333333330423, 8.729838219862385e-13, 0.3333333333330423, 3.110878736526451e-302, 0.0, 0.0, 0.0, 0.0, 0.0], "value": [-0.20176174272202604, -0.20176174272202604, -0.20176174272202604, -0.20176174272202604, -0.20176174272202604, -0.10826428232812102, -0.11309083000035813, -0.08058830753643584, -0.11892871379651437, -0.08550688364536996, 0.9146777459530934, 0.890188714490299, 0.5247706489272104, 0.8790571212063344, 0.5328070406062544, 6.7175130825822205, 6.697888135791404, 6.212158581205829, 6.507070281655759, 4.378577825602483, 0.03963759534656359, 0.039746622726766906, 0.031213375272589716, 0.039630739693042934, 0.029831910700780145]}