{"x": 116.30738611630447, "y": -3.0965917810182617, "yaw": -3.078873612021773, "speed": 10.308900251929238, "goal_x": 105.5107650756836, "goal_y": -3.4044995307922363, "pro": [0.0, 0.0, 0.0, 0.0, 0.0, 0.0, 0.0, 0.0, 0.0, 0.0, 0.0, 0.0, 0.0, 0.0, 0.0, 0.0, 0.0, 0.0, 0.0, 0.0, 0.5, 0.5, 0.0, 3.987933535532123e-19, 0.0], "value": [-0.22504766086414496, -0.22504766086414496, -0.22504766086414496, -0.22504766086414496, -0.22504766086414496, -0.08828699357309874, -0.07930499364681662, -0.0605948701159075, -0.09726888517302798, -0.11597808754032984, 0.1731427308169357, 0.19533506731286765, 0.18791297076834362, 0.15095207857301063, 0.10473727477377064, 1.1437802106134012, 5.711683203010608, 0.9692600754301978, 0.9534716273335453, 0.5896078013896868, 10.265904376063975, 10.451239247657291, 1.1974521216679477, 10.053826154888192, 0.9129192791927419]}