{"x": 107.69582180418989, "y": -3.4603960398075877, "yaw": -3.142188705995134, "speed": 10.236119288755866, "goal_x": 100.5113296508789, "goal_y": -3.4791793823242188, "pro": [0.0, 0.0, 0.0, 0.0, 0.0, 0.0, 0.0, 0.0, 0.0, 0.0, 0.0, 0.0, 0.0, 0.0, 0.0, 0.0, 0.0, 0.0, 0.0, 0.0, 0.0, 1.0, 0.0, 0.0, 0.0], "value": [-35.05547084023176, -35.05547084023176, -35.05547084023176, -35.05547084023176, -35.05547084023176, -29.861802191727918, -29.859835876165487, -29.85573978700332, -29.86376841873884, -29.86786375488718, -149.82395177410828, -149.80112936668482, -149.8169361872452, -149.84677006694596, -149.8942778793491, -149.54041827559405, -149.50159165272558, -149.56937377759746, -149.57918227150662, -149.65950686219497, -149.40070792726766, -3894.990253878809, -149.49330836497688, -149.47413833144867, -149.61345611491146]}