{"x": 115.28254545801111, "y": -3.2218031678889893, "yaw": -3.085933678317394, "speed": 10.331085279389733, "goal_x": 105.5107650756836, "goal_y": -3.4044995307922363, "pro": [0.0, 0.0, 0.0, 0.0, 0.0, 0.0, 0.0, 0.0, 0.0, 0.0, 0.0, 0.0, 0.0, 0.0, 0.0, 0.0, 0.0, 0.0, 0.0, 0.0, 3.987933535532123e-19, 0.5, 0.5, 0.0, 0.0], "value": [-0.2525684381580605, -0.2525684381580605, -0.2525684381580605, -0.2525684381580605, -0.2525684381580605, -0.12485042200157365, -0.11569043175022986, -0.0966090464453204, -0.13401013966894534, -0.1530892070813181, 0.12637691921665478, 0.14911165445630592, 0.19647870195962885, 0.10364676230489851, 0.05631857758221934, 0.9253676738433411, 1.114886832553368, 7.155186454897488, 0.7444163929718557, 0.5148839349858559, 9.937789665983875, 10.17860234996416, 10.179151447359613, 1.0967648437921411, 0.7050795361477192]}