{"x": 106.67304487906483, "y": -3.4973289703982555, "yaw": -3.137559271201368, "speed": 10.229810169066914, "goal_x": 93.6321029663086, "goal_y": -3.5819382667541504, "pro": [0.0, 0.0, 0.0, 0.0, 0.0, 0.0, 0.0, 0.0, 0.0, 0.0, 0.0, 0.0, 0.0, 0.0, 0.0, 0.0, 0.0, 0.0, 0.0, 0.0, 0.0, 1.0, 0.0, 0.0, 0.0], "value": [-35.05595422718331, -35.05595422718331, -35.05595422718331, -35.05595422718331, -35.05595422718331, -29.86188133019379, -29.86002108610859, -29.856146028570702, -29.863741530315043, -29.86761621397668, -149.8240623523297, -149.80237586061597, -149.813321731707, -149.84574779059153, -149.89091357745102, -149.53601974366313, -149.50231440717852, -149.5580138468085, -149.56971849613453, -149.63986997675164, -149.37600744508467, -3891.2312532096885, -149.43389950126524, -149.42326119228994, -149.52144142523164]}