{"x": 114.50221611255125, "y": -3.294475898504515, "yaw": -3.127360079972557, "speed": 10.339109869251397, "goal_x": 105.5107650756836, "goal_y": -3.4044995307922363, "pro": [0.0, 0.0, 0.0, 0.0, 0.0, 0.0, 0.0, 0.0, 0.0, 0.0, 0.0, 0.0, 0.0, 0.0, 0.0, 0.0, 0.0, 0.4999999997226059, 0.0, 0.0, 0.0, 5.54788373555477e-10, 0.4999999997226059, 0.0, 0.0], "value": [-0.2623129083570037, -0.2623129083570037, -0.2623129083570037, -0.2623129083570037, -0.2623129083570037, -0.1382823762813243, -0.1290422410837675, -0.1097935724579844, -0.1475221239897213, -0.16676749771411087, 0.10835004304717061, 0.13142674837401785, 0.17951291326522933, 0.08528053287226213, 0.03725541980162969, 0.8883579668742647, 1.0759330874972495, 10.172878714141412, 0.7096485356605469, 0.4810711811928411, 7.715723753734874, 9.976138707546662, 10.194778602282154, 0.9325581944105213, 0.5474774695532221]}