{"x": 105.65069688306883, "y": -3.4784712449445867, "yaw": -3.1258983789698473, "speed": 10.214262115267047, "goal_x": 93.6321029663086, "goal_y": -3.5819382667541504, "pro": [0.0, 0.0, 0.0, 0.0, 0.0, 0.0, 0.0, 0.0, 0.0, 0.0, 0.0, 0.0, 0.0, 0.0, 0.0, 0.0, 0.0, 0.0, 0.0, 0.0, 1.0, 0.0, 0.0, 0.0, 0.0], "value": [-30.051308266267533, -30.051308266267533, -30.051308266267533, -30.051308266267533, -30.051308266267533, -75.0108583965081, -75.00688483744966, -75.02157562928208, -75.01791095730859, -75.0326015914599, -74.6911322676368, -74.69411700706907, -74.72479071543893, -74.70585841767009, -74.73652985289567, -74.40141757444289, -74.41214449739304, -74.46095003157683, -74.42485677349269, -74.47364714115335, -262.25750942453516, -99.369922314056, -99.46921979752268, -99.3897430079903, -99.48895893310237]}