{"x": 113.23011291427082, "y": -3.3189647884345566, "yaw": -3.1189621577290136, "speed": 10.048113061490328, "goal_x": 105.5107650756836, "goal_y": -3.4044995307922363, "pro": [0.0, 0.0, 0.0, 0.0, 0.0, 0.0, 0.0, 0.0, 0.0, 0.0, 0.0, 0.0, 0.0, 0.0, 0.0, 0.0, 3.066e-320, 0.0, 0.0, 0.0, 7.188206747909209e-10, 0.9999999992811792, 3.2854457900489056e-19, 0.0, 0.0], "value": [-0.2329478002558963, -0.2329478002558963, -0.2329478002558963, -0.2329478002558963, -0.2329478002558963, -0.09956973296588476, -0.09045193561709308, -0.07145859911755562, -0.10868728814450607, -0.12767856546231085, 0.15729425171056338, 0.18028061665764733, 0.20130731973296442, 0.13431306281220434, 0.08646775399853703, 1.1047596031656803, 8.877043620406278, 1.1301274501704153, 0.913291676240567, 0.5488820616455093, 9.80163928526151, 10.094955435713166, 9.66500797998862, 1.1333576466073592, 0.7109619493390062]}