{"x": 104.62873092485152, "y": -3.4627999322409484, "yaw": 3.14104324345691, "speed": 10.222241386400585, "goal_x": 93.6321029663086, "goal_y": -3.5819382667541504, "pro": [0.0, 0.0, 0.0, 0.0, 0.0, 0.0, 0.0, 0.0, 0.0, 0.0, 0.0, 0.0, 0.0, 0.0, 0.0, 0.0, 0.0, 0.0, 0.0, 0.0, 1.0, 0.0, 0.0, 0.0, 0.0], "value": [-35.0520868552864, -35.0520868552864, -35.0520868552864, -35.0520868552864, -35.0520868552864, -29.85767489703076, -29.859522201728446, -29.863370096896567, -29.85582757397506, -29.858711131926146, -149.79909585996145, -149.82056954753048, -149.86529513417634, -149.79290119143647, -149.83763108186716, -149.50990109241752, -149.543699818036, -149.6140555325601, -149.5140224196958, -149.58440944292403, -3891.406869304157, -149.3971290419209, -149.49810317466222, -149.36436700391437, -149.46553351093365]}