{"x": 112.48653523132153, "y": -3.2557162323783158, "yaw": -3.114438684095886, "speed": 9.915633462641706, "goal_x": 105.5107650756836, "goal_y": -3.4044995307922363, "pro": [0.0, 0.0, 0.0, 0.0, 0.0, 0.0, 0.0, 0.0, 0.0, 0.0, 0.0, 0.0, 0.0, 0.0, 0.0, 0.0, 0.0, 0.0, 1.0, 0.0, 6.2605705184433765e-21, 7.076594023519458e-88, 0.0, 6.2605705184433765e-21, 0.0], "value": [-0.21416024064118988, -0.21416024064118988, -0.21416024064118988, -0.21416024064118988, -0.21416024064118988, -0.07455538702888814, -0.08345779673353476, -0.10200126290804354, -0.06565285340616595, -0.06358232104088501, 0.189343424648175, 0.16659573272017963, 0.11923391417189934, 0.356228967032919, 0.1699939867800616, 1.168423330410605, 0.9584277215072576, 0.6991039546763709, 8.880058223977416, 0.9357426754039498, 8.401248402100514, 8.589022530184208, 0.6884045242889925, 8.435246393383656, 0.9426607440382901]}