{"x": 103.60590713615439, "y": -3.4581053675395834, "yaw": 3.1705907246276523, "speed": 10.231400029350807, "goal_x": 93.6321029663086, "goal_y": -3.5819382667541504, "pro": [0.0, 0.0, 0.0, 0.0, 0.0, 0.0, 0.0, 0.0, 0.0, 0.0, 0.0, 0.0, 0.0, 0.0, 0.0, 0.0, 0.0, 0.0, 0.0, 0.0, 0.0, 0.0, 0.0, 1.0, 0.0], "value": [-30.05311481006061, -30.05311481006061, -30.05311481006061, -30.05311481006061, -30.05311481006061, -75.01861327047166, -75.02563098293068, -75.04024887638481, -75.01159550127734, -75.01371352924599, -74.69962508802833, -74.7144646353585, -74.74536882230322, -74.68573825637448, -74.71665042455034, -74.41106122192073, -74.43525966738126, -74.48559102631323, -74.4032660098069, -74.45366233794158, -99.3578183779442, -99.40839667841138, -99.51308110131365, -263.9685360366517, -99.46215445764881]}