{"x": 162.60389001831254, "y": -2.5692924529279386, "yaw": -3.125452299487259, "speed": 3.5888054792629633, "goal_x": 154.5052947998047, "goal_y": -2.6726393699645996, "pro": [0.0, 0.0, 0.0, 0.0, 0.0, 0.0, 0.0, 0.0, 0.0, 0.0, 0.0, 0.0, 0.0, 0.0, 0.0, 0.0, 0.0, 0.0, 0.0, 0.0, 0.49999999982029486, 0.49999999982029486, 0.0, 3.594103375246363e-10, 0.0], "value": [-0.20240680110061846, -0.20240680110061846, -0.20240680110061846, -0.20240680110061846, -0.20240680110061846, -0.058565099274130596, -0.06097606120512353, -0.07941192168362243, -0.06741558965659117, -0.08585131848750266, 0.21057733100385434, 0.19666941559292367, 0.1503688246892943, 0.18834724845086348, 0.14204931993961284, 7.154501920217809, 1.1665963638098469, 0.7652531190035196, 1.1505222781126716, 0.7679384995544539, 10.274414388038073, 10.090448964399881, 0.9592001000918643, 10.063445848251202, 0.9537692490972591]}