{"x": 111.26668359037325, "y": -3.1963795007637046, "yaw": 3.2117536624010863, "speed": 9.388802003536831, "goal_x": 100.5113296508789, "goal_y": -3.4791793823242188, "pro": [0.0, 0.0, 0.0, 0.0, 0.0, 0.0, 0.0, 0.0, 0.0, 0.0, 0.0, 0.0, 0.0, 0.0, 0.0, 0.0, 0.0, 0.0, 0.0, 0.0, 5.54788373555477e-10, 0.0, 0.0, 0.4999999997226059, 0.4999999997226059], "value": [-0.24295249689347764, -0.24295249689347764, -0.24295249689347764, -0.24295249689347764, -0.24295249689347764, -0.1118449463754082, -0.12040935694123261, -0.13824874764358103, -0.10328036611970354, -0.08543953241931918, 0.14338078193762022, 0.12222045829813925, 0.0781544300188665, 0.1645437480107932, 0.20863221666373438, 0.9463340408466598, 0.7622475591132299, 0.549059221767717, 1.1463363276844225, 6.4285548480869075, 10.10877039003799, 1.148175537932637, 0.7458008865167175, 10.351505741508953, 10.191602292648684]}