{"x": 102.58270460125829, "y": -3.4629907833685576, "yaw": 3.139610462790447, "speed": 10.22442850555817, "goal_x": 93.6321029663086, "goal_y": -3.5819382667541504, "pro": [0.0, 0.0, 0.0, 0.0, 0.0, 0.0, 0.0, 0.0, 0.0, 0.0, 0.0, 0.0, 0.0, 0.0, 0.0, 0.0, 0.0, 0.0, 0.0, 0.0, 1.0, 0.0, 0.0, 0.0, 0.0], "value": [-35.05274724939037, -35.05274724939037, -35.05274724939037, -35.05274724939037, -35.05274724939037, -29.85848721977956, -29.86036794586443, -29.864285397781288, -29.856606462105507, -54.91046325073705, -149.80396189216427, -149.82577240879183, -149.87119571544807, -149.7883725632195, -149.83380505108622, -149.51573087315273, -149.55092792726427, -149.62413568266425, -149.50959762349927, -149.58289249081034, -3826.7314920788226, -149.4107004889945, -149.52205101698962, -149.36174784722687, -149.4739550758129]}