{"x": 110.36469279805756, "y": -3.2142665164535864, "yaw": 3.1562677715528182, "speed": 8.755980022382476, "goal_x": 100.5113296508789, "goal_y": -3.4791793823242188, "pro": [0.0, 0.0, 0.0, 0.0, 0.0, 0.0, 0.0, 0.0, 0.0, 0.0, 0.0, 0.0, 0.0, 0.0, 0.0, 0.0, 0.0, 0.0, 0.0, 0.0, 1.1095767452642134e-09, 0.0, 0.0, 0.9999999977808467, 1.1095767452642134e-09], "value": [-0.23313453614443472, -0.23313453614443472, -0.23313453614443472, -0.23313453614443472, -0.23313453614443472, -0.09913550212617359, -0.1077639956968654, -0.12573691739786358, -0.0905068577878104, -0.07253265401697526, 0.15909956344508008, 0.13769258784577942, 0.09311319271209957, 0.18050905892523011, 0.20436729409161464, 1.113892337333006, 0.9156253291427154, 0.5679962742476439, 1.17553030150588, 1.1439935723238055, 10.181801717052332, 5.501435814077541, 0.7625970102226749, 10.384063226755417, 10.061258840925857]}