{"x": 101.56143541327326, "y": -3.508139591570659, "yaw": -3.123922313441008, "speed": 10.219611366692092, "goal_x": 93.6321029663086, "goal_y": -3.5819382667541504, "pro": [0.0, 0.0, 0.0, 0.0, 0.0, 0.0, 0.0, 0.0, 0.0, 0.0, 0.0, 0.0, 0.0, 0.0, 0.0, 0.0, 0.0, 0.0, 0.0, 0.0, 1.0, 0.0, 0.0, 0.0, 0.0], "value": [-35.05148539314146, -35.05148539314146, -35.05148539314146, -35.05148539314146, -35.05148539314146, -54.90865878414337, -54.905727116318474, -54.913424429046984, -54.91235400084284, -54.92005106571431, -149.7955717743996, -149.79728538671966, -149.8438035772912, -149.81790525355567, -149.86441644618355, -149.5067730055285, -149.52027550187816, -149.59709297949288, -149.54369052907805, -149.62042520035465, -3718.2197490550247, -149.3788942745124, -149.50570355490686, -149.40918896051625, -149.53468487142578]}