{"x": 109.51007553331952, "y": -3.278935476260482, "yaw": -3.1256674829033373, "speed": 8.44079291477554, "goal_x": 100.5113296508789, "goal_y": -3.4791793823242188, "pro": [0.0, 0.0, 0.0, 0.0, 0.0, 0.0, 0.0, 0.0, 0.0, 0.0, 0.0, 0.0, 0.0, 0.0, 0.0, 0.0, 0.0, 0.0, 0.0, 0.0, 0.9999999977808467, 1.1095767452642134e-09, 0.0, 1.1095767452642134e-09, 0.0], "value": [-0.20455303012470216, -0.20455303012470216, -0.20455303012470216, -0.20455303012470216, -0.20455303012470216, -0.061394765559876247, -0.0702090906286977, -0.08856948423617259, -0.058110238863320285, -0.07647084284134129, 0.20699670960470498, 0.1850150179774303, 0.1392331880943643, 0.200498292245391, 0.15471264737206614, 4.233029745649328, 1.1451654188645684, 0.7501020233308198, 1.174398382841482, 0.9176423200009654, 10.342040588134916, 10.146361839628758, 0.9532549496375231, 10.274651913841256, 1.1121499234261998]}