{"x": 100.53965657282201, "y": -3.537032208999751, "yaw": -3.1511577026051216, "speed": 10.22484206590428, "goal_x": 93.6321029663086, "goal_y": -3.5819382667541504, "pro": [0.0, 0.0, 0.0, 0.0, 0.0, 0.0, 0.0, 0.0, 0.0, 0.0, 0.0, 0.0, 0.0, 0.0, 0.0, 0.0, 0.0, 0.0, 0.0, 0.0, 0.0, 1.0, 0.0, 0.0, 0.0], "value": [-30.05317336095768, -30.05317336095768, -30.05317336095768, -30.05317336095768, -30.05317336095768, -24.859261511263355, -24.857216193079097, -24.857735022352472, -24.861306751688662, -24.865566651298472, -89.70111687884982, -89.68542720393734, -89.71879690287523, -89.71713542723708, -89.75048243224052, -89.41501658511353, -89.40433207833003, -89.46506864921992, -89.44419822287084, -89.50455500676232, -124.3777527535808, -1742.439746515962, -124.53941845557682, -124.46105204163692, -89.4630714069753]}