{"x": 108.91870270206097, "y": -3.3382153611935705, "yaw": -3.124190413348698, "speed": 8.469279908182505, "goal_x": 100.5113296508789, "goal_y": -3.4791793823242188, "pro": [0.0, 0.0, 0.0, 0.0, 0.0, 0.0, 0.0, 0.0, 0.0, 0.0, 0.0, 0.0, 0.0, 0.0, 0.0, 0.0, 0.3333333333333333, 0.0, 0.0, 0.0, 0.3333333333333333, 0.3333333333333333, 0.0, 0.0, 0.0], "value": [-0.21950009530838915, -0.21950009530838915, -0.21950009530838915, -0.21950009530838915, -0.21950009530838915, -0.08141900819335951, -0.07243205738794456, -0.05697903282652641, -0.09040583115875958, -0.10912517971000482, 0.1810665699883266, 0.20362693345193011, 0.1788552431609321, 0.1585087748415715, 0.1115355972530574, 1.1567224193279917, 10.178532896513758, 0.9469153847401761, 0.962099058009554, 0.5907285066638781, 10.129673774763695, 10.259078017656128, 1.152577281304825, 7.011194693112948, 0.7783030989092847]}