{"x": 99.51730882288295, "y": -3.55405966316949, "yaw": -3.1189150379594412, "speed": 10.219478844399006, "goal_x": 93.6321029663086, "goal_y": -3.5819382667541504, "pro": [0.0, 0.0, 0.0, 0.0, 0.0, 0.0, 0.0, 0.0, 0.0, 0.0, 0.0, 0.0, 0.0, 0.0, 0.0, 0.0, 0.0, 0.0, 0.0, 0.0, 1.0, 0.0, 0.0, 0.0, 0.0], "value": [-25.053067004798148, -25.053067004798148, -25.053067004798148, -25.053067004798148, -25.053067004798148, -19.91264000186674, -19.908717849928205, -24.910142941309385, -24.916562014539938, -24.92473096706781, -19.594805894264002, -19.585593974804933, -19.606162353371165, -19.604678425045755, -19.625208874853737, -19.31140479302281, -19.3030977572575, -19.35339417400461, -19.33563594494988, -19.384731444202867, 26.321163581035343, -19.62515276253384, -19.515886210243725, -19.532772025421135, -19.51426671554294]}