{"x": 107.8113204278529, "y": -3.366460767527469, "yaw": -3.1377614629618447, "speed": 8.628973031804355, "goal_x": 100.5113296508789, "goal_y": -3.4791793823242188, "pro": [0.0, 0.0, 0.0, 0.0, 0.0, 0.0, 0.0, 0.0, 0.0, 0.0, 0.0, 0.0, 0.0, 0.0, 0.0, 0.0, 0.3333333333333333, 0.0, 0.0, 0.0, 0.3333333333333333, 0.3333333333333333, 0.0, 4.3277535575798184e-293, 0.0], "value": [-0.2161228501471128, -0.2161228501471128, -0.2161228501471128, -0.2161228501471128, -0.2161228501471128, -0.07707618596367527, -0.06805045058122305, -0.061441388912326166, -0.08610179437874374, -0.10490189965764998, 0.18632478030914257, 0.20919474286566717, 0.17264414634166014, 0.16345773321023543, 0.11584419909257632, 1.16439970530049, 9.969256997323765, 0.9307037597505402, 0.9684528038540523, 0.7162132650785443, 9.765853801928351, 9.847272064805532, 0.9793366878794934, 9.265362789760461, 0.7496101454471363]}