{"x": 98.74522961891148, "y": -3.555163709009534, "yaw": -3.1268129084881804, "speed": 10.221663415517696, "goal_x": 93.6321029663086, "goal_y": -3.5819382667541504, "pro": [0.0, 0.0, 0.0, 0.0, 0.0, 0.0, 0.0, 0.0, 0.0, 0.0, 0.0, 0.0, 0.0, 0.0, 0.0, 1.0, 0.0, 0.0, 0.0, 0.0, 0.0, 0.0, 0.0, 0.0, 0.0], "value": [-30.051664523198838, -30.051664523198838, -30.051664523198838, -30.051664523198838, -30.051664523198838, -24.85758207693094, -24.855390871005977, -24.859864084622156, -24.85977320975782, -24.864336889254865, -89.69485004192457, -89.6936229054476, -89.73098708140724, -89.71279475704395, -89.75011358633425, -1765.0718060329311, -124.53762873713538, -124.67067402868749, -124.5873540686392, -124.71336360841079, -124.96185965847685, -124.96397260193567, -124.97962354449895, -124.9673723133093, -124.98634409893546]}