{"x": 148.53849120443112, "y": -21.2259727189811, "yaw": 1.5772827067605162, "speed": 8.372884259720792, "goal_x": 148.46588134765625, "goal_y": -16.551837921142578, "pro": [0.0, 0.0, 0.0, 0.0, 0.0, 0.0, 0.0, 0.0, 0.0, 0.0, 0.33333333333332127, 0.33333333333332127, 3.613279698542236e-14, 0.33333333333332127, 1.8333966680154988e-210, 0.0, 0.0, 0.0, 0.0, 0.0, 0.0, 0.0, 0.0, 0.0, 0.0], "value": [-0.2569616592180794, -0.2569616592180794, -0.2569616592180794, -0.2569616592180794, -0.2569616592180794, -0.11476417960239363, -0.10671205262012964, -0.12917867224444374, -0.12554963593319968, -0.14801522456818048, 5.084422624995351, 5.081862866501043, 5.06792229177195, 5.038361314848108, 3.898277119153999, -0.04242033422366443, 0.5637765575714675, 0.4213857791804695, 0.7285797847228258, 0.4174818206680557, 0.7325561615993735, 0.5620874603262835, 0.09923175017807641, 0.41815303751556, -0.022987252913493336]}