{"x": 106.94624939090161, "y": -3.3404030831369624, "yaw": -3.0940881675487524, "speed": 8.623610385063712, "goal_x": 93.6321029663086, "goal_y": -3.5819382667541504, "pro": [0.0, 0.0, 0.0, 0.0, 0.0, 0.0, 0.0, 0.0, 0.0, 0.0, 0.0, 0.0, 0.0, 0.0, 0.0, 0.0, 0.0, 0.0, 0.0, 0.0, 0.3333333333333333, 0.3333333333333333, 0.0, 0.3333333333333333, 0.0], "value": [-0.20351273070338882, -0.20351273070338882, -0.20351273070338882, -0.20351273070338882, -0.20351273070338882, -0.05992096811089459, -0.06864586294900335, -0.08682008234911032, -0.05949459208412076, -0.07766890283341488, 0.2090264082651414, 0.18762966137707143, 0.1430621353813274, 0.1990538422445081, 0.15448507969400832, 3.0394155668310874, 1.1543102287996143, 0.7651995466140908, 1.1747583120266012, 0.9249916925557963, 10.495460279037026, 10.30007704976869, 0.9898980385539251, 10.375083811984384, 1.1389044763091252]}