{"x": 97.97919693000466, "y": -3.5648493062270554, "yaw": -3.1458866567409434, "speed": 10.058140339755322, "goal_x": 93.6321029663086, "goal_y": -3.5819382667541504, "pro": [0.0, 0.0, 0.0, 0.0, 0.0, 0.0, 0.0, 0.0, 0.0, 0.0, 0.0, 1.0, 0.0, 0.0, 0.0, 0.0, 0.0, 0.0, 0.0, 0.0, 0.0, 0.0, 0.0, 0.0, 0.0], "value": [-30.051576087317, -30.051576087317, -30.051576087317, -30.051576087317, -30.051576087317, -49.90947373781154, -49.90544319925101, -49.91424651842394, -49.91369985013, -49.92250172312009, -124.79971831210676, -1765.028360301007, -124.85699421456273, -124.82768812375598, -124.88572242734875, -125.11380407763423, -125.10697051060019, -125.07221565185556, -125.0905129495754, -125.06932855545097, -124.96678451445877, -124.9758976053152, -125.02206321850288, -124.9887115853208, -125.03529623592691]}