{"x": 106.0850388662311, "y": -3.346395242060039, "yaw": -3.1335736092314557, "speed": 8.623991627956157, "goal_x": 93.6321029663086, "goal_y": -3.5819382667541504, "pro": [0.0, 0.0, 0.0, 0.0, 0.0, 0.0, 0.0, 0.0, 0.0, 0.0, 0.0, 0.0, 0.0, 0.0, 0.0, 0.0, 0.0, 0.0, 0.0, 0.0, 0.4999999997226059, 5.54788373555477e-10, 0.0, 0.4999999997226059, 0.0], "value": [-0.20806701346442583, -0.20806701346442583, -0.20806701346442583, -0.20806701346442583, -0.20806701346442583, -0.06588332850901737, -0.07457974162750738, -0.09269457344311435, -0.057186888558885034, -0.07161882604321987, 0.20153985851333345, 0.1801682784889742, 0.13565421764854718, 0.20656532591328547, 0.16204804995307254, 3.4789381971038247, 1.1390317434066402, 0.752397412723383, 1.1867268673902798, 0.9379499330246903, 10.460822194493247, 10.292672328158979, 0.9734111222163429, 10.40304083815458, 1.1525584047196618]}