{"x": 96.99905430635538, "y": -3.551588080697527, "yaw": 3.157316347821392, "speed": 9.59672624247493, "goal_x": 93.6321029663086, "goal_y": -3.5819382667541504, "pro": [0.0, 0.0, 0.0, 0.0, 0.0, 0.0, 0.0, 0.0, 0.0, 0.0, 0.0, 0.0, 0.0, 1.0, 0.0, 0.0, 0.0, 0.0, 0.0, 0.0, 0.0, 0.0, 0.0, 0.0, 0.0], "value": [-30.05177611206963, -30.05177611206963, -30.05177611206963, -30.05177611206963, -30.05177611206963, -49.910488377637265, -49.91506775938105, -49.92460399806198, -49.905908598889965, -49.91432166802058, -124.81412534668563, -124.86126373631713, -124.95296532353946, -1787.927059786989, -124.90115336990728, -125.12943147333306, -125.14342364420177, -125.17329868400418, -125.13126194364902, -125.16067403615904, -124.97018935575261, -124.99783318399409, -125.05562416369386, -124.97824797557215, -125.0359259171222]}