{"x": 105.20898584797328, "y": -3.397317200183465, "yaw": -3.11591951436532, "speed": 8.91360873080383, "goal_x": 93.6321029663086, "goal_y": -3.5819382667541504, "pro": [0.0, 0.0, 0.0, 0.0, 0.0, 0.0, 0.0, 0.0, 0.0, 0.0, 0.0, 0.0, 0.0, 0.0, 0.0, 0.0, 0.0, 0.0, 0.0, 0.0, 0.4999999997226058, 0.4999999997226058, 0.0, 5.547883735554769e-10, 0.0], "value": [-0.20716303179908416, -0.20716303179908416, -0.20716303179908416, -0.20716303179908416, -0.20716303179908416, -0.06473377523419696, -0.055938265218266225, -0.07307380353705195, -0.0735292582975959, -0.09185044324232333, 0.20293299777810223, 0.20487273371390535, 0.15973213980320383, 0.18126198520028952, 0.1361247789991613, 3.479760590937037, 1.1833452211487958, 0.920039150498348, 1.1403523694254842, 0.7672451491801145, 10.444399816457238, 10.37143213465784, 1.1429679395248151, 10.27223389589745, 0.9812623215528404]}