{"x": 95.58609937159368, "y": -3.549329953779847, "yaw": 3.1709777923725, "speed": 8.696694293352413, "goal_x": 88.63265991210938, "goal_y": -3.656618118286133, "pro": [0.0, 0.0, 0.0, 0.0, 0.0, 0.0, 0.0, 0.0, 0.0, 0.0, 0.0, 0.0, 0.0, 0.0, 0.0, 0.0, 0.0, 0.0, 0.0, 0.0, 0.0, 0.0, 0.0, 1.0, 0.0], "value": [-30.05345120819897, -30.05345120819897, -30.05345120819897, -30.05345120819897, -30.05345120819897, -49.913333121433766, -49.91710966919711, -49.92497579203262, -49.909556461089466, -49.909001273632796, -124.80983741403693, -124.83231996689358, -124.87913228656959, -124.78735209922225, -124.830006492023, -124.52425989581823, -124.56294402670522, -124.64311773627426, -124.50459171796243, -124.58514962258894, -124.38043182149407, -124.46045794997633, -124.60781198481888, -2188.9845597097383, -124.52847702291625]}