{"x": 104.31174191014927, "y": -3.4305084957029885, "yaw": -3.1447816952177736, "speed": 8.97176566620039, "goal_x": 93.6321029663086, "goal_y": -3.5819382667541504, "pro": [0.0, 0.0, 0.0, 0.0, 0.0, 0.0, 0.0, 0.0, 0.0, 0.0, 0.0, 0.0, 0.0, 0.0, 0.0, 0.0, 0.0, 0.0, 0.0, 0.0, 0.4999999997226058, 0.4999999997226058, 0.0, 5.547883735554769e-10, 0.0], "value": [-0.2124239041027039, -0.2124239041027039, -0.2124239041027039, -0.2124239041027039, -0.2124239041027039, -0.07169423136513087, -0.06284701872111109, -0.06627281754270428, -0.08054139102504301, -0.09897012211685896, 0.19407951768889498, 0.21352729000128493, 0.16797158696621028, 0.17221001367288563, 0.12666136904184994, 1.1818008077855824, 3.478688977487556, 0.9333913748555644, 1.1210336545489394, 0.7498997341589804, 10.384189941269794, 10.382074478208159, 1.1556197677852214, 10.168687656823185, 0.9568677880370627]}