{"x": 94.7638049197482, "y": -3.599638072219376, "yaw": -3.12393269976926, "speed": 7.94126440308538, "goal_x": 88.63265991210938, "goal_y": -3.656618118286133, "pro": [0.0, 0.0, 0.0, 0.0, 0.0, 0.0, 0.0, 0.0, 0.0, 0.0, 0.0, 0.0, 0.0, 0.0, 0.0, 0.0, 0.0, 0.0, 0.0, 0.0, 1.0, 0.0, 0.0, 0.0, 0.0], "value": [-30.051438694710722, -30.051438694710722, -30.051438694710722, -30.051438694710722, -30.051438694710722, -49.90874283199616, -49.905828318221765, -49.91391145605388, -49.912623267598185, -49.920705895265854, -124.79582254778548, -124.79794880686407, -124.84636497621395, -124.8190692513362, -124.86747022855239, -124.50855196419795, -124.5244317232894, -124.6132041313807, -124.55136566370426, -124.63974218122851, -2190.914468900649, -124.53439856405257, -124.70847038565806, -124.59849751527253, -124.73322724446115]}