{"x": 103.38846200227611, "y": -3.4257591868807507, "yaw": -3.1234834244933634, "speed": 9.583061539408517, "goal_x": 93.6321029663086, "goal_y": -3.5819382667541504, "pro": [0.0, 0.0, 0.0, 0.0, 0.0, 0.0, 0.0, 0.0, 0.0, 0.0, 0.0, 0.0, 0.0, 0.0, 0.0, 0.0, 0.0, 0.0, 0.0, 0.0, 0.9999999977808467, 1.1095767452642134e-09, 0.0, 1.1095767452642134e-09, 0.0], "value": [-0.2015257687020186, -0.2015257687020186, -0.2015257687020186, -0.2015257687020186, -0.2015257687020186, -0.05736294628882834, -0.062151383287212536, -0.08053137281813574, -0.06618661387619162, -0.0845665407031306, 0.21217300164583255, 0.19539808696061695, 0.14977104510580191, 0.19026707178892655, 0.14464108686130145, 5.715821088262817, 1.1665028814423954, 0.7699187891967871, 1.1569638266016862, 0.7778255812744216, 10.41302320968571, 10.298546624982253, 0.9835575228064848, 10.256293710872802, 0.9856372929444673]}