{"x": 94.24152715027218, "y": -3.631381000391503, "yaw": -3.136597628247184, "speed": 7.606071902114351, "goal_x": 88.63265991210938, "goal_y": -3.656618118286133, "pro": [0.0, 0.0, 0.0, 0.0, 0.0, 0.0, 0.0, 0.0, 0.0, 0.0, 0.0, 0.0, 0.0, 0.0, 0.0, 0.0, 1.0, 0.0, 0.0, 0.0, 0.0, 0.0, 0.0, 0.0, 0.0], "value": [-30.054629415352228, -30.054629415352228, -30.054629415352228, -30.054629415352228, -30.054629415352228, -24.86140368784821, -49.912559839460926, -24.85593996195295, -24.86356135116209, -24.868055031623776, -89.71062829624682, -124.79648117148339, -89.71332700082687, -89.72794880990307, -89.76396781449958, -124.54773697822999, -1810.2084537487278, -124.60104306440434, -124.59879188487028, -124.70104752359191, -124.94286845146544, -124.95580602830648, -124.9251704874795, -124.92816089976296, -124.93323895487785]}