{"x": 162.20683018334148, "y": -2.5477244145319027, "yaw": -3.136581383366591, "speed": 4.279500242304038, "goal_x": 154.5052947998047, "goal_y": -2.6726393699645996, "pro": [0.0, 0.0, 0.0, 0.0, 0.0, 0.0, 0.0, 0.0, 0.0, 0.0, 0.0, 0.0, 0.0, 0.0, 0.0, 0.0, 0.0, 0.0, 0.0, 0.0, 0.49999999982029486, 3.594103375246363e-10, 0.0, 0.49999999982029486, 0.0], "value": [-0.20793524258819882, -0.20793524258819882, -0.20793524258819882, -0.20793524258819882, -0.20793524258819882, -0.06599840375794114, -0.07481355535730133, -0.09317553382514637, -0.057183197397179586, -0.07186990133120169, 0.20089655136645673, 0.17866724453324107, 0.13237461617196983, 0.20635010836236087, 0.16004750140917795, 6.403502496918874, 1.1289296687285408, 0.7321407868528764, 1.1829452593355436, 0.9228084893563019, 10.112167662437786, 9.82680680361176, 0.9066612718739507, 10.036885681788146, 0.9828514797888768]}