{"x": 102.39415225407775, "y": -3.3853907668163634, "yaw": 3.1681650866413875, "speed": 10.15452530285012, "goal_x": 93.6321029663086, "goal_y": -3.5819382667541504, "pro": [0.0, 0.0, 0.0, 0.0, 0.0, 0.0, 0.0, 0.0, 0.0, 0.0, 0.0, 0.0, 0.0, 0.0, 0.0, 0.0, 0.0, 0.0, 0.0, 0.0, 1.1095767464953737e-09, 7.97586706221441e-19, 0.0, 0.9999999988904233, 0.0], "value": [-0.22121918411525876, -0.22121918411525876, -0.22121918411525876, -0.22121918411525876, -0.22121918411525876, -0.08358500204437458, -0.09232371385498808, -0.11052630076817727, -0.07484617231580862, -0.056642582697777465, 0.1785154428560709, 0.15668816119524231, 0.11123376661474493, 0.2003449219217964, 0.18365917693050554, 1.1523639701108943, 0.9481596838119266, 0.5903284465142672, 7.16872488751449, 0.9722090441150003, 10.235490562337485, 9.91890073262322, 0.7783039497336469, 10.33273460357006, 1.1773730975755579]}