{"x": 93.48358631517817, "y": -3.6508139504436516, "yaw": -3.136890166761511, "speed": 7.580254467619411, "goal_x": 88.63265991210938, "goal_y": -3.656618118286133, "pro": [0.0, 0.0, 0.0, 0.0, 0.0, 0.0, 0.0, 0.0, 0.0, 0.0, 0.0, 0.0, 0.0, 0.0, 0.0, 0.0, 1.0, 0.0, 0.0, 0.0, 0.0, 0.0, 0.0, 0.0, 0.0], "value": [-30.055070515979203, -30.055070515979203, -30.055070515979203, -30.055070515979203, -30.055070515979203, -24.86227014553193, -24.86002908751085, -24.85536041395097, -24.864510953085116, -24.869177497092416, -89.7154722236823, -89.69683358315636, -89.7125256629764, -89.73408904437926, -89.77274166724044, -124.60163430953446, -1752.6432150435296, -89.54803068830978, -89.56015311101194, -89.66455187690117, -124.97106903247564, -124.96159883998507, -124.98752663214395, -124.98367591333326, -125.01510572958074]}