{"x": 164.75318120190752, "y": -2.5195609153991083, "yaw": -3.152131735405373, "speed": 0.0, "goal_x": 159.50474548339844, "goal_y": -2.5979599952697754, "pro": [0.0, 0.0, 0.0, 0.0, 0.0, 0.0, 0.0, 0.0, 0.0, 0.0, 0.0, 0.0, 0.0, 0.0, 0.0, 0.3333333333331932, 0.3333333333331932, 4.2039297063435806e-13, 0.3333333333331932, 1.824581851993816e-171, 0.0, 0.0, 0.0, 0.0, 0.0], "value": [-0.20000044794784114, -0.20000044794784114, -0.20000044794784114, -0.20000044794784114, -0.20000044794784114, -0.10534606943219735, -0.11613463472744495, -0.08337418064682367, -0.11613611950100552, -0.08337543164951872, 0.9185935083702119, 0.7416442984966097, 0.395600134892306, 0.8839470527420685, 0.5369744322128664, 6.239786849959844, 6.448731780391017, 6.1847247944896075, 6.448725700780054, 6.486527885820019, 0.039596470089328234, 0.039135604945725544, 0.02890095526380901, 0.03913555407011183, 0.028900588947435357]}