{"x": 148.5284497676679, "y": -20.398678396354853, "yaw": 1.590771899183254, "speed": 8.12523748708653, "goal_x": 148.46588134765625, "goal_y": -16.551837921142578, "pro": [0.0, 0.0, 0.0, 0.0, 0.0, 0.0, 0.0, 0.0, 0.0, 0.0, 0.3333333333333237, 0.3333333333333237, 1.441840390576148e-14, 0.3333333333333237, 1.441840390576148e-14, 0.0, 0.0, 0.0, 0.0, 0.0, 0.0, 0.0, 0.0, 0.0, 0.0], "value": [-0.25328518083972784, -0.25328518083972784, -0.25328518083972784, -0.25328518083972784, -0.25328518083972784, -0.10993067412840682, -0.11176752835249801, -0.13469604192928505, -0.12093812617489438, -0.14386582532848124, 4.774179265887285, 4.736917427889192, 4.527501630924785, 4.678878484791405, 4.442302591930568, -0.12418511142097088, -0.12772337829373126, -0.1404896088583697, -0.12942347685269345, -0.14285844981943363, 0.5864738196655984, 0.6293675563469684, 0.16898423858596612, 0.6556556433276057, 0.16187400609026772]}