{"x": 148.65216121655956, "y": -27.04694226848175, "yaw": 1.588725792517746, "speed": 0.9362166160811465, "goal_x": 148.46588134765625, "goal_y": -16.551837921142578, "pro": [0.0, 0.0, 0.0, 0.0, 0.0, 0.0, 0.0, 0.0, 0.0, 0.0, 0.0, 0.0, 0.0, 0.0, 0.0, 0.0, 0.0, 0.0, 0.0, 0.0, 0.9999999977808467, 1.1095767452642134e-09, 0.0, 1.1095767452642134e-09, 0.0], "value": [-0.20013301862918492, -0.20013301862918492, -0.20013301862918492, -0.20013301862918492, -0.20013301862918492, -0.0555205281857607, -0.06381180569711853, -0.08181268954710447, -0.06416220689914903, -0.08216308603066355, 0.21451692862136207, 0.19358156094852758, 0.14905256483773627, 0.19313828405155442, 0.14860936287400478, 5.724483030013374, 1.1646895318857546, 0.7715551336145814, 1.1639169185523481, 0.7867863679779238, 10.46180567309444, 10.332659526414565, 0.9904740763929855, 10.329183378221709, 1.0016906702085395]}