{"x": 148.65038710435272, "y": -26.92163263664298, "yaw": 1.5891114182435895, "speed": 1.481112148705801, "goal_x": 148.46588134765625, "goal_y": -16.551837921142578, "pro": [0.0, 0.0, 0.0, 0.0, 0.0, 0.0, 0.0, 0.0, 0.0, 0.0, 0.0, 0.0, 0.0, 0.0, 0.0, 0.0, 0.0, 0.0, 0.0, 0.0, 0.9999999977808467, 1.1095767452642134e-09, 0.0, 1.1095767452642134e-09, 0.0], "value": [-0.20038259434283925, -0.20038259434283925, -0.20038259434283925, -0.20038259434283925, -0.20038259434283925, -0.0558495677099575, -0.06348440316611065, -0.08148869831108821, -0.06449288234690062, -0.08249716367963394, 0.21410015485132816, 0.19398256927797047, 0.14942077687404332, 0.19270576209558, 0.14814419111727195, 5.723382078583938, 1.1652532284520134, 0.7719083997295006, 1.162935461231494, 0.7857882832674042, 10.456024846552348, 10.330236061691824, 0.990340344601887, 10.320149991407773, 0.9999182342663989]}