{"x": 164.7135236300191, "y": -2.5201190207848887, "yaw": -3.1266536514549936, "speed": 0.7425364729282427, "goal_x": 159.50474548339844, "goal_y": -2.5979599952697754, "pro": [0.0, 0.0, 0.0, 0.0, 0.0, 0.0, 0.0, 0.0, 0.0, 0.0, 0.0, 0.0, 0.0, 0.0, 0.0, 0.3333333333332686, 0.3333333333332686, 2.390062844970614e-110, 0.3333333333332686, 1.94277420396093e-13, 0.0, 0.0, 0.0, 0.0, 0.0], "value": [-0.20000285064783, -0.20000285064783, -0.20000285064783, -0.20000285064783, -0.20000285064783, -0.1053500556151021, -0.11614579070262362, -0.08339629397002077, -0.11613633416998054, -0.08338832555221573, 0.918528429856121, 0.7414764837990071, 0.5171835340363822, 0.8837960391009374, 0.536656418920267, 6.126756688829758, 6.13216560333123, 6.536719548233435, 6.1320313380491305, 6.031612847790095, 0.039596269989561034, 0.037633235121392106, 0.025265687061727493, 0.037633913568360926, 0.025268175401012533]}