{"x": 148.64750550816362, "y": -26.74421771628253, "yaw": 1.5893685464468366, "speed": 1.9692502907778964, "goal_x": 148.46588134765625, "goal_y": -16.551837921142578, "pro": [0.0, 0.0, 0.0, 0.0, 0.0, 0.0, 0.0, 0.0, 0.0, 0.0, 0.0, 0.0, 0.0, 0.0, 0.0, 0.0, 0.0, 0.0, 0.0, 0.0, 0.9999999977808467, 1.1095767452642134e-09, 0.0, 1.1095767452642134e-09, 0.0], "value": [-0.20054968009494392, -0.20054968009494392, -0.20054968009494392, -0.20054968009494392, -0.20054968009494392, -0.05607044840525332, -0.06326542709463162, -0.08127368910029886, -0.06471566689739017, -0.0827239085511221, 0.21381941347410133, 0.19424128782194028, 0.14963372738971503, 0.19240301076724192, 0.14779578113258313, 5.722154333418234, 1.1655373890703191, 0.7718873230772623, 1.1621692096296332, 0.7848727513902132, 10.448370565049716, 10.32381042488344, 0.9894714553750743, 10.309128409976758, 0.9979464443037966]}