{"x": 164.85335649316096, "y": -2.517982897020189, "yaw": -3.126828887454721, "speed": 1.3364526930050877, "goal_x": 159.50474548339844, "goal_y": -2.5979599952697754, "pro": [0.0, 0.0, 0.0, 0.0, 0.0, 0.0, 0.0, 0.0, 0.0, 0.0, 1.0, 0.0, 0.0, 0.0, 0.0, 1.0079461350596203e-47, 1.0079461350596203e-47, 0.0, 1.0079461350596203e-47, 1.427866841575183e-269, 0.0, 0.0, 0.0, 0.0, 0.0], "value": [-0.25017192217250916, -0.25017192217250916, -0.25017192217250916, -0.25017192217250916, -0.25017192217250916, -0.10557398920977307, -0.11638552458269955, -0.08363396079709556, -0.11592820301731102, -0.08324849763424397, 6.877364556328152, 0.8828775584376062, 0.5156262024528219, 0.8837597980952263, 0.5361314828961006, 5.800518795521554, 5.780117187999147, 0.9092852050506144, 5.778576349974166, 4.650840942014626, 0.03956386302033846, 0.0339515567316021, 0.016113593668375947, 0.03402643739784739, 0.016254670512175745]}