{"x": 148.64384156457086, "y": -26.512716434055402, "yaw": 1.5891261987876395, "speed": 2.580146320877736, "goal_x": 148.46588134765625, "goal_y": -16.551837921142578, "pro": [0.0, 0.0, 0.0, 0.0, 0.0, 0.0, 0.0, 0.0, 0.0, 0.0, 0.0, 0.0, 0.0, 0.0, 0.0, 0.0, 0.0, 0.0, 0.0, 0.0, 0.9999999977808467, 1.1095767452642134e-09, 0.0, 1.1095767452642134e-09, 0.0], "value": [-0.2003386888759591, -0.2003386888759591, -0.2003386888759591, -0.2003386888759591, -0.2003386888759591, -0.055792676813821135, -0.0635500029054604, -0.08157243126385552, -0.06444470039105929, -0.0824671157653494, 0.21417059336520597, 0.19384929045970734, 0.14915696367525366, 0.192713359557234, 0.1480212478347001, 5.721279026584751, 1.164670695331915, 0.7705470161146918, 1.1625903271096802, 0.7847555505716578, 10.439546903518915, 10.308047228322213, 0.9866074702434369, 10.298831636041225, 0.9965221915619321]}