{"x": 164.69393306088668, "y": -2.5203402004723845, "yaw": -3.1267753579168103, "speed": 1.80857234859826, "goal_x": 159.50474548339844, "goal_y": -2.5979599952697754, "pro": [0.0, 0.0, 0.0, 0.0, 0.0, 0.0, 0.0, 0.0, 0.0, 0.0, 0.9999999999992273, 0.0, 0.0, 7.446707959148288e-147, 0.0, 2.5755660514248586e-13, 2.5755660514248586e-13, 0.0, 2.5755660514248586e-13, 0.0, 0.0, 0.0, 0.0, 0.0, 0.0], "value": [-0.2501273094143893, -0.2501273094143893, -0.2501273094143893, -0.2501273094143893, -0.2501273094143893, -0.10551525934692602, -0.11635156688334103, -0.1389235755659618, -0.11601170458054068, -0.13858372837977673, 5.827314309048968, 0.8822414846965009, 0.5139359594093326, 6.05343290502042, 0.6609576904424181, 5.604423869971657, 5.535778552342509, 0.879656397736464, 5.535952629009963, 0.8807999608450792, 0.0395525849170423, 0.029726775967229696, 0.005152891474180077, 0.029819224436619884, 0.005279031830590919]}