{"x": 161.7406234069325, "y": -2.546962181674309, "yaw": -3.1377036394499505, "speed": 4.973809801513032, "goal_x": 154.5052947998047, "goal_y": -2.6726393699645996, "pro": [0.0, 0.0, 0.0, 0.0, 0.0, 0.0, 0.0, 0.0, 0.0, 0.0, 0.0, 0.0, 0.0, 0.0, 0.0, 0.0, 0.0, 0.0, 3.7537041472135856e-258, 0.0, 0.5, 6.51067241002585e-20, 0.0, 0.5, 0.0], "value": [-0.20947413933924594, -0.20947413933924594, -0.20947413933924594, -0.20947413933924594, -0.20947413933924594, -0.06812356330017769, -0.07695815080144194, -0.0953605370551402, -0.05928890327953806, -0.06980475422420002, 0.19801189819135973, 0.17560843028140216, 0.1289562457067816, 0.20906009134357229, 0.16239361446445727, 1.1853150992417991, 0.9793810763105357, 0.7224698688156459, 11.09633743844163, 0.9246488595307543, 9.755940401759476, 9.452110807499118, 0.7583130312575904, 9.707854716428129, 0.9674352018943853]}