{"x": 148.63905420342957, "y": -26.2130154244124, "yaw": 1.5889544248973293, "speed": 3.34089561062114, "goal_x": 148.46588134765625, "goal_y": -16.551837921142578, "pro": [0.0, 0.0, 0.0, 0.0, 0.0, 0.0, 0.0, 0.0, 0.0, 0.0, 0.0, 0.0, 0.0, 0.0, 0.0, 0.0, 0.0, 0.0, 0.0, 0.0, 0.9999999977808467, 1.1095767452642134e-09, 0.0, 1.1095767452642134e-09, 0.0], "value": [-0.2001706625847728, -0.2001706625847728, -0.2001706625847728, -0.2001706625847728, -0.2001706625847728, -0.05557113031953497, -0.06378026255915634, -0.08182083244945934, -0.0642318677780907, -0.08227243081408028, 0.21445123382267817, 0.19351343187425657, 0.1487064287254043, 0.19293877028196765, 0.1481318836552808, 5.719774616032997, 1.1638081819918429, 0.769025516865423, 1.1627570396101872, 0.7842510051953058, 10.425366561771133, 10.286231879109993, 0.9829126120323372, 10.281462024502934, 0.9940159539418846]}