{"x": 164.23128351726075, "y": -2.5271891748031448, "yaw": -3.1267740263362653, "speed": 2.3848904246321223, "goal_x": 159.50474548339844, "goal_y": -2.5979599952697754, "pro": [0.0, 0.0, 0.0, 0.0, 0.0, 0.0, 0.0, 0.0, 0.0, 0.0, 1.0839839095623574e-13, 0.0, 0.0, 4.3887180173533204e-55, 0.0, 0.9999999999996747, 1.0839839095623574e-13, 0.0, 1.0839839095623574e-13, 0.0, 0.0, 0.0, 0.0, 0.0, 0.0], "value": [-0.2501323350993651, -0.2501323350993651, -0.2501323350993651, -0.2501323350993651, -0.2501323350993651, -0.10552288601656884, -0.11639562739810837, -0.1390434790132934, -0.11604051201792376, -0.13868838094975075, 5.419461322049991, 0.881080088673978, 0.5111447256454678, 5.6202767320650615, 0.6582087647516356, 5.41699121303027, 5.343599405974599, 0.6869255861039869, 5.34483622137267, 0.8156516683183381, 0.039529763012388225, 0.025430183646541843, -0.006464543137263301, 0.025566535523273252, -0.006306047513748525]}