{"x": 148.63278200604114, "y": -25.835669374018835, "yaw": 1.588848431085944, "speed": 4.101944204397718, "goal_x": 148.46588134765625, "goal_y": -16.551837921142578, "pro": [0.0, 0.0, 0.0, 0.0, 0.0, 0.0, 0.0, 0.0, 0.0, 0.0, 0.0, 0.0, 0.0, 0.0, 0.0, 0.0, 0.0, 0.0, 0.0, 0.0, 0.9999999977808467, 1.1095767452642134e-09, 0.0, 1.1095767452642134e-09, 0.0], "value": [-0.20005523414206722, -0.20005523414206722, -0.20005523414206722, -0.20005523414206722, -0.20005523414206722, -0.055418577141094716, -0.06394564120692683, -0.08201291695318405, -0.06409214059829485, -0.08215941398510795, 0.21464506970390385, 0.19324065683042357, 0.14826969773490195, 0.193053658172182, 0.14808274063865629, 5.717354466823836, 1.1629207114057816, 0.7671977295415312, 1.1625786000829008, 0.7831905314769205, 10.402121788339134, 10.253973474133513, 0.9778553567100778, 10.252367660120285, 0.9898391920323091]}