{"x": 164.2066739309726, "y": -2.527544020867079, "yaw": -3.1268049190049103, "speed": 3.0582619779378724, "goal_x": 159.50474548339844, "goal_y": -2.5979599952697754, "pro": [0.0, 0.0, 0.0, 0.0, 0.0, 0.0, 0.0, 0.0, 0.0, 0.0, 0.33333333333332127, 0.33333333333332127, 1.8333966680154988e-210, 0.33333333333332127, 3.613279698542236e-14, 0.0, 0.0, 0.0, 0.0, 0.0, 0.0, 0.0, 0.0, 0.0, 0.0], "value": [-0.25016913926926543, -0.25016913926926543, -0.25016913926926543, -0.25016913926926543, -0.25016913926926543, -0.1055739794333059, -0.11650120379975377, -0.139262464724504, -0.11604390253187562, -0.13880518882548729, 5.111805776897971, 5.079861754768463, 3.9495011042145878, 5.08144961631382, 5.064420900382514, -0.11987557326751765, 0.7650776729553237, 0.42289446131204556, 0.7650608075694822, 0.5613098880477729, 0.7403392882265907, 0.40902546436404064, -0.017889189756339796, 0.43200761510038005, -0.01764750558630912]}