{"x": 163.37016542589834, "y": -2.5399079617451963, "yaw": -3.1268091800626543, "speed": 3.5750628504995934, "goal_x": 154.5052947998047, "goal_y": -2.6726393699645996, "pro": [0.0, 0.0, 0.0, 0.0, 0.0, 0.0, 0.0, 0.0, 0.0, 0.0, 0.0, 0.0, 0.0, 0.0, 0.0, 0.0, 0.0, 0.0, 0.0, 0.0, 0.9999999977808467, 1.1095767452642134e-09, 0.0, 1.1095767452642134e-09, 0.0], "value": [-0.20013526215523222, -0.20013526215523222, -0.20013526215523222, -0.20013526215523222, -0.20013526215523222, -0.05552521318690606, -0.06433024433553239, -0.08267135234208758, -0.06397047332643635, -0.0823115877126818, 0.214508059938342, 0.19252886055324542, 0.1467510140982734, 0.1929898698048182, 0.14721190594631373, 5.712001834847989, 1.160676330750806, 0.762416591319713, 1.1615552922408119, 0.7798730377474066, 10.358212476556833, 10.195490552887943, 0.9671493098661208, 10.199638506050707, 0.9807757859077011]}