{"x": 162.99246443527673, "y": -2.5454792093772354, "yaw": -3.1607866502015707, "speed": 3.9399617430009206, "goal_x": 154.5052947998047, "goal_y": -2.6726393699645996, "pro": [0.0, 0.0, 0.0, 0.0, 0.0, 0.0, 0.0, 0.0, 0.0, 0.0, 0.0, 0.0, 0.0, 0.0, 0.0, 0.0, 0.0, 0.0, 0.0, 0.0, 0.3333333333333333, 0.3333333333333333, 0.0, 0.3333333333333333, 0.0], "value": [-0.20015069220333684, -0.20015069220333684, -0.20015069220333684, -0.20015069220333684, -0.20015069220333684, -0.0555462904363204, -0.06436671937812136, -0.08273988985016076, -0.06396479401490857, -0.08233797210502308, 0.21448003507335284, 0.19239970133384132, 0.14641187598756694, 0.19291675688795829, 0.14692878505498475, 6.4514797432812045, 1.1598438923757848, 0.7603388754067184, 1.1608524597079874, 0.778048631932768, 10.366188961784129, 10.136679996498348, 0.9597163953536618, 10.141592975994728, 0.9736058641246914]}