{"x": 148.59076896060088, "y": -24.30385720787456, "yaw": 1.5973400533797162, "speed": 5.669299037596013, "goal_x": 148.46588134765625, "goal_y": -16.551837921142578, "pro": [0.0, 0.0, 0.0, 0.0, 0.0, 0.0, 0.0, 0.0, 0.0, 0.0, 0.0, 0.0, 0.0, 0.0, 0.0, 0.0, 0.0, 0.0, 0.0, 0.0, 0.49999999982029486, 0.49999999982029486, 0.0, 3.594103375246363e-10, 0.0], "value": [-0.20739413351834518, -0.20739413351834518, -0.20739413351834518, -0.20739413351834518, -0.20739413351834518, -0.06526731376826048, -0.056556984625667994, -0.07227764154595812, -0.07397759359872252, -0.09212114584446568, 0.2018558320870283, 0.20566726845252076, 0.1599404735557654, 0.17990284077041752, 0.13418496251368894, 7.129244896591968, 1.1821853177093482, 0.7811915992358927, 1.131991393354066, 0.7532498768858278, 10.132465795815284, 10.065432646234477, 0.97299367955403, 9.875235854174786, 0.9272677015146048]}