{"x": 162.57311667336592, "y": -2.5276231089586587, "yaw": -3.1367315856520714, "speed": 4.437919859558433, "goal_x": 154.5052947998047, "goal_y": -2.6726393699645996, "pro": [0.0, 0.0, 0.0, 0.0, 0.0, 0.0, 0.0, 0.0, 0.0, 0.0, 0.0, 0.0, 0.0, 0.0, 0.0, 0.0, 0.0, 0.0, 0.0, 0.0, 0.49999999982029486, 3.594103375246363e-10, 0.0, 0.49999999982029486, 0.0], "value": [-0.20933274272100738, -0.20933274272100738, -0.20933274272100738, -0.20933274272100738, -0.20933274272100738, -0.06783365770417082, -0.07663507161235952, -0.09496843210063197, -0.05903218408617708, -0.06999233874411578, 0.19859255078816015, 0.17648020552421534, 0.13043035674475167, 0.20877103176643652, 0.16271087354351682, 1.187485289038976, 1.125334930558129, 0.731078913446856, 5.682903238658702, 0.9297048070314542, 10.217547880950818, 9.96587180843035, 0.9151769822721736, 10.170295421248445, 1.1144473289542223]}