{"x": 148.5453643798828, "y": -20.106124877929688, "yaw": 1.5720193835255156, "speed": 7.715561386676649, "goal_x": 148.46588134765625, "goal_y": -16.551837921142578, "pro": [1.0, 0.0, 0.0, 0.0, 0.0, 4.686484710126792e-142, 4.686484710126792e-142, 4.686484710126792e-142, 4.686484710126792e-142, 4.686484710126792e-142, 4.686484710126792e-142, 4.686484710126792e-142, 4.686484710126792e-142, 7.170188540599764e-110, 4.686484710126792e-142, 4.686484710126792e-142, 8.104774679040362e-177, 8.104774679040362e-177, 4.686484710126792e-142, 8.104774679040362e-177, 4.686484710126792e-142, 4.686484710126792e-142, 8.104774679040362e-177, 4.686484710126792e-142, 4.686484710126792e-142], "value": [1.9774091568116252, -0.3253629579502187, -0.3253629579502187, -0.3253629579502187, -0.3253629579502187, 0.39476252252296684, 0.4082742055852615, 0.41727367798086157, 0.3698957458453561, 0.3059388963093673, 0.42499947048043296, 0.36449924592352134, 0.28467057257509687, 0.4330063572334282, 0.3751175417431998, 0.23766640493109692, 0.30464245555879566, 0.16886811681602987, 0.2511517608346966, 0.30669995679561346, 0.3565902565251605, 0.2574410473122606, 0.14338879129536988, 0.3971333186346292, 0.20996880996766698]}