{"x": 148.56778929034868, "y": -23.9727670332314, "yaw": 1.5804194459299499, "speed": 5.872828205167527, "goal_x": 148.46588134765625, "goal_y": -16.551837921142578, "pro": [0.0, 0.0, 0.0, 0.0, 0.0, 0.0, 0.0, 0.0, 0.0, 0.0, 0.0, 0.0, 0.0, 0.0, 0.0, 0.0, 0.9999999990858788, 0.0, 0.0, 0.0, 4.5706055797591353e-10, 4.5706055797591353e-10, 0.0, 7.50740828756449e-258, 0.0], "value": [-0.21514833254717916, -0.21514833254717916, -0.21514833254717916, -0.21514833254717916, -0.21514833254717916, -0.07579073464069419, -0.06708304766170706, -0.06174625987689645, -0.08449830735146918, -0.10263598864275333, 0.18794537347043905, 0.2100475620281459, 0.17339079965151, 0.16584587177153381, 0.11982987453383703, 1.1674374748087304, 9.89735973281032, 0.933868950341311, 0.9730725321029556, 0.7237684648039473, 9.65699215845885, 9.71882972280267, 0.9796894288514073, 10.400464182386067, 0.7535379452791154]}