{"x": 162.09586149470292, "y": -2.496771762705499, "yaw": 3.1666456657434856, "speed": 5.066024723906313, "goal_x": 154.5052947998047, "goal_y": -2.6726393699645996, "pro": [0.0, 0.0, 0.0, 0.0, 0.0, 0.0, 0.0, 0.0, 0.0, 0.0, 0.0, 0.0, 0.0, 0.0, 0.0, 0.0, 0.0, 0.0, 0.49999999982029486, 0.0, 3.594103375246363e-10, 0.0, 0.0, 0.49999999982029486, 0.0], "value": [-0.22239878407227753, -0.22239878407227753, -0.22239878407227753, -0.22239878407227753, -0.22239878407227753, -0.08544682749066729, -0.0942078651695692, -0.11245679620820542, -0.07668563368852213, -0.05843537510771852, 0.17556385795897328, 0.15344691393837206, 0.10739561700893709, 0.19768421145452234, 0.1857127152000651, 1.1436713667409315, 0.9376090658487286, 0.5777957440401397, 10.033274808515815, 0.9727096021534459, 9.944370974661728, 7.720514247220679, 0.7345411704128044, 10.117284800672136, 1.1593851122778276]}