{"x": 148.5663322533178, "y": -23.3679419265009, "yaw": 1.5961662651292639, "speed": 6.491992064485847, "goal_x": 148.46588134765625, "goal_y": -16.551837921142578, "pro": [0.0, 0.0, 0.0, 0.0, 0.0, 0.0, 0.0, 0.0, 0.0, 0.0, 0.0, 0.0, 0.0, 0.0, 0.0, 0.9999999999315148, 0.0, 0.0, 0.0, 0.0, 3.4242567602651636e-11, 3.4242567602651636e-11, 0.0, 6.466971247931704e-22, 0.0], "value": [-0.20766380081708974, -0.20766380081708974, -0.20766380081708974, -0.20766380081708974, -0.20766380081708974, -0.06576332983232258, -0.05698147745372828, -0.07200213351637885, -0.07454511427627625, -0.09283749299351221, 0.20091629433984468, 0.20605402812384357, 0.15917840260875277, 0.1784112885513191, 0.13155104179185867, 8.454159048095079, 2.091591632751806, 0.7708021872356545, 1.12356359004846, 0.7378757035311587, 8.296878510162626, 8.23404232906009, 0.7576159004113349, 8.150432009315459, 0.7118229769941911]}