{"x": 161.81239345793972, "y": -2.5142864188015492, "yaw": -3.115473717176701, "speed": 5.437290279829406, "goal_x": 154.5052947998047, "goal_y": -2.6726393699645996, "pro": [0.0, 0.0, 0.0, 0.0, 0.0, 0.0, 0.0, 0.0, 0.0, 0.0, 0.0, 0.0, 0.0, 0.0, 0.0, 0.0, 0.0, 0.0, 1.0, 0.0, 1.30213448200517e-19, 1.1486121531730906e-225, 0.0, 1.30213448200517e-19, 0.0], "value": [-0.2151060047820084, -0.2151060047820084, -0.2151060047820084, -0.2151060047820084, -0.2151060047820084, -0.07575889448977341, -0.0845830146640432, -0.1029634368135185, -0.06693465425838485, -0.06213744335145471, 0.18793188475079886, 0.16550107298091915, 0.11879643041832626, 0.21036558097057972, 0.17238246409369268, 1.1669493582577743, 0.9584742944183038, 0.7028016728784929, 9.77219093978922, 0.9434187225995232, 9.38561618618975, 9.993010591777313, 0.7233758864767333, 9.4156812945039, 0.9811166538537835]}