{"x": 148.56648953957136, "y": -22.66923702648561, "yaw": 1.6124044559158428, "speed": 7.276259937413557, "goal_x": 148.46588134765625, "goal_y": -16.551837921142578, "pro": [0.0, 0.0, 0.0, 0.0, 0.0, 0.0, 0.0, 0.0, 0.0, 0.0, 0.0, 0.0, 0.0, 0.0, 0.0, 0.3333333333333333, 0.3333333333333333, 0.0, 0.3333333333333333, 4.3179954664053166e-133, 0.0, 0.0, 0.0, 0.0, 0.0], "value": [-0.20002486252846424, -0.20002486252846424, -0.20002486252846424, -0.20002486252846424, -0.20002486252846424, -0.05537946985864, -0.06427120300935038, -0.08279276587601742, -0.06420291818474771, -0.08272448337710536, 0.7819806529318023, 0.6024953318471196, 0.40184731563127996, 0.7541450760006922, 0.4064240109704622, 7.817557516412841, 7.700001241274914, 0.9839885812095588, 7.700656839134721, 7.984928314939809, 0.03988406363542499, 0.5959221753079824, 0.42563759897133924, 0.7473722525933261, 0.4302963964909805]}