{"x": 161.2709531296029, "y": -2.5530965491331146, "yaw": -3.1222607672369076, "speed": 5.493602055620408, "goal_x": 154.5052947998047, "goal_y": -2.6726393699645996, "pro": [0.0, 0.0, 0.0, 0.0, 0.0, 0.0, 0.0, 0.0, 0.0, 0.0, 0.0, 0.0, 0.0, 0.0, 0.0, 0.9999999998972722, 0.0, 0.0, 0.0, 0.0, 3.424256760147908e-11, 3.424256760147908e-11, 0.0, 3.424256760147908e-11, 0.0], "value": [-0.2011988550139583, -0.2011988550139583, -0.2011988550139583, -0.2011988550139583, -0.2011988550139583, -0.05697609359143777, -0.06265952922525653, -0.08129206338696388, -0.06592105062550352, -0.0845534898291829, 0.356799263461192, 0.19395867086193858, 0.14617385484361134, 0.1896265209201795, 0.14184426341604728, 8.357917904613425, 1.1572341215000952, 0.7451424910444389, 1.1481904759763142, 0.7552032400751016, 8.282532220748784, 8.102204670176226, 0.7156210430683119, 8.083449838767333, 0.7239813049293581]}