{"x": 148.54323026863545, "y": -21.92233002907352, "yaw": 1.564261755828698, "speed": 7.58823935309261, "goal_x": 148.46588134765625, "goal_y": -16.551837921142578, "pro": [0.0, 0.0, 0.0, 0.0, 0.0, 0.0, 0.0, 0.0, 0.0, 0.0, 0.0, 0.0, 0.0, 0.0, 0.0, 0.49999999999747335, 0.49999999999747335, 2.6459113742062874e-23, 5.053423584608145e-12, 0.0, 0.0, 0.0, 0.0, 0.0, 0.0], "value": [-0.202999858095079, -0.202999858095079, -0.202999858095079, -0.202999858095079, -0.202999858095079, -0.1103050440897023, -0.11104618263396639, -0.07885277636747126, -0.12096557328484864, -0.08720800350008923, 0.9119502640982938, 0.8943714035095227, 0.5294465701571002, 0.7441887420363417, 0.39409744628605653, 7.136162777271929, 7.042900595983776, 6.579108054809892, 6.9515689534788745, 2.6286480855833005, 0.04033570033414413, 0.04400438886753025, 0.04264978482326459, 0.044995877888358404, 0.04073914701994932]}