{"x": 160.46555030476537, "y": -2.607160176662086, "yaw": -3.10565968626579, "speed": 5.663154471472466, "goal_x": 149.505859375, "goal_y": -2.747319221496582, "pro": [0.0, 0.0, 0.0, 0.0, 0.0, 0.0, 0.0, 0.0, 0.0, 0.0, 0.0, 0.0, 0.0, 0.0, 0.0, 0.0, 0.0, 0.0, 0.0, 0.0, 0.4999999997226058, 0.4999999997226058, 0.0, 5.547883735554769e-10, 0.0], "value": [-0.2169680721013263, -0.2169680721013263, -0.2169680721013263, -0.2169680721013263, -0.2169680721013263, -0.07764460827582814, -0.0688111610261572, -0.06028005939365865, -0.08647798599122045, -0.10487796049998704, 0.186606611773886, 0.20841875267001853, 0.17562292202791974, 0.16479554067575475, 0.1193691568922153, 1.1696760164257165, 4.2447096087036, 0.9479653346040874, 0.9793098921626645, 0.7385394239227077, 10.360399818612187, 10.42038473087471, 1.1737802976380323, 10.122019446522248, 0.9446557738900452]}