{"x": 148.53768960032716, "y": -21.4043101639825, "yaw": 1.58803883011456, "speed": 7.70285201000739, "goal_x": 148.46588134765625, "goal_y": -16.551837921142578, "pro": [0.0, 0.0, 0.0, 0.0, 0.0, 0.0, 0.0, 0.0, 0.0, 0.0, 0.24999999999999728, 0.24999999999999728, 0.0, 0.0, 0.0, 0.24999999999999728, 0.24999999999999728, 0.0, 1.0813802929321304e-14, 0.0, 0.0, 0.0, 0.0, 0.0, 0.0], "value": [-0.25221689694927535, -0.25221689694927535, -0.25221689694927535, -0.25221689694927535, -0.25221689694927535, -0.10832956257095872, -0.11312797461250632, -0.1355554249767973, -0.11909640976122376, -0.1415235593628104, 5.278322774993416, 5.268621217504638, 0.5172922598521368, 1.3262966910692304, 0.6508105862921035, 5.37844718989005, 5.203902911103137, 0.5178444341832938, 5.240183618589212, 0.6407242567635283, 0.03831130964158224, 0.025002125888808818, -0.009842967366680444, 0.0223950420986887, -0.012733273873238193]}