{"x": 159.90290595402203, "y": -2.6359136516544472, "yaw": -3.1358473973683223, "speed": 5.692005753725456, "goal_x": 149.505859375, "goal_y": -2.747319221496582, "pro": [0.0, 0.0, 0.0, 0.0, 0.0, 0.0, 0.0, 0.0, 0.0, 0.0, 0.0, 0.0, 0.0, 0.0, 0.0, 0.0, 0.0, 0.0, 0.0, 0.0, 0.5, 0.5, 0.0, 3.987933535532123e-19, 0.0], "value": [-0.22149042674341074, -0.22149042674341074, -0.22149042674341074, -0.22149042674341074, -0.22149042674341074, -0.0836646620684357, -0.07479328198360155, -0.05631362692930488, -0.09253594641871982, -0.1110147873854013, 0.1788902213076211, 0.20084637795289273, 0.18289429591602469, 0.15693559768085935, 0.11121214493451463, 1.1550914124578382, 4.990466326779872, 0.9602956139507364, 0.9640725172867576, 0.7236315788629529, 10.2939661258994, 10.426364487388467, 1.1863146651459013, 10.084220884994364, 0.9237883242435694]}