{"x": 161.20824394496498, "y": -2.548731350350579, "yaw": -3.1040099676766033, "speed": 5.45002948766472, "goal_x": 154.5052947998047, "goal_y": -2.6726393699645996, "pro": [0.0, 0.0, 0.0, 0.0, 0.0, 0.0, 0.0, 0.0, 0.0, 0.0, 0.0, 0.0, 0.0, 0.0, 0.0, 0.0, 0.0, 0.0, 3.2334856241319356e-22, 0.0, 0.4999999999914393, 1.712128380220523e-11, 0.0, 0.4999999999914393, 0.0], "value": [-0.21021647527152204, -0.21021647527152204, -0.21021647527152204, -0.21021647527152204, -0.21021647527152204, -0.06920922660810375, -0.07807820376150887, -0.09655214109510835, -0.06034016020123945, -0.06882519065720286, 0.19640140893566066, 0.17372904208743462, 0.1265213241201953, 0.21040105724756114, 0.16317376220944907, 1.1812932926215778, 0.9728549176369445, 0.7122398503758051, 9.004650782928366, 0.9219429719143523, 8.396635276606997, 8.274721234563076, 0.7017994866824837, 8.373876919691437, 0.9222785340707286]}