{"x": 148.55939464511758, "y": -20.629117978751214, "yaw": 1.587479072857435, "speed": 7.710969404829511, "goal_x": 148.46588134765625, "goal_y": -16.551837921142578, "pro": [0.0, 0.0, 0.0, 0.0, 0.0, 0.0, 0.0, 0.0, 0.0, 0.0, 0.25, 0.25, 0.0, 0.25, 0.25, 0.0, 0.0, 0.0, 0.0, 0.0, 2.1523926993175536e-289, 0.0, 0.0, 1.0121732386058205e-42, 0.0], "value": [-0.2706305912083703, -0.2706305912083703, -0.2706305912083703, -0.2706305912083703, -0.2706305912083703, -0.13384599101371228, -0.1448886686483421, -0.16788850234164931, -0.12280279194732088, -0.11089212853039994, 4.80976237284854, 4.714053205612975, 0.6750774863767477, 4.88916383543387, 4.777397601267148, -0.12015565192441957, -0.11823894628163667, -0.12289912570573464, -0.12328169059018025, -0.11815191391011091, 2.25641425554128, 0.3479546728775778, 0.04041475076976406, 4.280572751235101, 0.21607893498274183]}