{"x": 159.24955151154575, "y": -2.6548119340707728, "yaw": -3.138673919282819, "speed": 7.135123297860118, "goal_x": 149.505859375, "goal_y": -2.747319221496582, "pro": [0.0, 0.0, 0.0, 0.0, 0.0, 0.0, 0.0, 0.0, 0.0, 0.0, 0.0, 0.0, 0.0, 0.0, 0.0, 0.0, 0.0, 0.0, 0.0, 0.0, 1.1095767464953737e-09, 0.9999999988904233, 0.0, 7.97586706221441e-19, 0.0], "value": [-0.22018167261096327, -0.22018167261096327, -0.22018167261096327, -0.22018167261096327, -0.22018167261096327, -0.08203472337583981, -0.07315033713791921, -0.05604706254179781, -0.09091901056175147, -0.10942491333746435, 0.1807978193974224, 0.2028559369809128, 0.18067254655104925, 0.15874137523174803, 0.11280692181904262, 1.1583542641047937, 5.716147367460433, 0.9550364078791882, 0.9663696515947298, 0.724387092965874, 10.33089332185359, 10.38963746671583, 1.1772414164913956, 10.050307529756479, 0.9202551299332044]}