{"x": 148.56099052118185, "y": -20.114173196554717, "yaw": 1.593787023784121, "speed": 7.492195214292561, "goal_x": 148.46588134765625, "goal_y": -16.551837921142578, "pro": [0.0, 0.0, 0.0, 0.0, 0.0, 1.6282291080464546e-14, 0.0, 0.0, 1.6282291080464546e-14, 0.9999999999999676, 0.0, 0.0, 0.0, 0.0, 0.0, 0.0, 0.0, 0.0, 0.0, 0.0, 0.0, 0.0, 0.0, 0.0, 0.0], "value": [-0.2778556440050678, -0.2778556440050678, -0.2778556440050678, -0.2778556440050678, -0.2778556440050678, 3.7403917376604263, 0.21943354887929012, -0.18055769520965909, 3.8332230932659983, 3.949569802498199, 0.684190266306999, 0.6681834225863077, 0.5539276468315906, 0.672733062726961, 0.5917055592129621, 0.3595663676513631, -0.15807396415234765, -0.18977335627627714, 0.4086810223625128, 0.4731945759230096, 0.49923295521566513, 0.40865184934581056, 0.06056766134134692, 0.5639154118903099, 0.421950671686377]}