{"x": 158.47554453297496, "y": -2.629260916778757, "yaw": -3.1266805493820033, "speed": 8.180528717654852, "goal_x": 149.505859375, "goal_y": -2.747319221496582, "pro": [0.0, 0.0, 0.0, 0.0, 0.0, 0.0, 0.0, 0.0, 0.0, 0.0, 0.0, 0.0, 0.0, 0.0, 0.0, 0.0, 0.0, 0.0, 0.0, 0.0, 0.9999999977808467, 1.1095767452642134e-09, 0.0, 1.1095767452642134e-09, 0.0], "value": [-0.2012602627675467, -0.2012602627675467, -0.2012602627675467, -0.2012602627675467, -0.2012602627675467, -0.057020140604385094, -0.06248478398703047, -0.08084516357458868, -0.06583440369853621, -0.08419472475964512, 0.21259458170408005, 0.19489616812937005, 0.1491027494429325, 0.1906083140384187, 0.14481596020523835, 5.710847825484854, 1.164883915179223, 0.7666774901514928, 1.1567815896375868, 0.7760921123671984, 10.360420089730505, 10.228452836700745, 0.9734662005860352, 10.190366836389554, 0.9771299998366446]}