{"x": 148.51742990835444, "y": -18.878882960226736, "yaw": 1.6122151813840524, "speed": 7.132714186731757, "goal_x": 147.97251892089844, "goal_y": -12.220353126525879, "pro": [0.0, 0.0, 0.0, 0.0, 0.0, 0.0, 0.0, 0.0, 0.0, 0.0, 0.0, 0.0, 0.0, 0.0, 0.0, 0.0, 0.0, 0.0, 0.4999999999828788, 0.4999999999828788, 0.0, 0.0, 0.0, 1.7121283801912098e-11, 1.7121283801912098e-11], "value": [-0.24705947579625928, -0.24705947579625928, -0.24705947579625928, -0.24705947579625928, -0.24705947579625928, -0.11942807709669587, -0.1282659480929371, -0.14667396332319177, -0.11058976961460937, -0.09217804303402408, 0.1294600859196417, 0.10677472232034291, 0.059571866203113555, 0.15215740369321107, 0.4805617897601194, 0.9007211015209643, 0.8333376281255218, 0.4868745901994047, 8.10937877904686, 8.226449778925467, 1.0680721166559812, 0.7031948134511254, 0.43498275945714293, 8.001946441034988, 7.994205913312881]}