{"x": 157.61453857720713, "y": -2.583502073007514, "yaw": 3.164971191526804, "speed": 8.90103908676167, "goal_x": 149.505859375, "goal_y": -2.747319221496582, "pro": [0.0, 0.0, 0.0, 0.0, 0.0, 0.0, 0.0, 0.0, 0.0, 0.0, 0.0, 0.0, 0.0, 0.0, 0.0, 0.0, 0.0, 0.0, 1.1095767452642134e-09, 0.0, 1.1095767452642134e-09, 0.0, 0.0, 0.9999999977808467, 0.0], "value": [-0.22164119986136574, -0.22164119986136574, -0.22164119986136574, -0.22164119986136574, -0.22164119986136574, -0.08429353830228103, -0.09302655722635184, -0.111217211387478, -0.07556038417713506, -0.057368580361509054, 0.1773320945214822, 0.15540209426039275, 0.10973665488679617, 0.1992648284637301, 0.18452368073539055, 1.148695606979004, 0.9436515068105182, 0.5849219322369474, 10.17067172665737, 0.9722589900312927, 10.10247631465483, 6.245890589755066, 0.759621961059368, 10.230876912676003, 1.1696589849118]}