{"x": 148.44280702353916, "y": -18.1731221462015, "yaw": 1.6419370478032997, "speed": 7.054599333884111, "goal_x": 147.97251892089844, "goal_y": -12.220353126525879, "pro": [0.0, 0.0, 0.0, 0.0, 0.0, 0.0, 0.0, 0.0, 0.0, 0.0, 0.0, 0.0, 0.0, 0.0, 0.0, 3.424256760147908e-11, 3.424256760147908e-11, 0.0, 0.9999999998972722, 3.424256760147908e-11, 0.0, 0.0, 0.0, 0.0, 0.0], "value": [-0.2231087615752677, -0.2231087615752677, -0.2231087615752677, -0.2231087615752677, -0.2231087615752677, -0.08715710244093919, -0.0959272651391046, -0.11419476357490224, -0.07838668139648189, -0.060116986362772934, 0.5703805117592708, 0.40909550498890235, 0.10086746460886836, 0.7498975621182159, 0.7480877131599639, 7.597977013267343, 7.389943996806328, 0.759493573889557, 7.709737080355373, 7.507735938875178, 0.26116756810331776, 0.4051382086821172, 0.2426354891034839, 0.04223058928335154, 0.40939328329079405]}