{"x": 156.95220364918384, "y": -2.591642831198734, "yaw": 3.1617740753609587, "speed": 9.272039497051129, "goal_x": 149.505859375, "goal_y": -2.747319221496582, "pro": [0.0, 0.0, 0.0, 0.0, 0.0, 0.0, 0.0, 0.0, 0.0, 0.0, 0.0, 0.0, 0.0, 0.0, 0.0, 0.0, 0.0, 0.0, 0.49999999988573485, 0.0, 2.2853027914463506e-10, 6.491630334886193e-293, 0.0, 0.49999999988573485, 0.0], "value": [-0.21883869407162843, -0.21883869407162843, -0.21883869407162843, -0.21883869407162843, -0.21883869407162843, -0.08076424896408069, -0.08955391358455062, -0.10786249601364659, -0.07197444041614878, -0.0570260204507593, 0.18144365672145435, 0.15914481175352385, 0.11271590509775267, 0.20374586818575585, 0.17927382183710966, 1.1553293952308858, 0.9467036142192252, 0.6936910448326938, 9.936285057514617, 0.9581287154421931, 9.668704644702501, 8.893202141006839, 0.7218058739994078, 9.750903707162436, 1.1253566356730604]}