{"x": 148.36056150642898, "y": -17.49898378099322, "yaw": 1.6438642792009102, "speed": 6.428993035545773, "goal_x": 147.97251892089844, "goal_y": -12.220353126525879, "pro": [0.0, 0.0, 0.0, 0.0, 0.0, 0.0, 0.0, 0.0, 0.0, 0.0, 0.0, 0.0, 0.0, 0.0, 0.0, 0.49999999999869105, 2.617939432445708e-12, 2.3024965927799146e-230, 0.49999999999869105, 6.8562563144008e-24, 0.0, 0.0, 0.0, 0.0, 0.0], "value": [-0.2002186454685895, -0.2002186454685895, -0.2002186454685895, -0.2002186454685895, -0.2002186454685895, -0.10570737329829538, -0.06438832005320028, -0.0825895024674983, -0.06377827183480789, -0.0819794801510767, 0.9188839779800063, 0.7430058220434614, 0.3994650209834144, 0.7539296983919661, 0.405221641378281, 6.963815229827457, 6.793480169433622, 6.108098497029919, 6.74956936069685, 6.348130553536075, 0.039614074790652314, 0.04092344446989648, 0.034071540094533725, 0.04091396589944301, 0.03422587246450284]}