{"x": 155.77127458545638, "y": -2.647548592574103, "yaw": -3.1207377054094914, "speed": 9.31288850216602, "goal_x": 144.50640869140625, "goal_y": -2.8219985961914062, "pro": [0.0, 0.0, 0.0, 0.0, 0.0, 0.0, 0.0, 0.0, 0.0, 0.0, 0.0, 0.0, 0.0, 0.0, 0.0, 0.0, 0.0, 0.0, 0.0, 0.0, 0.4999999997226058, 0.4999999997226058, 0.0, 5.547883735554769e-10, 0.0], "value": [-0.2039457583124007, -0.2039457583124007, -0.2039457583124007, -0.2039457583124007, -0.2039457583124007, -0.06052376953863481, -0.05891637297197333, -0.07714188110377851, -0.06927324217035105, -0.08749862050086027, 0.2082165007580907, 0.19967984913442538, 0.15472868788419486, 0.18663593796443573, 0.14168673232838463, 4.240984152696175, 1.1748532066662578, 0.7814565361466816, 1.151053365312659, 0.7761047074126808, 10.457148333347712, 10.336401285957264, 1.1315311916700688, 10.30323396355914, 0.9910964197071835]}