{"x": 148.5504440745271, "y": -18.60653034622459, "yaw": 1.6438640484624327, "speed": 7.266680929719102, "goal_x": 147.97251892089844, "goal_y": -12.220353126525879, "pro": [0.0, 0.0, 0.0, 0.0, 0.0, 0.0, 0.0, 0.0, 0.0, 0.0, 0.0, 0.0, 0.0, 0.0, 0.0, 0.0, 0.0, 0.0, 1.0336443724984604e-21, 0.5, 0.0, 0.0, 0.0, 1.9729744053564776e-43, 0.5], "value": [-0.2684648707969183, -0.2684648707969183, -0.2684648707969183, -0.2684648707969183, -0.2684648707969183, -0.1489231397987315, -0.15786518860176763, -0.17648935052182532, -0.13998039441908, -0.12135030975326816, 0.08936660701989894, 0.06631234442057078, 0.018369375728351428, 0.2367502561716084, 0.4261001314934386, 0.9384773939610427, 0.7440853684786234, 0.4129067075046825, 7.656310678548782, 7.891816994817119, 0.7577784228924187, 0.5600312186656626, 0.24345179884244908, 7.556596541671737, 7.899354842202992]}