{"x": 148.2770054281018, "y": -16.88433811153666, "yaw": 1.5905386382340096, "speed": 6.1064712993340855, "goal_x": 147.97251892089844, "goal_y": -12.220353126525879, "pro": [0.0, 0.0, 0.0, 0.0, 0.0, 0.0, 0.0, 0.0, 0.0, 0.0, 0.0, 0.24999999999999728, 1.4338550003054041e-264, 0.0, 0.0, 0.24999999999999728, 0.24999999999999728, 0.24999999999999728, 1.0813802929321304e-14, 0.0, 0.0, 0.0, 0.0, 0.0, 0.0], "value": [-0.2201935148103743, -0.2201935148103743, -0.2201935148103743, -0.2201935148103743, -0.2201935148103743, -0.13925933340451208, -0.12890273205806524, -0.10732879442872775, -0.14961557409482998, -0.11091136815510808, 0.8528617838473449, 5.340521878874189, 3.5162185890573507, 0.6797182218640831, 0.3411830405378515, 5.262404572157972, 5.407192499301334, 5.194915603562277, 5.218313742056581, 0.4905337430417581, 0.025954788437498592, 0.038992640487757614, 0.008721395972201895, 0.011266256864746887, -0.02241840128529468]}