{"x": 154.84994740424426, "y": -2.7000134862206178, "yaw": -3.138422888825729, "speed": 9.181367330835526, "goal_x": 144.50640869140625, "goal_y": -2.8219985961914062, "pro": [0.0, 0.0, 0.0, 0.0, 0.0, 0.0, 0.0, 0.0, 0.0, 0.0, 0.0, 0.0, 0.0, 0.0, 0.0, 0.0, 0.0, 0.0, 0.0, 0.0, 0.4999999997226058, 0.4999999997226058, 0.0, 5.547883735554769e-10, 0.0], "value": [-0.2187763117825538, -0.2187763117825538, -0.2187763117825538, -0.2187763117825538, -0.2187763117825538, -0.08009489934069858, -0.07123581705870252, -0.05790883776724434, -0.08895389758576167, -0.10740718318134918, 0.18339804221013833, 0.205329084552068, 0.1784645165641326, 0.16146835124807424, 0.11579628342443408, 1.1638931861569262, 4.249060000740621, 0.9521221339280573, 0.9723902088847399, 0.7311387906169388, 10.31919357330041, 10.409881742208434, 1.176504880872998, 10.060698395530034, 0.9325771143033371]}