{"x": 148.26263441928012, "y": -16.53646593729209, "yaw": 1.6430212043848031, "speed": 5.938881439458853, "goal_x": 147.97251892089844, "goal_y": -12.220353126525879, "pro": [0.0, 0.0, 0.0, 0.0, 0.0, 0.0, 0.0, 0.0, 0.0, 0.0, 1.0839839095623577e-13, 0.9999999999996749, 1.0839839095623577e-13, 1.0839839095623577e-13, 0.0, 0.0, 0.0, 0.0, 0.0, 0.0, 0.0, 4.688795350625084e-27, 0.0, 0.0, 0.0], "value": [-0.26908095314722535, -0.26908095314722535, -0.26908095314722535, -0.26908095314722535, -0.26908095314722535, -0.13145574501087845, -0.120960745717373, -0.11159200719000101, -0.14195036719874757, -0.1638092597577575, 4.930013559038208, 4.930178787518754, 4.9023990842697085, 4.866671884756067, 0.7015674642695937, -0.10331362631873428, -0.12183549488288858, -0.08364302727189873, -0.08641807526393347, -0.07489102454221506, 1.5537880266059727, 4.649485259307534, 0.22110821794834065, 0.5070083175507797, 0.05730552015569869]}