{"x": 153.93601272471173, "y": -2.70833252540788, "yaw": -3.112084562395606, "speed": 9.142399113273147, "goal_x": 144.50640869140625, "goal_y": -2.8219985961914062, "pro": [0.0, 0.0, 0.0, 0.0, 0.0, 0.0, 0.0, 0.0, 0.0, 0.0, 0.0, 0.0, 0.0, 0.0, 0.0, 0.0, 0.0, 0.0, 0.0, 0.0, 0.4999999997226058, 0.4999999997226058, 0.0, 5.547883735554769e-10, 0.0], "value": [-0.21262489684579441, -0.21262489684579441, -0.21262489684579441, -0.21262489684579441, -0.21262489684579441, -0.07207275149228817, -0.06320939985044091, -0.06594406778304163, -0.08093603841595504, -0.09939830110580417, 0.1934128403922581, 0.21401952061868354, 0.16810073164527678, 0.171369184176062, 0.12545995100734197, 1.1798386610156812, 3.476745873757997, 0.931057237107793, 1.1174355709445052, 0.7446767820874387, 10.318360316293552, 10.32214802623515, 1.1467349058622578, 10.075114563347405, 0.9425043048532231]}