{"x": 148.24449860014838, "y": -15.69456413192067, "yaw": 1.708147830809309, "speed": 5.932905357578651, "goal_x": 145.57351684570312, "goal_y": -9.102310180664062, "pro": [0.0, 0.0, 0.0, 0.0, 0.0, 0.0, 0.0, 0.0, 0.0, 0.0, 0.0, 0.0, 0.0, 0.0, 0.0, 0.0, 0.0, 0.0, 7.605836680258401e-266, 0.5, 0.0, 0.0, 0.0, 2.5679933952482073e-30, 0.5], "value": [-0.43429904640215744, -0.43429904640215744, -0.43429904640215744, -0.43429904640215744, -0.43429904640215744, -0.3722162076113013, -0.38077196766197696, -0.39858826049675644, -0.36365871591853877, -0.3458276984940397, -0.13747079213324234, -0.2222423415389586, -0.2668878180643605, -0.046295566867065596, 0.0861856987584589, 0.3222200022095696, 0.19676419311579782, -0.0019480857353553899, 7.317578317877853, 6.254158569226337, 0.34071003131483724, 0.20227214819540207, -0.008573539243824979, 5.782601426074121, 6.23008639555478]}