{"x": 153.0157756192449, "y": -2.708573962936132, "yaw": -3.123378229630305, "speed": 9.264267186034116, "goal_x": 144.50640869140625, "goal_y": -2.8219985961914062, "pro": [0.0, 0.0, 0.0, 0.0, 0.0, 0.0, 0.0, 0.0, 0.0, 0.0, 0.0, 0.0, 0.0, 0.0, 0.0, 0.0, 0.0, 0.0, 0.0, 0.0, 0.9999999977808467, 1.1095767452642134e-09, 0.0, 1.1095767452642134e-09, 0.0], "value": [-0.2034976631153039, -0.2034976631153039, -0.2034976631153039, -0.2034976631153039, -0.2034976631153039, -0.06000902439495202, -0.05952129184239136, -0.07793459403058806, -0.06884866521481223, -0.08726179051187735, 0.20874024494486618, 0.1986121779886453, 0.15253055916867392, 0.18661592466656352, 0.1405376980186916, 5.701680480514684, 1.1705569569910985, 0.7707340070251499, 1.14765533799414, 0.7671236593985641, 10.289601650874188, 10.195443349012892, 0.972992770947445, 10.086015723913775, 0.960037988976792]}