{"x": 148.24465330909317, "y": -15.103948237727984, "yaw": 1.6885278356492066, "speed": 5.850434769780949, "goal_x": 145.57351684570312, "goal_y": -9.102310180664062, "pro": [0.0, 0.0, 0.0, 0.0, 0.0, 0.0, 0.0, 0.0, 0.0, 0.0, 0.0, 0.0, 0.0, 0.0, 0.0, 0.0, 0.0, 0.0, 8.820994826929477e-207, 0.9999999998261548, 0.0, 0.0, 0.0, 1.0883701509611186e-30, 1.738452027263052e-10], "value": [-0.4715831985002967, -0.4715831985002967, -0.4715831985002967, -0.4715831985002967, -0.4715831985002967, -0.4249481659635711, -0.4336139172588267, -0.451657484850146, -0.41628011312142144, -0.3982169751777733, -0.22634108716297402, -0.25239477600845295, -0.34115261919533396, -0.15013894051922716, -0.031826556291136454, 0.1464573631176963, 0.03715448188725742, -0.12785089642455547, 6.846516045621915, 5.214841586067607, 0.1404277973425506, 0.022623932041413122, -0.14695297439713398, 4.791766363591742, 5.231431197254325]}