{"x": 152.07952267323873, "y": -2.720824234678064, "yaw": -3.126365231108938, "speed": 9.441959037467193, "goal_x": 144.50640869140625, "goal_y": -2.8219985961914062, "pro": [0.0, 0.0, 0.0, 0.0, 0.0, 0.0, 0.0, 0.0, 0.0, 0.0, 0.0, 0.0, 0.0, 0.0, 0.0, 0.0, 0.0, 0.0, 0.0, 0.0, 0.9999999985623584, 7.188206742742177e-10, 0.0, 7.188206742742177e-10, 0.0], "value": [-0.20132048272962672, -0.20132048272962672, -0.20132048272962672, -0.20132048272962672, -0.20132048272962672, -0.057120251895633106, -0.062439499522288826, -0.08091404556952703, -0.06598933922524694, -0.08446380471732737, 0.21242790416284396, 0.19465074589939774, 0.14800181394227102, 0.19002961903299875, 0.143382449241238, 8.058232691301072, 1.1620316064796414, 0.7582276822050936, 1.1529188762206442, 0.7674206499640243, 10.097881318648248, 9.920300576408836, 0.9362128459164138, 9.86545573759502, 0.9386852617045798]}