{"x": 148.1604511326697, "y": -14.2810194289856, "yaw": 1.732259872550601, "speed": 5.720350270543511, "goal_x": 145.57351684570312, "goal_y": -9.102310180664062, "pro": [0.0, 0.0, 0.0, 0.0, 0.0, 0.0, 0.0, 0.0, 0.0, 0.0, 0.0, 0.0, 0.0, 0.0, 0.0, 0.0, 0.0, 0.0, 3.018594821483034e-11, 0.49999999998490696, 0.0, 0.0, 0.0, 0.0, 0.49999999998490696], "value": [-0.5946617110883355, -0.5946617110883355, -0.5946617110883355, -0.5946617110883355, -0.5946617110883355, -0.4336327289030677, -0.4422737038018681, -0.46026440768035976, -0.5448843029002962, -0.5234502533250789, -0.208490176499046, -0.23897882407773474, -0.32971172422784106, -0.13704381290761347, -0.005296268636003049, 0.08003662574740937, -0.023365046638137432, -0.1644947001724586, 4.401627587238802, 4.757074217902628, 0.012283932044745899, -0.057709129469231374, -0.20779643605604625, 2.9619447411280264, 4.576247890096948]}