{"x": 151.37640556671064, "y": -2.7311092119179636, "yaw": -3.127165511016507, "speed": 9.598578721573611, "goal_x": 144.50640869140625, "goal_y": -2.8219985961914062, "pro": [0.0, 0.0, 0.0, 0.0, 0.0, 0.0, 0.0, 0.0, 0.0, 0.0, 0.0, 0.0, 0.0, 0.0, 0.0, 0.9999999998972722, 0.0, 0.0, 0.0, 0.0, 3.424256760147908e-11, 3.424256760147908e-11, 0.0, 3.424256760147908e-11, 0.0], "value": [-0.20086408575146208, -0.20086408575146208, -0.20086408575146208, -0.20086408575146208, -0.20086408575146208, -0.0565191380677398, -0.06309703818445742, -0.0816890617944411, -0.06544465189861834, -0.08403660913270869, 0.3575312620448804, 0.19344170351718515, 0.14585183113570754, 0.19033099142066268, 0.14274286441696293, 8.550845145838757, 1.1567969727746295, 0.7459526982828428, 1.1503123545951985, 0.7581823799600659, 8.382481786914457, 8.219938465866154, 0.7324654403012333, 8.209951044748657, 0.7434198557157403]}