{"x": 160.65671747363973, "y": -2.573144638531922, "yaw": -3.12847738416948, "speed": 5.579204779624785, "goal_x": 149.505859375, "goal_y": -2.747319221496582, "pro": [0.0, 0.0, 0.0, 0.0, 0.0, 0.0, 0.0, 0.0, 0.0, 0.0, 0.0, 0.0, 0.0, 0.0, 0.0, 0.0, 0.0, 0.0, 0.0, 0.0, 0.4999999997226059, 5.54788373555477e-10, 0.0, 0.4999999997226059, 0.0], "value": [-0.20183784182370038, -0.20183784182370038, -0.20183784182370038, -0.20183784182370038, -0.20183784182370038, -0.05775852897191618, -0.06648027503165907, -0.08464792319364264, -0.061653878868919036, -0.07982158797140479, 0.21169737008854952, 0.1901763755280506, 0.14535090236553505, 0.19625866940845244, 0.15143227138423737, 4.247204949150768, 1.1581899734524137, 0.766091997606528, 1.1692690593796111, 0.7920532602104935, 10.467067033371094, 10.326592547808428, 0.9859047711400658, 10.31378606842014, 1.1242920231347049]}