{"x": 148.032107860656, "y": -13.966654217760222, "yaw": 1.7569139478249542, "speed": 5.847976466749702, "goal_x": 145.57351684570312, "goal_y": -9.102310180664062, "pro": [0.0, 0.0, 0.0, 0.0, 0.0, 0.0, 0.0, 0.0, 0.0, 0.0, 0.0, 0.0, 0.0, 0.0, 0.0, 0.0, 0.0, 0.0, 6.466971248153149e-22, 0.9999999999657574, 0.0, 0.0, 0.0, 0.0, 3.424256760382419e-11], "value": [-0.5635799087283209, -0.5635799087283209, -0.5635799087283209, -0.5635799087283209, -0.5635799087283209, -0.518572664644546, -0.5286770928714302, -0.5497156286059626, -0.5084653713802914, -0.48740247481608223, -0.12704752533018382, -0.1987514213795547, -0.2939926055362976, -0.0377083159256348, 0.11310843864860677, 0.10526752120274335, -0.0016743153767986296, -0.1448900518166529, 4.262349082780573, 4.430455803841471, 0.005904822277938301, -0.05996793522081739, -0.20867445103340237, 2.362608812988464, 4.246495639146787]}