{"x": 150.16607030765505, "y": -2.7485916387478544, "yaw": -3.0934556628927887, "speed": 9.542278749387183, "goal_x": 135.50741577148438, "goal_y": -2.9564218521118164, "pro": [0.0, 0.0, 0.0, 0.0, 0.0, 0.0, 0.0, 0.0, 0.0, 0.0, 0.0, 0.0, 0.0, 0.0, 0.0, 0.0, 0.0, 0.0, 0.0, 0.0, 0.3333333333333333, 0.3333333333333333, 0.0, 0.3333333333333333, 0.0], "value": [-0.20000176908352918, -0.20000176908352918, -0.20000176908352918, -0.20000176908352918, -0.20000176908352918, -0.05534762298967305, -0.06402131548288628, -0.08208892436021709, -0.06401672407076, -0.08208433298810225, 0.2147357176009305, 0.19352052585464996, 0.14933030406940023, 0.1935262335374564, 0.14933601123813145, 3.049915522365178, 1.166462248222709, 0.7767976329448614, 1.1664713810775118, 0.792247120098492, 10.527941686269186, 10.360228988304444, 1.1322703190415535, 10.360267186997094, 1.1322819883480877]}