{"x": 147.84600338824225, "y": -13.41147091557354, "yaw": 1.8159175402261507, "speed": 5.841918553803224, "goal_x": 141.55697631835938, "goal_y": -7.2878804206848145, "pro": [0.0, 0.0, 0.0, 0.0, 0.0, 0.0, 0.0, 0.0, 0.0, 0.0, 0.0, 0.0, 0.0, 0.0, 0.0, 0.0, 0.0, 0.0, 3.285445792410552e-19, 1.0, 0.0, 0.0, 0.0, 3.066e-320, 9.332636204473491e-302], "value": [-0.8290666711674615, -0.8290666711674615, -0.6632533369339692, -0.6632533369339692, -0.6632533369339692, -0.6703579761230699, -0.678391661727691, -0.6951200273983158, -0.6623223924941968, -0.8095536276573952, -0.5772880768845153, -0.5951306937345855, -0.6286411922143481, -0.5503183221085803, -0.4918745751060837, -0.3819369469441152, -0.4308417290624805, -0.5143376024226585, 3.087603506879201, 3.286610909539839, -15.880135035760624, -0.3956379726069562, -0.48683748150664774, -15.11745887228847, -14.1532451943019]}