{"x": 149.22917151171626, "y": -2.769914090560596, "yaw": -3.124136964224869, "speed": 9.233107820865712, "goal_x": 135.50741577148438, "goal_y": -2.9564218521118164, "pro": [0.0, 0.0, 0.0, 0.0, 0.0, 0.0, 0.0, 0.0, 0.0, 0.0, 0.0, 0.0, 0.0, 0.0, 0.0, 0.0, 0.0, 0.0, 0.0, 0.0, 0.3333333333333333, 0.3333333333333333, 0.0, 0.3333333333333333, 0.0], "value": [-0.20288154591240154, -0.20288154591240154, -0.20288154591240154, -0.20288154591240154, -0.20288154591240154, -0.05909421054576047, -0.06029224546851105, -0.07840592770934465, -0.0677900035376855, -0.08590361428117158, 0.2100649714891402, 0.19810522767071953, 0.15372378852556107, 0.18875813968946487, 0.14437765204071468, 3.0435715787975823, 1.1734557843651907, 0.7829408135871916, 1.1567939536651342, 0.7834907628348673, 10.504471787661782, 10.376871630109974, 1.1388175059509877, 10.315430324336674, 1.1195224146544809]}