{"x": 147.53207104677355, "y": -12.55675175888081, "yaw": 1.905914859215043, "speed": 7.046078046778694, "goal_x": 141.55697631835938, "goal_y": -7.2878804206848145, "pro": [0.0, 0.0, 0.0, 0.0, 0.0, 0.0, 0.0, 0.0, 0.0, 0.0, 0.0, 0.0, 0.0, 0.0, 0.0, 8.135965814313502e-39, 8.642704645708185e-151, 0.0, 1.6427228963539338e-19, 0.5, 8.135965814313502e-39, 8.135965814313502e-39, 0.0, 1.6427228963539338e-19, 0.5], "value": [-0.7919897258211879, -0.7919897258211879, -0.7919897258211879, -0.7919897258211879, -0.7919897258211879, -0.7953244426272272, -0.8046928497817746, -0.8242014234668575, -0.7859541154826211, -0.7664292142453398, -0.5254368803638627, -0.5555000837197834, -0.604241844688925, -0.48708718380950866, -0.39701079576835685, -15.806350714774874, 1.4788512795638447, -0.4741928464044942, -15.089467427232012, -14.22637722846862, -15.853952116858306, -16.0123325886369, -0.4653552883712523, -15.108738897175176, -14.166129485403555]}