{"x": 148.32036787060224, "y": -2.8276706544909627, "yaw": -3.1063787397601113, "speed": 9.038158655220315, "goal_x": 135.50741577148438, "goal_y": -2.9564218521118164, "pro": [0.0, 0.0, 0.0, 0.0, 0.0, 0.0, 0.0, 0.0, 0.0, 0.0, 0.0, 0.0, 0.0, 0.0, 0.0, 0.0, 5.0654034649297084e-123, 0.0, 0.0, 0.0, 0.5, 0.5, 0.0, 7.321225953629962e-200, 0.0], "value": [-0.2186752613045063, -0.2186752613045063, -0.2186752613045063, -0.2186752613045063, -0.2186752613045063, -0.07971079993773622, -0.07091911469404025, -0.05808511050558915, -0.08850242411398904, -0.10681547539126215, 0.18426492814532935, 0.20585095981185586, 0.17866142291958736, 0.16267974281709935, 0.11772217160948428, 1.1669166053106632, 11.034863793707212, 0.9557583565948582, 0.9771824267153584, 0.7390826871741842, 10.392193241547616, 10.469011026387504, 1.1869643844082614, -8.758452444556799, -19.397621321681903]}