{"x": 147.1814268009809, "y": -11.889714756979723, "yaw": 1.9790702015539607, "speed": 7.682139094580364, "goal_x": 141.55697631835938, "goal_y": -7.2878804206848145, "pro": [0.0, 0.0, 0.0, 0.0, 0.0, 0.0, 0.0, 0.0, 0.0, 0.0, 8.135965814313502e-39, 8.135965814313502e-39, 2.698240154762246e-267, 8.135965814313502e-39, 1.6427228963539338e-19, 8.135965814313502e-39, 8.135965814313502e-39, 8.135965814313502e-39, 8.135965814313502e-39, 0.5, 0.0, 0.0, 0.0, 0.0, 0.5], "value": [-0.7519068727183704, -0.7519068727183704, -0.7519068727183704, -0.7519068727183704, -0.7519068727183704, -0.7482400052748389, -0.7573998427261635, -0.7764737260893507, -0.7390781787570944, -0.6819947396609465, -15.879571305681177, -15.960989965908134, -0.008205673574635308, -15.797303711467551, -15.035843448446633, -15.80311196361497, -15.923149589328615, -16.167271721729808, -15.681099176956453, -14.274270095891193, -19.389831171506962, -19.395908085480503, -19.4077696560952, -19.383457972969655, -14.259297605163383]}