{"x": 147.4171824621027, "y": -2.8705628449543523, "yaw": -3.2059248455443474, "speed": 9.074198979719922, "goal_x": 135.50741577148438, "goal_y": -2.9564218521118164, "pro": [0.0, 0.0, 0.0, 0.0, 0.0, 0.0, 0.0, 0.0, 0.0, 0.0, 0.0, 0.0, 0.0, 0.0, 0.0, 0.0, 0.0, 0.0, 0.0, 0.0, 0.0, 0.0, 1.0, 0.0, 0.0], "value": [-119.1961509632978, -119.1961509632978, -119.1961509632978, -119.1961509632978, -119.1961509632978, -19.862745832288606, -19.860791881063086, -19.856721521335757, -19.86469968993553, -19.868769253893845, -19.544037630610546, -19.5394949177184, -19.5404919015139, -19.548578985494135, -19.558031413966432, -174.35458642173225, -118.33802054149615, -118.43346030292787, -288.93241439663717, -249.04015191556556, -192.74837890980987, -288.5428452268808, -310.81360928973396, -19.10987709972642, -19.138304849215174]}