{"x": 146.9501194762076, "y": -11.660524257771291, "yaw": 1.9236851129986667, "speed": 8.289080121765366, "goal_x": 141.55697631835938, "goal_y": -7.2878804206848145, "pro": [0.0, 0.0, 0.0, 0.0, 0.0, 0.0, 0.0, 0.0, 0.0, 0.0, 0.125, 0.125, 0.125, 0.125, 0.125, 0.125, 7.825713148901196e-22, 0.125, 0.125, 8.845742533868407e-89, 0.0, 0.0, 0.0, 0.0, 2.67812068546662e-65], "value": [-0.8520467420922011, -0.8520467420922011, -0.7100389517435008, -0.7100389517435008, -0.7100389517435008, -0.6994309223703465, -0.7084184080912146, -0.7271328177773393, -0.6674579639813955, -0.598605054063859, -15.916243145368929, -15.99631737776706, -16.16024324149155, -15.83522804460842, -15.663288010775668, -15.879892066074827, -16.53262001397773, -21.18238898354913, -15.760874155137966, -17.545598533077477, -19.41934389140072, -19.423836381386906, -24.380095633203567, -19.414675191115432, -17.05745322188131]}