{"x": 146.5011083264947, "y": -2.901771415557299, "yaw": -3.1015112802357736, "speed": 9.244193436749054, "goal_x": 135.50741577148438, "goal_y": -2.9564218521118164, "pro": [0.0, 0.0, 0.0, 0.0, 0.0, 0.0, 0.0, 0.0, 0.0, 0.0, 0.0, 0.0, 0.0, 0.0, 0.0, 0.0, 0.0, 0.0, 0.0, 0.0, 0.5, 0.5, 0.0, 3.987933535532123e-19, 0.0], "value": [-0.2257467474545663, -0.2257467474545663, -0.2257467474545663, -0.2257467474545663, -0.2257467474545663, -0.08917614937417709, -0.08031212077362507, -0.06184773701035098, -0.09804007221455191, -0.11650355662938139, 0.17206730086795702, 0.193951832046165, 0.18993728553881034, 0.15018439254236238, 0.10461014801891665, 1.1417842890550747, 1.1985527512430747, 0.9740440173354404, 0.9525000183610353, 0.5904079863882968, 10.26948968667193, 10.462904654754265, 5.570080313102697, 10.063766390658104, 0.9156418593970093]}