{"x": 148.5254592990995, "y": -17.898232264867634, "yaw": 1.6549877714445087, "speed": 6.8583362313325145, "goal_x": 147.97251892089844, "goal_y": -12.220353126525879, "pro": [0.0, 0.0, 0.0, 0.0, 0.0, 0.0, 0.0, 0.0, 0.0, 0.0, 0.0, 0.0, 0.0, 0.0, 0.0, 3.904233184322499e-32, 2.0660509980009467e-54, 0.0, 2.0672887449969208e-21, 1.0, 0.0, 0.0, 0.0, 0.0, 0.0], "value": [-0.2643100060858006, -0.2643100060858006, -0.2643100060858006, -0.2643100060858006, -0.2643100060858006, -0.14429037443935505, -0.15326368983777852, -0.17195253403887314, -0.13531624402304337, -0.11662047030243672, 0.3303291210404129, 0.2972135457132483, 0.020009549586425507, 0.48120881105737096, 0.8390909527186705, 6.763887444651119, 6.622284990826783, 0.4734370035845652, 7.056249103630787, 7.44196147754163, 0.323258735937836, 0.29633894981387005, 0.13225597890574226, 0.45695948183652113, 0.4749410040050641]}