{"x": 146.64161826050986, "y": -11.132073273405894, "yaw": 2.0437522933129832, "speed": 8.677308378341902, "goal_x": 141.55697631835938, "goal_y": -7.2878804206848145, "pro": [0.0, 0.0, 0.0, 0.0, 0.0, 0.3333333333333333, 2.3588646756982417e-88, 0.0, 0.3333333333333333, 0.3333333333333333, 3.540945985172481e-113, 3.540945985172481e-113, 3.540945985172481e-113, 3.540945985172481e-113, 3.540945985172481e-113, 3.540945985172481e-113, 3.540945985172481e-113, 3.540945985172481e-113, 3.540945985172481e-113, 3.540945985172481e-113, 0.0, 0.0, 0.0, 0.0, 0.0], "value": [-0.8462617370167025, -0.8462617370167025, -0.8462617370167025, -0.8462617370167025, -0.8462617370167025, -21.28188952292816, 1.6867258419229014, -0.6851372276413956, -16.30663839481133, -16.225393991560317, -18.603337102136333, -18.66541064684482, -18.792931378937613, -18.540690517373974, -18.408293913117255, -18.540414636659857, -18.631264209529974, -18.81627150968489, -18.4481581414718, -18.251158082081375, -24.40134676344507, -24.406677195480178, -24.41710258524951, -19.465356335490235, -19.462006534523123]}