{"x": 145.56897686797464, "y": -2.857708602151325, "yaw": -3.1348993308220967, "speed": 9.405210557452424, "goal_x": 135.50741577148438, "goal_y": -2.9564218521118164, "pro": [0.0, 0.0, 0.0, 0.0, 0.0, 0.0, 0.0, 0.0, 0.0, 0.0, 0.0, 0.0, 0.0, 0.0, 0.0, 0.0, 0.0, 0.0, 0.0, 0.0, 0.9999999977808467, 1.1095767452642134e-09, 0.0, 1.1095767452642134e-09, 0.0], "value": [-0.20226839209606176, -0.20226839209606176, -0.20226839209606176, -0.20226839209606176, -0.20226839209606176, -0.0583398417282468, -0.0670840491661896, -0.08529845713149173, -0.06109503062040941, -0.07930952613906223, 0.21093927979130916, 0.18926412051550123, 0.14411856323029454, 0.19686253450057428, 0.15171553899108564, 4.9878295827138075, 1.1553932384731926, 0.7617690451735787, 1.1694606222987904, 0.7906367070927425, 10.427612190521184, 10.271680625199805, 0.9759473073409503, 10.332567449293784, 1.1174914748272604]}