{"x": 146.29941873128823, "y": -10.352059544814859, "yaw": 2.0317149674490564, "speed": 8.357086624861095, "goal_x": 135.5596923828125, "goal_y": -6.456031799316406, "pro": [2.9258120127167272e-56, 0.0, 0.0, 0.0, 0.0, 0.06666666666666667, 0.06666666666666667, 0.06666666666666667, 0.06666666666666667, 0.06666666666666667, 0.06666666666666667, 0.06666666666666667, 0.06666666666666667, 0.06666666666666667, 0.06666666666666667, 0.06666666666666667, 0.06666666666666667, 0.06666666666666667, 0.06666666666666667, 0.06666666666666667, 0.0, 0.0, 0.0, 0.0, 0.0], "value": [-0.3603227220009999, -1.2224144207029874, -1.2224144207029874, -1.2224144207029874, -1.2224144207029874, -19.468759582195073, -19.495527072788807, -19.55115412712771, -19.44195121876466, -19.385976559924522, -24.225637116890578, -24.279224438156433, -24.390308441059247, -24.1718803940401, -24.0593560786001, -24.03626666022185, -24.116460507987416, -24.282193457939336, -23.955657702525873, -23.786396356967963, -29.31771682333362, -29.324385353815764, -29.337986024372817, -29.31095499461051, -24.31861086724588]}