{"x": 144.6166393308309, "y": -2.8323953756199147, "yaw": 3.165469529203712, "speed": 9.615124242027598, "goal_x": 135.50741577148438, "goal_y": -2.9564218521118164, "pro": [0.0, 0.0, 0.0, 0.0, 0.0, 0.0, 0.0, 0.0, 0.0, 0.0, 0.0, 0.0, 0.0, 0.0, 0.0, 0.0, 0.0, 0.0, 0.0, 0.0, 1.1095767464953737e-09, 7.97586706221441e-19, 0.0, 0.9999999988904233, 0.0], "value": [-0.21679796831757397, -0.21679796831757397, -0.21679796831757397, -0.21679796831757397, -0.21679796831757397, -0.07764766164924666, -0.08633971844919494, -0.1044452305885604, -0.06895551768941025, -0.05984139022758483, 0.1862260332021266, 0.16456604972766326, 0.11945753641211869, 0.20788758154345993, 0.17646776505484119, 1.167676034681, 0.9640210439544175, 0.7179937928811118, 5.71220514326198, 0.9596487830491778, 10.326803071411097, 10.045294827098502, 0.9156105105363773, 10.340249741034292, 1.1652987071343293]}