{"x": 145.84878029484116, "y": -9.397884748946588, "yaw": 1.9961686055912067, "speed": 7.77434614511233, "goal_x": 135.5596923828125, "goal_y": -6.456031799316406, "pro": [2.9258120127167272e-56, 0.0, 0.0, 0.0, 0.0, 0.06666666666666667, 0.06666666666666667, 0.06666666666666667, 0.06666666666666667, 0.06666666666666667, 0.06666666666666667, 0.06666666666666667, 0.06666666666666667, 0.06666666666666667, 0.06666666666666667, 0.06666666666666667, 0.06666666666666667, 0.06666666666666667, 0.06666666666666667, 0.06666666666666667, 0.0, 0.0, 0.0, 0.0, 0.0], "value": [-0.5423929341127055, -1.2822220525961945, -1.2822220525961945, -1.2822220525961945, -1.2822220525961945, -24.67497683614136, -24.70155257019313, -24.756777884796367, -24.64835948155659, -24.5927802013824, -29.440083438829443, -29.493206812813888, -29.60331498955228, -29.386787353558457, -29.275210650044126, -34.243191351206185, -34.32249720479482, -29.502262843985076, -34.163479124133175, -29.011684854364095, -34.31342980493589, -34.31989976594313, -34.33317210474849, -34.306894849417574, -29.31453840008044]}