{"x": 143.64750693746024, "y": -2.850516602107983, "yaw": 3.1409239338400745, "speed": 9.74528916669701, "goal_x": 135.50741577148438, "goal_y": -2.9564218521118164, "pro": [0.0, 0.0, 0.0, 0.0, 0.0, 0.0, 0.0, 0.0, 0.0, 0.0, 0.0, 0.0, 0.0, 0.0, 0.0, 0.0, 0.0, 0.0, 6.629744447907964e-251, 0.0, 0.49999999982029486, 3.594103375246363e-10, 0.0, 0.49999999982029486, 0.0], "value": [-0.20974555202502784, -0.20974555202502784, -0.20974555202502784, -0.20974555202502784, -0.20974555202502784, -0.06837817000347832, -0.07713656363442858, -0.0953803121788275, -0.05961971546861075, -0.06931520557448842, 0.19790372710508167, 0.17591411772173976, 0.13011970569115466, 0.20958257920972342, 0.1637777542753756, 1.1864347113902687, 1.1244270566214312, 0.731238170539408, 11.378917667901504, 0.9323022928054332, 10.235677990881449, 9.986184282864022, -19.241427580940208, 10.196684450900637, 1.119436541294734]}