{"x": 145.60867506813946, "y": -8.963048494520542, "yaw": 2.0522629774673184, "speed": 7.263556863586513, "goal_x": 135.5596923828125, "goal_y": -6.456031799316406, "pro": [2.9258120127167272e-56, 0.0, 0.0, 0.0, 0.0, 0.06666666666666667, 0.06666666666666667, 0.06666666666666667, 0.06666666666666667, 0.06666666666666667, 0.06666666666666667, 0.06666666666666667, 0.06666666666666667, 0.06666666666666667, 0.06666666666666667, 0.06666666666666667, 0.06666666666666667, 0.06666666666666667, 0.06666666666666667, 0.06666666666666667, 0.0, 0.0, 0.0, 0.0, 0.0], "value": [-0.6607251210418231, -1.3183856732513264, -1.3183856732513264, -1.3183856732513264, -1.3183856732513264, -29.80580183289686, -29.832118619784374, -29.886803559679535, -29.779443099518282, -29.724401419693443, -34.57813790620095, -34.63066809353476, -34.739537055668286, -34.525433602368444, -34.41508409856547, -39.38855918435004, -39.46681915185742, -34.64449765224836, -39.30989175318188, -34.160149988089664, -39.303378171275504, -39.309625637882455, -34.34404907110537, -39.29709127192886, -34.30457719948978]}