{"x": 142.6676845583127, "y": -2.878342366133605, "yaw": -3.130037463936048, "speed": 9.843373040415342, "goal_x": 135.50741577148438, "goal_y": -2.9564218521118164, "pro": [0.0, 0.0, 0.0, 0.0, 0.0, 0.0, 0.0, 0.0, 0.0, 0.0, 0.0, 0.0, 0.0, 0.0, 0.0, 4.366829320814504e-201, 0.0, 0.0, 0.0, 0.0, 0.9999999994302136, 2.848932066769024e-10, 0.0, 2.848932066769024e-10, 0.0], "value": [-0.20045703459088093, -0.20045703459088093, -0.20045703459088093, -0.20045703459088093, -0.20045703459088093, -0.05596225458985344, -0.06360097692131517, -0.0820827345724763, -0.06483482789744052, -0.08331655503103899, 0.2139299285185526, 0.1930229980149415, 0.14611406735553012, 0.19140579670804964, 0.1444975835033933, 10.935326953819034, 1.1580966876847072, 0.7519935087653187, 1.1547886951942083, 0.7666068164360623, 9.802512324426273, 9.556175081000008, 0.7898748884708036, 9.529115574815254, 0.9186347035499401]}