{"x": 145.2845766928722, "y": -8.340461916603003, "yaw": 2.0343750355404344, "speed": 6.816851760419969, "goal_x": 135.5596923828125, "goal_y": -6.456031799316406, "pro": [2.9258120127167272e-56, 0.0, 0.0, 0.0, 0.0, 0.06666666666666667, 0.06666666666666667, 0.06666666666666667, 0.06666666666666667, 0.06666666666666667, 0.06666666666666667, 0.06666666666666667, 0.06666666666666667, 0.06666666666666667, 0.06666666666666667, 0.06666666666666667, 0.06666666666666667, 0.06666666666666667, 0.06666666666666667, 0.06666666666666667, 0.0, 0.0, 0.0, 0.0, 0.0], "value": [-0.8118327455228636, -1.366941822388346, -1.366941822388346, -1.366941822388346, -1.366941822388346, -34.97323992144506, -34.999285501151775, -35.05340562502244, -34.947152399100816, -34.892675563692926, -39.75294216018272, -39.8048431133108, -39.91240316681648, -39.70086728859281, -39.59182828289376, -44.57034885071987, -39.66325762265725, -39.822876980344965, -39.50833915424846, -39.34519690611132, -39.31545419324236, -39.321637891025944, -39.33438712736134, -39.309229140631984, -39.29612854577532]}