{"x": 141.93080973479394, "y": -2.8907162735108973, "yaw": -3.1520487641540638, "speed": 9.896682438278702, "goal_x": 135.50741577148438, "goal_y": -2.9564218521118164, "pro": [0.0, 0.0, 0.0, 0.0, 0.0, 0.0, 0.0, 0.0, 0.0, 0.0, 0.0, 0.0, 0.0, 0.0, 0.0, 0.33333333333123494, 0.33333333333123494, 0.0, 0.0, 0.0, 0.33333333333123494, 6.2952553898540116e-12, 0.0, 0.0, 0.0], "value": [-0.20343472164349954, -0.20343472164349954, -0.20343472164349954, -0.20343472164349954, -0.20343472164349954, -0.060039806074542124, -0.059613803306828854, -0.07828385549890648, -0.06900272565286011, -0.08767247865236583, 0.35185036778133916, 0.33917382754072, 0.14964779533174044, 0.18529019213973585, 0.13707402687537307, 8.04337115786221, 7.988963316311846, 0.8731605750296174, 1.5876024138572156, 0.8607051819464289, 8.012999687474142, 7.825354719722318, 0.5311473774054986, 1.1062504516830467, 0.5143097603366247]}