{"x": 160.0896367125899, "y": -2.5984412037306965, "yaw": -3.154675108080001, "speed": 5.650999162288569, "goal_x": 149.505859375, "goal_y": -2.747319221496582, "pro": [0.0, 0.0, 0.0, 0.0, 0.0, 0.0, 0.0, 0.0, 0.0, 0.0, 0.0, 0.0, 0.0, 0.0, 0.0, 0.0, 0.0, 0.0, 0.0, 0.0, 0.4999999997226058, 0.4999999997226058, 0.0, 5.547883735554769e-10, 0.0], "value": [-0.20505872977671838, -0.20505872977671838, -0.20505872977671838, -0.20505872977671838, -0.20505872977671838, -0.0620053484854074, -0.057462353775153185, -0.0757452789697369, -0.07078237462142048, -0.08906511690551788, 0.20631776487777073, 0.2014538586831643, 0.15624303351300445, 0.18461258533159475, 0.13940464597046348, 4.236142057712332, 1.177312238420473, 0.7826710690183961, 1.1463158039361838, 0.7710749763134108, 10.430051127181457, 10.322825765365549, 1.1306141536006287, 10.260877059846356, 0.9822738491707006]}