{"x": 144.73150551057904, "y": -7.3299243843239745, "yaw": 1.9941912319601776, "speed": 6.164014899425599, "goal_x": 135.5596923828125, "goal_y": -6.456031799316406, "pro": [2.9258120127167272e-56, 0.0, 0.0, 0.0, 0.0, 0.06666666666666667, 0.06666666666666667, 0.06666666666666667, 0.06666666666666667, 0.06666666666666667, 0.06666666666666667, 0.06666666666666667, 0.06666666666666667, 0.06666666666666667, 0.06666666666666667, 0.06666666666666667, 0.06666666666666667, 0.06666666666666667, 0.06666666666666667, 0.06666666666666667, 0.0, 0.0, 0.0, 0.0, 0.0], "value": [-0.9382937514080805, -1.406536161259738, -1.406536161259738, -1.406536161259738, -1.406536161259738, -40.110942495543995, -40.13667454386163, -40.190142821381016, -40.085168863736044, -40.03134692448161, -39.91371087515973, -39.96496419435648, -40.071166070625054, -39.86228038352392, -39.7545717948077, -44.73671694646395, -44.812784720121215, -44.96996752578859, -44.66024345099849, -44.49960999244245, -39.32574035165782, -39.331850738102816, -39.3444431549392, -39.31958715202287, -44.285413873514585]}