{"x": 140.9469783820479, "y": -2.877085969422664, "yaw": -3.060766188575726, "speed": 9.746878312803362, "goal_x": 135.50741577148438, "goal_y": -2.9564218521118164, "pro": [0.0, 0.0, 0.0, 0.0, 0.0, 0.0, 0.0, 0.0, 0.0, 0.0, 0.0, 0.0, 0.0, 0.0, 0.0, 0.0, 0.0, 0.0, 0.0, 1.0, 0.0, 0.0, 0.0, 0.0, 0.0], "value": [-40.052094031289535, -40.052094031289535, -40.052094031289535, -40.052094031289535, -40.052094031289535, -39.85772804509956, -39.859573371424, -39.86341714603203, -39.85588270026451, -39.858651886374496, -39.53802515267717, -39.54212560483517, -39.550664703583315, -34.53675793219676, -34.546317324850676, -239.37885434571803, -239.4389457829613, -239.5593016863885, -309.0973184042463, -5096.243765527784, -374.25521980284987, -374.28345807198514, -239.83556425260213, -374.25945782093237, -374.33854535775345]}