{"x": 144.76071229301016, "y": -7.339477142271199, "yaw": 2.0567349419442214, "speed": 4.013957837119394, "goal_x": 135.5596923828125, "goal_y": -6.456031799316406, "pro": [0.0, 0.0, 0.0, 0.0, 0.0, 0.3333333333333333, 2.3588646756982417e-88, 0.0, 0.3333333333333333, 0.3333333333333333, 3.540945985172481e-113, 3.540945985172481e-113, 3.540945985172481e-113, 3.540945985172481e-113, 3.540945985172481e-113, 3.540945985172481e-113, 3.540945985172481e-113, 3.540945985172481e-113, 3.540945985172481e-113, 3.540945985172481e-113, 0.0, 0.0, 0.0, 0.0, 0.0], "value": [-1.4602451444773337, -1.4602451444773337, -1.4602451444773337, -1.4602451444773337, -1.4602451444773337, -42.94595313057837, 0.03404344019121902, -1.7242904847694027, -42.913469507825575, -42.845563310753775, -45.087643503705394, -45.13824790591037, -45.243117840535454, -45.03686789194819, -44.930541868656505, -44.93088106722803, -45.00596751932285, -45.16113346614202, -44.855396754612144, -44.69684660809707, -44.31486307410609, -44.320774829322495, -44.33302771825827, -44.30893221590718, -39.318790320921565]}