{"x": 140.24307363916967, "y": -2.8813317842309694, "yaw": -3.122613701318237, "speed": 9.330752178889961, "goal_x": 135.50741577148438, "goal_y": -2.9564218521118164, "pro": [0.0, 0.0, 0.0, 0.0, 0.0, 0.0, 0.0, 0.0, 0.0, 0.0, 0.33333333333329723, 0.0, 0.0, 0.33333333333329723, 0.33333333333329723, 3.6132796985419756e-14, 3.6132796985419756e-14, 0.0, 3.6132796985419756e-14, 5.912861701688599e-171, 0.0, 0.0, 0.0, 0.0, 0.0], "value": [-20.052483707768122, -20.052483707768122, -20.052483707768122, -20.052483707768122, -20.052483707768122, -19.91168393747575, -19.915779486181126, -19.924309417475254, -19.907588176773913, -19.91163421134984, 5.113432246180623, -19.60804327590269, -19.63404169605018, 5.129609632059141, 5.068803571280025, 4.9740952855342115, 4.929824589875452, 0.5321444853501803, 4.967291478386373, 4.357272227341899, 0.7225412243205762, 0.3867651580138387, 0.07928732387962398, 0.7179025602182931, 0.22428223973446382]}