{"x": 144.3748172379485, "y": -6.530670745822048, "yaw": 2.020629843759149, "speed": 3.905263851311201, "goal_x": 135.5596923828125, "goal_y": -6.456031799316406, "pro": [0.0, 0.0, 0.0, 0.0, 0.0, 0.0, 0.0, 0.0, 0.0, 0.0, 0.0, 0.0, 0.0, 0.0, 3.2278452614268844e-168, 3.038590322984602e-56, 1.0, 0.0, 1.902330899576363e-76, 1.2302319233915068e-97, 1.902330899576363e-76, 3.038590322984602e-56, 0.0, 1.2302319233915068e-97, 3.2278452614268844e-168], "value": [-1.268715626865737, -1.268715626865737, -1.268715626865737, -1.268715626865737, -1.268715626865737, -1.3869691828389676, -1.3955720593098517, -1.4134861677329917, -1.3783644158670167, -1.3604342293867355, -1.561300496292025, -1.482974226635616, -1.4175648584158878, -1.5319838168867392, -0.23409934452901987, -42.93568374484553, -41.45305501946622, -1.6181049478650955, -43.40638308799021, -43.653141666442394, -43.494265628212986, -43.06244422142924, -1.5990473148673512, -43.79880840306007, -44.8098922811091]}