{"x": 138.83834024511958, "y": -2.959798303090249, "yaw": -3.142477550763091, "speed": 8.82798008821774, "goal_x": 130.5079803466797, "goal_y": -3.031101703643799, "pro": [0.0, 0.0, 0.0, 0.0, 0.0, 0.0, 0.0, 0.0, 0.0, 0.0, 0.0, 0.0, 0.0, 0.0, 0.0, 0.0, 0.0, 0.0, 0.0, 0.0, 0.0, 1.0, 0.0, 0.0, 0.0], "value": [-40.05442879687232, -40.05442879687232, -40.05442879687232, -40.05442879687232, -40.05442879687232, -79.96989783881352, -79.96442220384367, -79.95767461443671, -79.9753733634659, -79.98677858907269, -79.65170716568315, -79.63967193740416, -79.65592086248554, -79.66374022708568, -79.68879178443785, -104.4196314228546, -104.39669871501967, -104.45125926738646, -104.4458169689925, -104.50018049304165, -149.37458846838774, -181.72900594278082, -149.4696533904036, -149.43296390796505, -149.55185299281862]}