{"x": 144.21094811357167, "y": -6.190485842796715, "yaw": 2.1039783460823935, "speed": 3.658477196554529, "goal_x": 135.5596923828125, "goal_y": -6.456031799316406, "pro": [0.0, 0.0, 0.0, 0.0, 0.0, 0.0, 0.0, 0.0, 0.0, 0.0, 0.0, 0.0, 0.0, 0.0, 0.0, 0.0, 0.0, 0.0, 0.0, 0.49999999992877675, 0.0, 0.0, 0.0, 1.4244660339932433e-10, 0.49999999992877675], "value": [-1.3083501298070894, -1.3083501298070894, -1.3083501298070894, -1.3083501298070894, -1.3083501298070894, -1.1703738548502438, -1.1775528504461896, -1.1925008327474624, -1.428352208451425, -1.4104310116166838, -1.417260211455431, -1.3202130131114296, -1.3620973481689775, -1.394085917724232, -1.4567263368388434, -1.4557227367284207, -1.498840506899903, -1.4543349567919652, -1.5250689983634258, -1.4772167475544333, -1.5090969931416391, -1.5714226652920598, -1.414691486747378, -1.6391429481342548, -1.4263934053410334]}