{"x": 137.9869289531171, "y": -3.002093198738635, "yaw": -3.1338626914732726, "speed": 8.338368412648117, "goal_x": 130.5079803466797, "goal_y": -3.031101703643799, "pro": [0.0, 0.0, 0.0, 0.0, 0.0, 0.0, 0.0, 0.0, 0.0, 0.0, 0.0, 0.0, 0.0, 0.0, 0.0, 0.0, 0.0, 0.0, 0.0, 0.0, 1.6059529474119305e-16, 0.9999999999999998, 1.2241724307084619e-24, 1.2241724307084619e-24, 1.1303433132758991e-67], "value": [-40.05676241632294, -40.05676241632294, -40.05676241632294, -40.05676241632294, -40.05676241632294, -34.920833794707846, -34.917001681111756, -34.90901878384095, -34.92466570438839, -34.932646867759644, -34.603960524245714, -34.59498945588874, -34.59422559693387, -34.61292705795498, -34.631580799331886, -29.32021527442287, -29.30268347579, -29.323967401564477, -29.337685112191796, -29.37369898307104, 9.305673320286626, 9.54163601146873, 8.939667624274795, 8.87104348796907, 7.969566751787645]}