{"x": 143.92682201238415, "y": -5.654146411745671, "yaw": 2.1309775264830315, "speed": 3.5374645287301565, "goal_x": 135.5596923828125, "goal_y": -6.456031799316406, "pro": [0.0, 0.0, 0.0, 0.0, 0.0, 0.0, 0.0, 0.0, 0.0, 0.0, 0.0, 0.0, 0.0, 0.0, 0.0, 0.0, 0.0, 0.0, 0.0, 0.49999999992877675, 0.0, 0.0, 0.0, 1.4244660339932433e-10, 0.49999999992877675], "value": [-1.3380737861427214, -1.3380737861427214, -1.3380737861427214, -1.3380737861427214, -1.3380737861427214, -1.2019880364603654, -1.2091560744681846, -1.2240811368486064, -1.4660993372469824, -1.448202171381796, -1.471513602613935, -1.366987232137939, -1.4087236612994214, -1.44843233560398, -1.5187213414690444, -1.5262809867916505, -1.5691563874301127, -1.516701094050866, -1.603482312845787, -1.8165787310819645, -1.5880575177102325, -1.6500047290578561, -1.477421774996953, -1.9703501745012661, -1.7705811060235943]}