{"x": 137.41306684756412, "y": -2.9810991434123966, "yaw": -3.1188159683668903, "speed": 8.202900378329135, "goal_x": 130.5079803466797, "goal_y": -3.031101703643799, "pro": [0.0, 0.0, 0.0, 0.0, 0.0, 0.0, 0.0, 0.0, 0.0, 0.0, 0.0, 0.0, 0.0, 0.0, 0.0, 0.49999999996981404, 0.49999999996981404, 0.0, 0.0, 0.0, 3.018594821391916e-11, 3.018594821391916e-11, 0.0, 1.988651926330555e-90, 0.0], "value": [-30.052802683180072, -30.052802683180072, -30.052802683180072, -30.052802683180072, -30.052802683180072, -29.911875827345728, -29.90802619347268, -29.910683483876454, -29.91572535974584, -24.92374351967665, 0.19458288599571, 0.21193335784304965, 0.1641094766349932, 0.17162464187400361, 0.12382325920668384, 8.628552067743158, 8.635635731605472, 0.9091421155498767, 1.1083758891296998, 0.7238973757343902, 8.323994714223373, 8.313422882835804, 0.9025687923951324, 8.556455831268115, 0.7056241957991307]}