{"x": 148.42000042931258, "y": -17.270274435770133, "yaw": 1.6274846400744323, "speed": 6.052459294811689, "goal_x": 147.97251892089844, "goal_y": -12.220353126525879, "pro": [0.0, 0.0, 0.0, 0.0, 0.0, 0.0, 0.0, 0.0, 0.0, 0.0, 0.0, 0.0, 0.0, 0.2499999999999839, 0.0, 0.2499999999999839, 6.438915128566708e-14, 0.0, 0.2499999999999839, 0.2499999999999839, 0.0, 0.0, 0.0, 0.0, 0.0], "value": [-0.2220868713836982, -0.2220868713836982, -0.2220868713836982, -0.2220868713836982, -0.2220868713836982, -0.08631897744385811, -0.09516898991931022, -0.11360242972529047, -0.1315895397657108, -0.10971902398503859, 0.706095006854756, 0.5293548209625878, 0.335451399759173, 6.9173165684190785, 0.8750573523243799, 5.717106656701513, 5.706532754920194, 0.6785367713198733, 5.735487367535248, 5.707330328547095, 0.03325784990227007, 0.025695071601808867, 0.0020688384457752673, 0.03952987860250659, 0.02516814228769973]}