{"x": 143.80958520866457, "y": -5.5899796959192685, "yaw": 2.143191281883917, "speed": 3.849019600694386, "goal_x": 135.5596923828125, "goal_y": -6.456031799316406, "pro": [0.0, 0.0, 0.0, 0.0, 0.0, 0.0, 0.0, 0.0, 0.0, 0.0, 0.0, 0.0, 0.0, 0.0, 0.0, 0.0, 0.0, 0.0, 0.0, 0.49999999992877675, 0.0, 0.0, 0.0, 1.4244660339932433e-10, 0.49999999992877675], "value": [-1.3380169034192366, -1.3380169034192366, -1.3380169034192366, -1.3380169034192366, -1.3380169034192366, -1.4762187477703461, -1.2105289939734807, -1.2253581986394781, -1.4676851160477544, -1.4499027850632584, -1.477418005446084, -1.3714662537498155, -1.4129088082329542, -1.4544970277360665, -1.5264436648732107, -1.5370961162362138, -1.5796379521623887, -1.5251145351049753, -1.6161517845155342, -1.9020021971361287, -1.6025020406076442, -1.5255387632047732, -1.487235830398068, -2.057599126428372, -1.8649846139892263]}