{"x": 136.58963092169063, "y": -2.9740845570244416, "yaw": -3.1578705086996437, "speed": 8.222899052679855, "goal_x": 130.5079803466797, "goal_y": -3.031101703643799, "pro": [0.0, 0.0, 0.0, 0.0, 0.0, 0.0, 0.0, 0.0, 0.0, 0.0, 0.0, 0.0, 0.0, 0.0, 0.0, 0.3333333333333333, 0.3333333333333333, 0.0, 0.3333333333333333, 2.651958158140225e-119, 0.0, 0.0, 0.0, 0.0, 0.0], "value": [-0.20016890130769896, -0.20016890130769896, -0.20016890130769896, -0.20016890130769896, -0.20016890130769896, -0.05557740993170713, -0.06454941456075891, -0.08323816943645002, -0.06408525122373337, -0.08277402235978934, 0.7814852815840102, 0.6015868791855005, 0.40042346912838056, 0.7541151040125857, 0.40579768050043924, 7.795148412152523, 7.672702817566245, 0.9800687957955553, 7.677231323602784, 7.893072295982041, 0.041065401553578, 0.5726405461533406, 0.4128607515880656, 0.5910830762010508, 0.4180624247968586]}