{"x": 143.39714600257028, "y": -5.073958215276226, "yaw": 2.208830518618255, "speed": 4.294462022325304, "goal_x": 135.5596923828125, "goal_y": -6.456031799316406, "pro": [0.0, 0.0, 0.0, 0.0, 0.0, 0.0, 0.0, 0.0, 0.0, 0.0, 0.0, 0.0, 0.0, 0.0, 0.0, 0.0, 0.0, 0.0, 0.0, 0.49999999992877675, 0.0, 0.0, 0.0, 1.4244660339932433e-10, 0.49999999992877675], "value": [-1.3323664889924416, -1.3323664889924416, -1.3323664889924416, -1.3323664889924416, -1.3323664889924416, -1.4712436386394856, -1.206496451133773, -1.2212161491504783, -1.4627733362990336, -1.4451228022068698, -1.4753788299972277, -1.3688878971056893, -1.410003530438546, -1.4526333969393936, -1.525365936426291, -1.538771609603527, -1.580950240895822, -1.5251573828845033, -1.6188489077691401, -1.9551756806619538, -1.6075765568514226, -1.529243794601621, -1.4891602726469035, -2.115137126535866, -1.9293348660028047]}