{"x": 135.77535952780897, "y": -2.9522639939182462, "yaw": 3.1605722615599925, "speed": 8.088909676239064, "goal_x": 130.5079803466797, "goal_y": -3.031101703643799, "pro": [0.0, 0.0, 0.0, 0.0, 0.0, 0.0, 0.0, 0.0, 0.0, 0.0, 0.0, 0.0, 0.0, 7.139334207875915e-270, 0.0, 0.5, 6.856256314418749e-24, 0.0, 0.5, 6.856256314418749e-24, 0.0, 0.0, 0.0, 0.0, 0.0], "value": [-0.21486226644639214, -0.21486226644639214, -0.21486226644639214, -0.21486226644639214, -0.21486226644639214, -0.07609063296782922, -0.08509361443440924, -0.10384609258830252, -0.1192816215661143, -0.11366793467580459, 0.876571309932027, 0.5532038962236884, 0.35584594079722465, 6.369924261767782, 0.7181300703423661, 6.723750292916164, 6.434055347257512, 0.8587739246911064, 6.666966381367926, 6.382117686182176, 0.03995935691774278, 0.03889789974499181, 0.024180395260295556, 0.03982981184003706, 0.03576496118177788]}