{"x": 143.20262158703144, "y": -4.966134145981517, "yaw": 2.2359579356543233, "speed": 4.778252083151335, "goal_x": 135.5596923828125, "goal_y": -6.456031799316406, "pro": [0.0, 0.0, 0.0, 0.0, 0.0, 0.0, 0.0, 0.0, 0.0, 0.0, 0.0, 0.0, 0.0, 0.0, 0.0, 0.0, 0.0, 0.0, 0.0, 0.5, 0.0, 0.0, 0.0, 2.4763658653461673e-20, 0.5], "value": [-1.3274568545508272, -1.3274568545508272, -1.3274568545508272, -1.3274568545508272, -1.3274568545508272, -1.4675248517462194, -1.4759360639242318, -1.2181703896112654, -1.459111563732317, -1.4415796289435157, -1.475903331882372, -1.3684325107008197, -1.4092424461758264, -1.4533215926341791, -1.5272629999053124, -1.5444002823108787, -1.5862277659027377, -1.5286977846671754, -1.6259711101590162, -2.0320868946711736, -1.617480735092635, -1.537263986542048, -1.4948904932639884, -1.8835695502515366, -2.0187800491248225]}