{"x": 135.22489445742346, "y": -2.9465992947646966, "yaw": 3.114694519580209, "speed": 7.92990960556755, "goal_x": 130.5079803466797, "goal_y": -3.031101703643799, "pro": [0.0, 0.0, 0.0, 0.0, 0.0, 0.0, 0.0, 0.0, 0.0, 0.0, 0.25, 0.25, 0.0, 0.25, 0.25, 1.0121732386058205e-42, 0.0, 0.0, 0.0, 0.0, 0.0, 0.0, 0.0, 0.0, 0.0], "value": [-0.2753609872040248, -0.2753609872040248, -0.2753609872040248, -0.2753609872040248, -0.2753609872040248, -0.13961374574653496, -0.15039537162359407, -0.17285199767371742, -0.12883168777821302, -0.10637138844318422, 5.1271866391779595, 5.1023466477090045, 0.43933921966937894, 5.16433276796073, 5.131623649033545, 5.122800966434063, 0.6031087230564727, 0.27602320127542546, -0.01693244370182788, 0.7528957720236983, 0.2882022437913553, 0.1275083824528839, -0.034787348601759915, 0.6033838457021494, 0.12121656584866744]}