{"x": 142.67279851444056, "y": -4.428542863061798, "yaw": 2.310929707396916, "speed": 5.2500334644061395, "goal_x": 135.5596923828125, "goal_y": -6.456031799316406, "pro": [0.0, 0.0, 0.0, 0.0, 0.0, 0.0, 0.0, 0.0, 0.0, 0.0, 0.0, 0.0, 0.0, 0.0, 0.0, 0.0, 0.0, 0.0, 0.0, 0.5, 0.0, 0.0, 0.0, 2.4763658653461673e-20, 0.5], "value": [-1.3243169189079713, -1.3243169189079713, -1.3243169189079713, -1.3243169189079713, -1.3243169189079713, -1.4664156415154663, -1.4747792382223164, -1.217366637121487, -1.4580499013487411, -1.4406167912945513, -1.4810349913236718, -1.3718534533284261, -1.4123887170089535, -1.4586002054820835, -1.5344577810518405, -1.5566908032357736, -1.598184699622865, -1.5381583686906732, -1.6405241743274572, -2.1454105770447587, -1.6352524297850999, -1.5523350353917127, -1.5068693980534265, -2.0010570911135517, -2.146109024440687]}