{"x": 133.94525757536076, "y": -2.931961413231992, "yaw": 3.1635475232421717, "speed": 7.65248887804377, "goal_x": 125.50853729248047, "goal_y": -3.105781078338623, "pro": [0.0, 0.0, 0.0, 0.0, 0.0, 0.0, 0.0, 0.0, 0.0, 0.0, 0.0, 0.0, 0.0, 0.0, 0.0, 0.0, 0.0, 0.0, 1.1095767452642134e-09, 0.0, 1.1095767452642134e-09, 0.0, 0.0, 0.9999999977808467, 0.0], "value": [-0.22302273230743594, -0.22302273230743594, -0.22302273230743594, -0.22302273230743594, -0.22302273230743594, -0.0860599010794221, -0.09477265144412611, -0.11292109818332305, -0.07734701601921823, -0.05919742391496444, 0.17520396125835075, 0.15338725826770255, 0.10795671441162417, 0.19702327306218215, 0.18700118749189526, 1.144844516485458, 0.9409807784703357, 0.5840691450842103, 10.2115305410583, 0.9779853981649211, 10.155792041406496, 6.254368654315761, 0.7653780894375898, 10.30500851593165, 1.1814273392171608]}