{"x": 142.24591572748795, "y": -4.098942650237265, "yaw": 2.3677422217662873, "speed": 5.295155348050709, "goal_x": 135.5596923828125, "goal_y": -6.456031799316406, "pro": [0.0, 0.0, 0.0, 0.0, 0.0, 0.0, 0.0, 0.0, 0.0, 0.0, 0.0, 0.0, 0.0, 0.0, 0.0, 0.0, 0.0, 0.0, 0.0, 0.49999999995653877, 0.0, 0.0, 0.0, 8.692260137070814e-11, 0.49999999995653877], "value": [-1.3232921464218688, -1.3232921464218688, -1.3232921464218688, -1.3232921464218688, -1.3232921464218688, -1.4682797909375367, -1.4766098332375193, -1.493954550148157, -1.4599475206505201, -1.4425838552066956, -1.491101042507459, -1.5133780826397387, -1.4197775090482883, -1.4687854061117922, -1.5472643895073208, -1.5758658116859607, -1.617065355215573, -1.5538100380147788, -1.662720137758745, -1.9797750190891454, -1.6609664225876228, -1.5745612527304045, -1.525258408135501, -2.152652988333887, -1.992594383993898]}