{"x": 133.20296217866496, "y": -2.8884428759043095, "yaw": 3.1481848111998874, "speed": 7.2578197943458465, "goal_x": 125.50853729248047, "goal_y": -3.105781078338623, "pro": [0.0, 0.0, 0.0, 0.0, 0.0, 0.0, 0.0, 0.0, 0.0, 0.0, 0.0, 0.0, 0.0, 0.0, 0.0, 0.0, 0.0, 0.0, 0.0, 3.066e-320, 7.188206742742177e-10, 0.0, 0.0, 0.9999999985623584, 7.188206742742177e-10], "value": [-0.23888754826366954, -0.23888754826366954, -0.23888754826366954, -0.23888754826366954, -0.23888754826366954, -0.10755280646328613, -0.11623001529940366, -0.134304003938212, -0.09887533765796633, -0.08079913844056602, 0.1469049581966842, 0.12503051425133732, 0.07949066135905075, 0.16878497253115182, 0.3589559061362373, 0.94496231523885, 0.7563579363978106, 0.5361499927155233, 1.1507532850199609, 8.865344593774394, 9.697971928080669, 1.11168262563996, 0.6846682192962168, 10.051225764308123, 9.796976546776252]}