{"x": 159.48572069164817, "y": -2.58712317539775, "yaw": -3.1302830073885537, "speed": 6.64189423512443, "goal_x": 149.505859375, "goal_y": -2.747319221496582, "pro": [0.0, 0.0, 0.0, 0.0, 0.0, 0.0, 0.0, 0.0, 0.0, 0.0, 0.0, 0.0, 0.0, 0.0, 0.0, 0.0, 0.0, 0.0, 0.0, 0.0, 0.9999999977808467, 1.1095767452642134e-09, 0.0, 1.1095767452642134e-09, 0.0], "value": [-0.2034473409484867, -0.2034473409484867, -0.2034473409484867, -0.2034473409484867, -0.2034473409484867, -0.05989819713359501, -0.06865866922409342, -0.08690693699718441, -0.05955294546191603, -0.07780134835829675, 0.20895879228908468, 0.1872347517304414, 0.14198777242699656, 0.19879404692897112, 0.15354483313772038, 4.2397843897551155, 1.151114418098934, 0.7579259386295818, 1.1725589826788914, 0.9182883522532712, 10.416269124668348, 10.250389849991269, 0.9707447323980198, 10.340003725267955, 1.1206300404844016]}