{"x": 141.79901180427336, "y": -3.7874222012902856, "yaw": 2.425697566348093, "speed": 5.472293304363011, "goal_x": 135.50741577148438, "goal_y": -2.9564218521118164, "pro": [0.0, 0.0, 0.0, 0.0, 0.0, 0.0, 0.0, 0.0, 0.0, 0.0, 0.0, 0.0, 0.0, 0.0, 0.0, 0.0, 0.0, 0.0, 0.0, 0.49999999997407496, 0.0, 0.0, 0.0, 5.1850040235393105e-11, 0.49999999997407496], "value": [-0.8324168583153042, -0.8324168583153042, -0.8324168583153042, -0.8324168583153042, -0.8324168583153042, -0.8575143867062027, -0.8660084776198818, -0.8836946108497509, -0.8490179959174147, -0.8313123043102597, -0.6476948530307536, -0.6717789756710019, -0.6919710824968519, -0.6431199955454027, -0.5914639752417782, -0.5421572237404167, -0.5678913634187157, -0.6233264698313903, -0.49134326530299627, 2.5089323047926055, -0.5270619363198388, -0.5573980792372624, -0.6252954128177154, 2.109482170199061, 2.4204548459237225]}