{"x": 132.49203865420682, "y": -2.899146834295575, "yaw": 3.125729800872845, "speed": 7.021241866833193, "goal_x": 125.50853729248047, "goal_y": -3.105781078338623, "pro": [0.0, 0.0, 0.0, 0.0, 0.0, 0.0, 0.0, 0.0, 0.0, 0.0, 0.0, 0.0, 0.0, 0.0, 0.0, 0.0, 0.0, 0.0, 2.0622336480131267e-100, 0.0, 0.49999999997407496, 0.0, 0.0, 0.49999999997407496, 5.1850040235393105e-11], "value": [-0.2318035763793977, -0.2318035763793977, -0.2318035763793977, -0.2318035763793977, -0.2318035763793977, -0.09835752186553728, -0.10711309697756063, -0.12535031272608999, -0.08960169389616862, -0.07136232809826779, 0.1581823084609021, 0.13590826212830126, 0.08954057164664149, 0.18046250305488115, 0.20259482229570622, 0.9636898491132843, 0.899100802655281, 0.5441400516133708, 10.263491336167077, 1.1331310848866385, 8.84555749421129, 1.103498502470624, 0.5577370414146127, 9.101317072488717, 8.789492024213901]}