{"x": 141.50525829280772, "y": -3.659961721270302, "yaw": 2.464002917323232, "speed": 5.539702187154396, "goal_x": 135.50741577148438, "goal_y": -2.9564218521118164, "pro": [0.0, 0.0, 0.0, 0.0, 0.0, 0.0, 0.0, 0.0, 0.0, 0.0, 0.0, 0.0, 0.0, 0.0, 0.0, 0.0, 0.0, 0.0, 0.0, 0.9999999998962998, 0.0, 0.0, 0.0, 6.2605705177941545e-21, 1.0370008046540935e-10], "value": [-0.8084594392485154, -0.8084594392485154, -0.8084594392485154, -0.8084594392485154, -0.8084594392485154, -0.8314742570664174, -0.8400005613684691, -0.8577529349516587, -0.8229453867724693, -0.8051711919701736, -0.646253688752928, -0.649275454154606, -0.6713967106856736, -0.6184477326203611, -0.5641211446507869, -0.5299312949792933, -0.5569386393168078, -0.613384465809544, -0.24714673335715295, 2.336017299075529, -0.528451358837887, -0.5585964414841555, -0.6254356742083725, 2.0806358119957045, 2.3808605698763494]}