{"x": 131.78940020759106, "y": -2.910673312025599, "yaw": 3.1693239229067327, "speed": 7.076595209922658, "goal_x": 120.50909423828125, "goal_y": -3.1804609298706055, "pro": [0.0, 0.0, 0.0, 0.0, 0.0, 0.0, 0.0, 0.0, 0.0, 0.0, 0.0, 0.0, 0.0, 0.0, 0.0, 0.0, 0.0, 0.0, 0.0, 0.0, 0.4999999997226059, 5.54788373555477e-10, 0.0, 0.4999999997226059, 0.0], "value": [-0.22189186450141776, -0.22189186450141776, -0.22189186450141776, -0.22189186450141776, -0.22189186450141776, -0.08407403882199807, -0.09271537915910857, -0.11071530203232566, -0.07543261607936111, -0.0574319924493463, 0.17855950477025734, 0.157248048933825, 0.11286250542585217, 0.19987220183655388, 0.1852088560593524, 1.155157562839214, 0.9541710895560933, 0.7136480521892266, 4.244599999283144, 0.979242792048921, 10.333744295810575, 10.085021510790737, 0.9245522087761993, 10.4691892330002, 1.1985752255621713]}