{"x": 140.9921115913266, "y": -3.365505774863275, "yaw": 2.527496579724958, "speed": 6.397657307022021, "goal_x": 135.50741577148438, "goal_y": -2.9564218521118164, "pro": [0.0, 0.0, 0.0, 0.0, 0.0, 0.0, 0.0, 0.0, 0.0, 0.0, 0.0, 0.0, 0.0, 0.0, 0.0, 0.0, 0.0, 0.0, 2.0672887448721145e-21, 0.9999999999396281, 0.0, 0.0, 0.0, 0.0, 6.037189642783831e-11], "value": [-0.7838762511994777, -0.7838762511994777, -0.7838762511994777, -0.7838762511994777, -0.7838762511994777, -0.8055308029278281, -0.8141193912968683, -0.832000252133619, -0.7969392610846546, -0.7790332842522528, -0.6274356478121899, -0.6314466451969794, -0.6825557165483138, -0.5991752576834268, -0.5427006933119902, -0.5306192349919729, -0.5576860913421013, -0.6137526326953786, 2.2020746744016244, 2.21649761650367, -0.5435828389368406, -0.5720501487043486, -0.6361985764270712, 0.12600878400798526, 2.19805472485478]}