{"x": 131.06442392479383, "y": -2.9385145950509903, "yaw": -3.0997960983657102, "speed": 7.43714309972999, "goal_x": 120.50909423828125, "goal_y": -3.1804609298706055, "pro": [0.0, 0.0, 0.0, 0.0, 0.0, 0.0, 0.0, 0.0, 0.0, 0.0, 0.0, 0.0, 0.0, 0.0, 0.0, 0.0, 0.0, 0.0, 0.0, 0.0, 0.4999999997226059, 5.54788373555477e-10, 0.0, 0.4999999997226059, 0.0], "value": [-0.21091674039761857, -0.21091674039761857, -0.21091674039761857, -0.21091674039761857, -0.21091674039761857, -0.0697195275281855, -0.0784323533714135, -0.09658128758422288, -0.06100665578121267, -0.0678333233965929, 0.19656114123624735, 0.17501263025578356, 0.13013221263938018, 0.21136676412112354, 0.1664801764076136, 1.1860206979266779, 0.9857054951899666, 0.7399581935599905, 4.226208633154386, 0.943560232957388, 10.396825593734192, 10.191798068388277, 0.9524068790642171, 10.37615965653813, 1.1537213598234808]}