{"x": 140.3939852548939, "y": -3.069262830715516, "yaw": 2.596502748720407, "speed": 6.74763870927993, "goal_x": 135.50741577148438, "goal_y": -2.9564218521118164, "pro": [0.0, 0.0, 0.0, 0.0, 0.0, 0.0, 0.0, 0.0, 0.0, 0.0, 0.0, 0.0, 0.0, 0.0, 0.0, 0.0, 0.0, 0.0, 9.442883084751296e-12, 0.49999999999527855, 0.0, 0.0, 0.0, 0.0, 0.49999999999527855], "value": [-0.7609718671814476, -0.7609718671814476, -0.7609718671814476, -0.7609718671814476, -0.7609718671814476, -0.7836658531468015, -0.7923587922610517, -0.8104549230660393, -0.7749693104973159, -0.7568425362893867, -0.6268095699666749, -0.6555490901629737, -0.6810557733011011, -0.6098844644424787, -0.5420128617905801, -0.5644924818094568, -0.5880217489885506, -0.6396976826623663, 1.911181322308972, 2.0370588423795586, -0.5909914315727338, -0.6139100298577223, -0.6713699297533955, 0.1863389588733339, 1.8087837880614794]}