{"x": 130.28925223633118, "y": -3.003905079704254, "yaw": -3.108706875185059, "speed": 8.073498799169524, "goal_x": 120.50909423828125, "goal_y": -3.1804609298706055, "pro": [0.0, 0.0, 0.0, 0.0, 0.0, 0.0, 0.0, 0.0, 0.0, 0.0, 0.0, 0.0, 0.0, 0.0, 0.0, 0.0, 0.0, 0.0, 0.0, 0.0, 0.4999999997226058, 0.4999999997226058, 0.0, 5.547883735554769e-10, 0.0], "value": [-0.2107674881043394, -0.2107674881043394, -0.2107674881043394, -0.2107674881043394, -0.2107674881043394, -0.06958183657926609, -0.06073660228342273, -0.06837909399208505, -0.0784270187752519, -0.09685161740370252, 0.19663906683154553, 0.21088122574604612, 0.16514596581361107, 0.17468309408659977, 0.1289552848188102, 1.185518857619438, 3.471761902881635, 0.9264771547849419, 1.124885034966862, 0.7516154499100596, 10.355466683782478, 10.330503242099894, 1.1434682967894731, 10.134348868617309, 0.9538234802308352]}