{"x": 139.97413052302548, "y": -2.933448824561222, "yaw": 2.647412253084298, "speed": 6.936162179117834, "goal_x": 135.50741577148438, "goal_y": -2.9564218521118164, "pro": [0.0, 0.0, 0.0, 0.0, 0.0, 0.0, 0.0, 0.0, 0.0, 0.0, 0.0, 0.0, 0.0, 0.0, 0.49999999999747324, 0.0, 0.0, 0.0, 0.0, 0.49999999999747324, 0.0, 0.0, 0.0, 0.0, 5.053423584608144e-12], "value": [-0.8877399827283962, -0.8877399827283962, -0.8877399827283962, -0.8877399827283962, -0.8877399827283962, -0.7662945545101052, -0.7751408690245905, -0.7935530689025961, -0.7574435739270344, -0.7445907886904506, -0.6705493659684317, -0.6788476090759157, -0.7395168544733198, -0.6371205247569012, 1.71227678072634, -0.6361141403606821, -0.6514186513994631, -0.6935723461160221, -0.5848593182129017, 1.5456095079699663, -0.6284843625893098, -0.6849394672794132, -0.7309964412261895, -0.6079861961556163, 1.4495185832296122]}