{"x": 129.44327333389174, "y": -3.0628057969356255, "yaw": -3.1294524241655024, "speed": 8.77758536113259, "goal_x": 120.50909423828125, "goal_y": -3.1804609298706055, "pro": [0.0, 0.0, 0.0, 0.0, 0.0, 0.0, 0.0, 0.0, 0.0, 0.0, 0.0, 0.0, 0.0, 0.0, 0.0, 0.0, 1.1095767452642134e-09, 0.0, 0.0, 0.0, 1.1095767452642134e-09, 0.9999999977808467, 0.0, 0.0, 0.0], "value": [-0.2241046075662274, -0.2241046075662274, -0.2241046075662274, -0.2241046075662274, -0.2241046075662274, -0.08738641037058359, -0.07843751768963775, -0.059796305178005195, -0.09633516661196392, -0.11497521892928991, 0.17370878377383647, 0.19603576972461356, 0.1869311902368933, 0.1513842920942305, 0.10489527738184243, 1.1425915466399, 10.243590751093093, 0.9647068598809871, 0.9507738888812415, 0.584534812753046, 10.204929094637247, 10.352036214466922, 1.1835191430525929, 6.328344200233676, 0.7835868105713589]}