{"x": 148.30508957014666, "y": -16.94341179461493, "yaw": 1.6674607025777741, "speed": 5.854570984690748, "goal_x": 147.97251892089844, "goal_y": -12.220353126525879, "pro": [0.0, 0.0, 0.0, 0.0, 0.0, 0.0, 0.0, 0.0, 0.0, 0.0, 1.3495643181410745e-42, 0.3333333333333285, 0.3333333333333285, 0.0, 0.0, 0.0, 0.3333333333333285, 1.4418403905761686e-14, 0.0, 0.0, 0.0, 0.0, 0.0, 0.0, 0.0], "value": [-0.2883667765224937, -0.2883667765224937, -0.2883667765224937, -0.2883667765224937, -0.2883667765224937, -0.15716034646366267, -0.1468398450330592, -0.1253403919994746, -0.1674802544960926, -0.12596787086929395, 5.334231831409394, 5.137313202811356, 5.175959412845714, 0.7550959327283188, 0.4296540936783618, 0.7765153726065801, 4.955460884281462, 5.009453278861575, 0.6013799437746952, 0.26823631357352296, 0.14327063192379544, 0.45500462481879433, 0.13967454358062883, -0.0025277398441005405, -0.04101524696567688]}