{"x": 139.09281368415316, "y": -2.5803126775151277, "yaw": 2.7436736242491504, "speed": 7.02617856697671, "goal_x": 130.5079803466797, "goal_y": -3.031101703643799, "pro": [0.0, 0.0, 0.0, 0.0, 0.0, 0.0, 0.0, 0.0, 0.0, 0.0, 0.0, 0.0, 0.0, 0.0, 0.0, 0.0, 0.0, 0.0, 0.0, 0.5, 0.0, 0.0, 0.0, 6.51067241002585e-20, 0.5], "value": [-0.5808065152958091, -0.5808065152958091, -0.5808065152958091, -0.5808065152958091, -0.5808065152958091, -0.5622488436051681, -0.5695723687501288, -0.5848229914391074, -0.5549239038837264, -0.5396612514901129, -0.41229669965902305, -0.43369614632598363, -0.4889871233772025, -0.36790648888166433, -0.2895029650935693, -0.11696634864844133, -0.18718489929912432, -0.2895675436270532, -0.06371087998246058, 4.541783317022678, 1.94591041531731, -0.12623352918068426, -0.26116580141440965, 4.286551036728662, 4.6329802045497965]}