{"x": 128.53769394125402, "y": -3.0781380438128587, "yaw": -3.1052351783880314, "speed": 9.247319123315094, "goal_x": 120.50909423828125, "goal_y": -3.1804609298706055, "pro": [0.0, 0.0, 0.0, 0.0, 0.0, 0.0, 0.0, 0.0, 0.0, 0.0, 0.0, 0.0, 0.0, 0.0, 0.0, 0.0, 0.0, 0.0, 0.0, 0.0, 0.49999999982029486, 0.49999999982029486, 0.0, 3.594103375246363e-10, 0.0], "value": [-0.21679866190167277, -0.21679866190167277, -0.21679866190167277, -0.21679866190167277, -0.21679866190167277, -0.07783152940965549, -0.06887867178786372, -0.06046134767497097, -0.08678427498910132, -0.10543268712082854, 0.18565191802655384, 0.20815401888669838, 0.17445063812642675, 0.16315210912578265, 0.11629906643075674, 1.164821724498017, 7.151945157605872, 0.9382237342531162, 0.9706881871600872, 0.7226525480224274, 10.12882265189088, 10.208743243489177, 1.1396362821388066, 9.806215959986906, 0.7842135036195542]}