{"x": 138.1848051296516, "y": -2.3090549332325723, "yaw": 2.84184211098531, "speed": 6.911852414910473, "goal_x": 130.5079803466797, "goal_y": -3.031101703643799, "pro": [0.0, 0.0, 0.0, 0.0, 0.0, 0.0, 0.0, 0.0, 0.0, 0.0, 0.0, 0.0, 0.0, 0.0, 0.0, 0.0, 0.0, 0.0, 0.0, 0.5, 0.0, 0.0, 0.0, 6.51067241002585e-20, 0.5], "value": [-0.5429214831710083, -0.5429214831710083, -0.5429214831710083, -0.5429214831710083, -0.5429214831710083, -0.5145717560446754, -0.5220568037585596, -0.5376434748417388, -0.5070851715134692, -0.491485431417715, -0.34690319238484046, -0.3689362331511432, -0.4344908910694005, -0.292409247938158, -0.20273947899652003, -0.020167500313406223, -0.10159152659299148, -0.21613034836099412, 2.1488552856610834, 4.796830854934807, 0.0264064772857759, -0.045600971936965023, -0.2010546878851824, 4.465240070549073, 4.848995618571007]}