{"x": 127.59651178007829, "y": -3.0586072712481984, "yaw": -3.128065393148845, "speed": 9.530391630059041, "goal_x": 120.50909423828125, "goal_y": -3.1804609298706055, "pro": [0.0, 0.0, 0.0, 0.0, 0.0, 0.0, 0.0, 0.0, 0.0, 0.0, 0.0, 0.0, 0.0, 0.0, 0.0, 4.366829320814504e-201, 0.0, 0.0, 0.0, 0.0, 0.9999999994302136, 2.848932066769024e-10, 0.0, 2.848932066769024e-10, 0.0], "value": [-0.2025688092404111, -0.2025688092404111, -0.2025688092404111, -0.2025688092404111, -0.2025688092404111, -0.05881557490083449, -0.06771150849825966, -0.08624183615209155, -0.06077103392512975, -0.07930153685652341, 0.21018392856449047, 0.18757779986377726, 0.14050047410407834, 0.19668659296468244, 0.14960508978305537, 10.845112751469028, 1.1460960854737083, 0.7412306410624907, 1.1643584563303555, 0.7750349103341152, 9.579584472111899, 9.288841319221698, 0.7718707543323335, 9.474188723936786, 0.9254631260666797]}