{"x": 137.74082573024407, "y": -2.2802757874665174, "yaw": 2.895666302866888, "speed": 6.8069954035328095, "goal_x": 130.5079803466797, "goal_y": -3.031101703643799, "pro": [0.0, 0.0, 0.0, 0.0, 0.0, 0.0, 0.0, 0.0, 0.0, 0.0, 0.0, 0.0, 0.0, 0.0, 0.0, 0.0, 0.0, 0.0, 0.0, 0.5, 0.0, 0.0, 0.0, 2.4763658653461673e-20, 0.5], "value": [-0.5035155148722144, -0.5035155148722144, -0.5035155148722144, -0.5035155148722144, -0.5035155148722144, -0.46470334780247996, -0.472388291359587, -0.48839086264090004, -0.45701672229504575, -0.4409998481479556, -0.2783295034974441, -0.30116647645122635, -0.37780722719888576, -0.2129552780331619, -0.11093283266661852, 0.08023465076844322, -0.013521773559262915, -0.14157501581311424, 4.432288977372021, 5.13595227501754, 0.10628341700167408, 0.002555444097550874, -0.14459204646723192, 4.7159028860067504, 5.143288373730184]}