{"x": 126.63175309437142, "y": -3.0583769093864692, "yaw": -3.1020556656473977, "speed": 9.732658778322756, "goal_x": 115.50965118408203, "goal_y": -3.2551403045654297, "pro": [0.0, 0.0, 0.0, 0.0, 0.0, 0.0, 0.0, 0.0, 0.0, 0.0, 0.0, 0.0, 0.0, 0.0, 0.0, 0.0, 0.0, 0.0, 0.0, 0.0, 0.4999999997226059, 5.54788373555477e-10, 0.0, 0.4999999997226059, 0.0], "value": [-0.20878828372274824, -0.20878828372274824, -0.20878828372274824, -0.20878828372274824, -0.20878828372274824, -0.06688633589893742, -0.07558593406814906, -0.09370736084317388, -0.058186703514393916, -0.07062566883345026, 0.20019197272832892, 0.1787237019095928, 0.13400936556339216, 0.20781637853687052, 0.16309761867576056, 3.4744531227968336, 1.1350596129122734, 0.7475887183735245, 1.1883034447489282, 0.938253807532883, 10.428321222257042, 10.243931132813795, 0.9639255648757826, 10.379017108845632, 1.1495504991150738]}