{"x": 137.06260187992388, "y": -2.2079881302529176, "yaw": 2.9713925909345598, "speed": 6.7986289132788, "goal_x": 130.5079803466797, "goal_y": -3.031101703643799, "pro": [0.0, 0.0, 0.0, 0.0, 0.0, 0.0, 0.0, 0.0, 0.0, 0.0, 0.0, 0.0, 0.0, 0.0, 0.0, 0.0, 0.0, 0.0, 1.4166102642359762e-222, 0.9999999998261548, 0.0, 0.0, 0.0, 1.0883701509611186e-30, 1.738452027263052e-10], "value": [-0.46276279297252054, -0.46276279297252054, -0.46276279297252054, -0.46276279297252054, -0.46276279297252054, -0.4128161230510051, -0.4207425111695458, -0.43724742709469233, -0.4048878796208951, -0.3883671871359649, -0.20689308869016068, -0.23074799073329322, -0.3193402936386487, -0.12982348817126643, -0.014236976784724534, 0.18215105423101596, 0.07480813543175664, -0.06823940018616624, 7.071206097930189, 5.312564391526535, 0.17657716500224174, 0.06154387469691626, -0.10799882466250088, 4.921793843978468, 5.312532211989183]}