{"x": 125.65114849998677, "y": -3.0707670641735594, "yaw": -3.100641052448267, "speed": 9.855348784303388, "goal_x": 115.50965118408203, "goal_y": -3.2551403045654297, "pro": [0.0, 0.0, 0.0, 0.0, 0.0, 0.0, 0.0, 0.0, 0.0, 0.0, 0.0, 0.0, 0.0, 0.0, 0.0, 0.0, 0.0, 0.0, 0.0, 0.0, 0.4999999997226059, 5.54788373555477e-10, 0.0, 0.4999999997226059, 0.0], "value": [-0.2080417518408904, -0.2080417518408904, -0.2080417518408904, -0.2080417518408904, -0.2080417518408904, -0.06595662179615738, -0.07468077027167122, -0.09285331465996874, -0.0572324374078623, -0.07163106698365881, 0.20128312069140133, 0.17966638254269574, 0.1346437532926978, 0.20657669719770907, 0.16154908459041645, 3.4744464164572024, 1.135877458416745, 0.7463702441296276, 1.1857265703313926, 0.9336739982840843, 10.397749990482874, 10.203926967950723, 0.9579303708832541, 10.336518584779737, 1.1400991621757537]}