{"x": 136.37485967662855, "y": -2.1867047784656095, "yaw": 3.0471792363666124, "speed": 6.9233495382709505, "goal_x": 130.5079803466797, "goal_y": -3.031101703643799, "pro": [0.0, 0.0, 0.0, 0.0, 0.0, 0.0, 0.0, 0.0, 0.0, 0.0, 0.0, 0.0, 0.0, 0.0, 0.0, 0.0, 0.0, 0.0, 2.0672887448721145e-21, 0.9999999999396281, 0.0, 0.0, 0.0, 5.63428946503e-312, 6.037189642783831e-11], "value": [-0.5249683598836733, -0.5249683598836733, -0.5249683598836733, -0.5249683598836733, -0.5249683598836733, -0.357887350903692, -0.36610450781118953, -0.3832143904162096, -0.4552249599241474, -0.43485568581931977, -0.07060618854015697, -0.09999227110086761, -0.20854002018641793, 0.019379524385068306, 0.1674813743147026, 0.2841922160463795, 0.16148663864289875, 0.0015642964223333694, 5.097974576398813, 5.345315857593706, 0.17105392739945824, 0.1053459954680587, -0.08069925391808076, 4.261634850799431, 5.1897565388669165]}