{"x": 124.66343709914578, "y": -3.134545426580169, "yaw": -3.1113268930654785, "speed": 9.92390112818721, "goal_x": 115.50965118408203, "goal_y": -3.2551403045654297, "pro": [0.0, 0.0, 0.0, 0.0, 0.0, 0.0, 0.0, 0.0, 0.0, 0.0, 0.0, 0.0, 0.0, 0.0, 0.0, 0.0, 0.0, 0.0, 0.0, 0.0, 0.4999999997226058, 0.4999999997226058, 0.0, 5.547883735554769e-10, 0.0], "value": [-0.21232725065589703, -0.21232725065589703, -0.21232725065589703, -0.21232725065589703, -0.21232725065589703, -0.071707192763095, -0.06285354708403101, -0.06627970040735875, -0.08056077255386287, -0.09900280515378684, 0.19382898146311883, 0.21359030082869285, 0.16764444536918632, 0.17177229857330256, 0.12583643986058501, 1.1803231515354582, 3.475233433499614, 0.9295818755393824, 1.1177829361722535, 0.7444652728678859, 10.299191128985248, 10.299132227449327, 1.1430338388714383, 10.049835994831762, 0.939717633470855]}