{"x": 158.75160457772327, "y": -2.5740970554151312, "yaw": -3.105646813182081, "speed": 7.851749498489533, "goal_x": 149.505859375, "goal_y": -2.747319221496582, "pro": [0.0, 0.0, 0.0, 0.0, 0.0, 0.0, 0.0, 0.0, 0.0, 0.0, 0.0, 0.0, 0.0, 0.0, 0.0, 0.0, 0.0, 0.0, 0.0, 0.0, 0.4999999997226059, 5.54788373555477e-10, 0.0, 0.4999999997226059, 0.0], "value": [-0.21194080865248902, -0.21194080865248902, -0.21194080865248902, -0.21194080865248902, -0.21194080865248902, -0.07118468958732999, -0.07992069343162206, -0.0981178333688496, -0.06244862452792758, -0.06643969056611765, 0.1945134017172913, 0.172762284877505, 0.12746230052785545, 0.2132115403672606, 0.16790235416868232, 1.1817222193624097, 0.9795830684364717, 0.7316698392276543, 4.226571158280013, 0.9435861956440034, 10.317134650405478, 10.076128257344143, 0.9334976321553292, 10.313095584075018, 1.1464619299862007]}