{"x": 135.66895019559743, "y": -2.2174940392626934, "yaw": 3.124029609275161, "speed": 7.141074773604931, "goal_x": 130.5079803466797, "goal_y": -3.031101703643799, "pro": [0.0, 0.0, 0.0, 0.0, 0.0, 0.0, 0.0, 0.0, 0.0, 0.0, 0.0, 0.0, 0.0, 0.0, 2.1777427239865117e-140, 0.0, 0.0, 0.0, 1.0106847169165214e-11, 0.9999999999898932, 0.0, 0.0, 0.0, 0.0, 5.291822748385833e-23], "value": [-0.4672873731814762, -0.4672873731814762, -0.4672873731814762, -0.4672873731814762, -0.4672873731814762, -0.39325305181443443, -0.40343309149820566, -0.32433146844696326, -0.3830707253196122, -0.3618534610870402, 0.09403155396104802, -0.006330386869327048, -0.1310215425391519, 0.13037092825580465, 6.28758489879843, 0.37921509068461606, 0.23894383501369854, 0.06072437753296939, 4.877687366700264, 5.144167317285981, 0.13074813664043156, 0.07781702617101124, -0.06571471290223947, 0.25922541072745425, 4.8097011465176145]}