{"x": 123.670077171232, "y": -3.198283799291012, "yaw": -3.12934855655699, "speed": 9.975246932931187, "goal_x": 115.50965118408203, "goal_y": -3.2551403045654297, "pro": [0.0, 0.0, 0.0, 0.0, 0.0, 0.0, 0.0, 0.0, 0.0, 0.0, 0.0, 0.0, 0.0, 0.0, 0.0, 0.0, 0.0, 0.0, 0.0, 0.0, 1.1095767464953737e-09, 0.9999999988904233, 7.97586706221441e-19, 0.0, 0.0], "value": [-0.2283698330797102, -0.2283698330797102, -0.2283698330797102, -0.2283698330797102, -0.2283698330797102, -0.09327784252643564, -0.08429614174438504, -0.06558645600540844, -0.10225935767454403, -0.12096746493155192, 0.16575429832260236, 0.18829999809324582, 0.19420897464559678, 0.14321232374412746, 0.09627575710994048, 1.1242253356471936, 7.127184662399007, 0.9764743512014438, 0.9327127077872424, 0.5675944966735497, 9.988184681964992, 10.213301302616497, 9.74535948142308, 1.1670191151226392, 0.7485782746944926]}