{"x": 135.1944738265544, "y": -2.3069484343034867, "yaw": 3.1772623493604044, "speed": 7.3661303545303, "goal_x": 130.5079803466797, "goal_y": -3.031101703643799, "pro": [0.0, 0.0, 0.0, 0.0, 0.0, 0.0, 0.0, 0.0, 0.0, 0.0, 0.0, 0.0, 0.0, 0.0, 0.9999999999988343, 0.0, 0.0, 0.0, 5.828322611877127e-13, 5.828322611877127e-13, 0.0, 0.0, 0.0, 0.0, 1.501122985591419e-25], "value": [-0.40293981825846703, -0.40293981825846703, -0.40293981825846703, -0.40293981825846703, -0.40293981825846703, -0.31168636785511505, -0.3223738921738509, -0.34462807044035776, -0.30099638450699473, -0.2787213009250091, 0.3148744725972455, 0.18072372280825816, 0.02950825130065403, 1.4948518537113278, 4.726816976177218, 0.4270502426198704, 0.273340827766327, 0.0312104300038685, 4.443097984567335, 4.59824388573267, 0.16589047334370893, 0.048710319360569604, -0.09128649031679316, 0.31472791188180677, 4.392031925868929]}