{"x": 122.92242986963656, "y": -3.2080882783552394, "yaw": -3.1294740926690943, "speed": 9.97763984698201, "goal_x": 115.50965118408203, "goal_y": -3.2551403045654297, "pro": [0.0, 0.0, 0.0, 0.0, 0.0, 0.0, 0.0, 0.0, 0.0, 0.0, 0.0, 0.0, 0.0, 0.0, 0.0, 0.0, 0.49999999988573485, 0.0, 0.0, 0.0, 2.2853027914463506e-10, 0.49999999988573485, 0.0, 2.1327899571566e-311, 0.0], "value": [-0.2229493046611768, -0.2229493046611768, -0.2229493046611768, -0.2229493046611768, -0.2229493046611768, -0.08632223553480939, -0.07731408309970839, -0.05854934138010784, -0.09533020239831752, -0.1140933662141492, 0.17413888691879853, 0.1970054250157604, 0.18483642515505933, 0.15127671565262113, 0.10367844493240251, 1.1392192185827241, 9.854154190493833, 1.0930029128391734, 0.9436440588442332, 0.6934772065986119, 9.512253916826447, 9.725522286516291, 1.1344785881414399, 8.247719260886198, 0.7147567523130182]}