{"x": 133.96538381809108, "y": -2.459611305149324, "yaw": -3.079476019060349, "speed": 7.373795040754064, "goal_x": 125.50853729248047, "goal_y": -3.105781078338623, "pro": [0.0, 0.0, 0.0, 0.0, 0.0, 0.0, 0.0, 0.0, 0.0, 0.0, 0.0, 0.0, 0.0, 0.0, 0.0, 0.0, 0.0, 0.0, 0.0, 0.0, 0.9999999977808467, 1.1095767452642134e-09, 0.0, 1.1095767452642134e-09, 0.0], "value": [-0.21012116959937896, -0.21012116959937896, -0.21012116959937896, -0.21012116959937896, -0.21012116959937896, -0.0688435805899345, -0.07785193708785149, -0.09661635880591335, -0.059835161258644125, -0.0696204493623169, 0.19737206906898053, 0.1748209615736715, 0.12785674321863127, 0.20955275493361697, 0.16257825745138899, 1.1855055182279184, 0.9811483990397525, 0.727328393878491, 4.961665976633931, 0.9297300578653918, 10.225269729982044, 9.962417223763689, 0.9168819940655055, 10.245997294249003, 1.1193282839916425]}