{"x": 121.68046987523182, "y": -3.1890642519743437, "yaw": -3.1315972773865077, "speed": 9.812814208765133, "goal_x": 110.51021575927734, "goal_y": -3.329820156097412, "pro": [0.0, 0.0, 0.0, 0.0, 0.0, 0.0, 0.0, 0.0, 0.0, 0.0, 0.0, 0.0, 0.0, 0.0, 0.0, 0.0, 0.0, 0.0, 0.0, 0.0, 0.4999999997226059, 5.54788373555477e-10, 0.0, 0.4999999997226059, 0.0], "value": [-0.20191271304603486, -0.20191271304603486, -0.20191271304603486, -0.20191271304603486, -0.20191271304603486, -0.057856629733231746, -0.06658666526678181, -0.08477157978294123, -0.0615640678697108, -0.07974904577832331, 0.21157406409534246, 0.19003408891252171, 0.14516908971980647, 0.19636299053578604, 0.15149703044392648, 4.246961541838678, 1.1578960792224924, 0.7657693815801544, 1.1694240964323426, 0.792144893387438, 10.466707935549318, 10.325695885408232, 0.9855318302302468, 10.314688238333492, 1.124406602768954]}