{"x": 133.24984978348593, "y": -2.611135525234546, "yaw": -3.0624915124093293, "speed": 7.242726965296211, "goal_x": 125.50853729248047, "goal_y": -3.105781078338623, "pro": [0.0, 0.0, 0.0, 0.0, 0.0, 0.0, 0.0, 0.0, 0.0, 0.0, 0.0, 0.0, 0.0, 0.0, 0.0, 0.0, 0.0, 0.0, 0.0, 0.0, 7.188206742742177e-10, 0.9999999985623584, 7.188206742742177e-10, 0.0, 0.0], "value": [-0.23620862007611376, -0.23620862007611376, -0.23620862007611376, -0.23620862007611376, -0.23620862007611376, -0.10392959448958186, -0.09459629139292142, -0.07515394995049751, -0.11326262087649774, -0.1327026094712318, 0.15166568875967024, 0.1751852253719956, 0.3481203577157328, 0.1281520295376818, 0.07920030950307372, 1.092823897823784, 7.074052297919964, 1.1371478871914231, 0.9012011658080903, 0.5369232370149793, 9.753988891025056, 10.073267982296734, 9.645240463914956, 1.117846522124906, 0.6955509333296532]}