{"x": 120.7173012265591, "y": -3.1645427792192486, "yaw": 3.1336769398817506, "speed": 9.521094684028661, "goal_x": 110.51021575927734, "goal_y": -3.329820156097412, "pro": [0.0, 0.0, 0.0, 0.0, 0.0, 0.0, 0.0, 0.0, 0.0, 0.0, 0.0, 0.0, 0.0, 0.0, 0.0, 0.0, 0.0, 0.0, 0.0, 0.0, 0.4999999997226059, 5.54788373555477e-10, 0.0, 0.4999999997226059, 0.0], "value": [-0.21756488257195836, -0.21756488257195836, -0.21756488257195836, -0.21756488257195836, -0.21756488257195836, -0.07851450377853347, -0.08718000446537708, -0.10523025585722923, -0.0698489264271526, -0.05889263150713225, 0.18537268520645822, 0.16390858215461585, 0.11920586616231812, 0.20683803429514547, 0.1779258126193129, 1.1673273540931062, 0.9648575184981938, 0.7213429285848438, 4.2476882359843655, 0.9644562986689423, 10.333805180965552, 10.082751159526559, 0.9285246909061512, 10.41089497155442, 1.17749385223596]}