{"x": 132.53300744850313, "y": -2.6878907877684433, "yaw": -3.0588489534237793, "speed": 7.232301772904799, "goal_x": 125.50853729248047, "goal_y": -3.105781078338623, "pro": [0.0, 0.0, 0.0, 0.0, 0.0, 0.0, 0.0, 0.0, 0.0, 0.0, 0.0, 0.0, 0.0, 0.0, 0.0, 0.0, 0.0, 2.0018249726396166e-135, 0.0, 0.0, 1.7384520269608307e-10, 0.9999999996523097, 1.7384520269608307e-10, 0.0, 0.0], "value": [-0.24152749005028484, -0.24152749005028484, -0.24152749005028484, -0.24152749005028484, -0.24152749005028484, -0.11147553867137419, -0.10205747412500007, -0.08243829180175627, -0.1208932259105811, -0.14050920010588513, 0.14100914112796614, 0.1649533060110157, 0.35926436180845445, 0.11707404061976748, 0.06725778892823757, 0.9432602642879494, 1.1422674555398842, 10.39122418356172, 0.8740605332088968, 0.5104799387996978, 8.843036176782862, 9.241617447937706, 8.936840428489276, 0.9395749277182165, 0.5179562703385674]}