{"x": 119.77127264402365, "y": -3.1521292837677017, "yaw": 3.161989677073617, "speed": 9.44048805281441, "goal_x": 110.51021575927734, "goal_y": -3.329820156097412, "pro": [0.0, 0.0, 0.0, 0.0, 0.0, 0.0, 0.0, 0.0, 0.0, 0.0, 0.0, 0.0, 0.0, 0.0, 0.0, 0.0, 0.0, 0.0, 0.0, 0.0, 1.1095767464953737e-09, 7.97586706221441e-19, 0.0, 0.9999999988904233, 0.0], "value": [-0.22331195198817244, -0.22331195198817244, -0.22331195198817244, -0.22331195198817244, -0.22331195198817244, -0.08626512093107674, -0.09493446463367686, -0.112992572112812, -0.07759565986076328, -0.05953655434327588, 0.17526330457419997, 0.1536816401252491, 0.1087376545043847, 0.196847042982146, 0.18766850890864983, 1.1463282090255917, 0.9439623421312345, 0.588889733186199, 7.170094253731932, 0.9811380557014451, 10.264227740448655, 9.968941890297714, 0.7829089333641934, 10.395637784817136, 1.1926799568249236]}