{"x": 148.2272957150097, "y": -16.36866581455412, "yaw": 1.6472109309170158, "speed": 5.758182140241223, "goal_x": 147.97251892089844, "goal_y": -12.220353126525879, "pro": [0.0, 0.0, 0.0, 0.0, 0.0, 0.0, 0.0, 0.0, 0.0, 0.0, 1.0839839095624752e-13, 1.0839839095624752e-13, 0.9999999999997833, 4.688795350625592e-27, 0.0, 0.0, 0.0, 0.0, 0.0, 0.0, 0.0, 9.332636212479881e-302, 7.634433071561718e-41, 0.0, 0.0], "value": [-0.3072831709231739, -0.3072831709231739, -0.3072831709231739, -0.3072831709231739, -0.3072831709231739, -0.18422169805361213, -0.17384891193815302, -0.15223873307608835, -0.19459327090399645, -0.21619313608122923, 4.584631740850024, 4.7060362717906, 4.833563362335276, 4.56483395002626, 0.4532447916095274, -0.10834864945100084, -0.11126223459421743, -0.12168116289568197, -0.10900842325652704, -0.12170264577707918, 0.4649423001524674, 2.439411759743746, 4.347953242962058, 0.17903642078283882, -0.08067335299951028]}