{"x": 131.79482110131516, "y": -2.723476894185771, "yaw": -3.0782577281012373, "speed": 7.556748103482465, "goal_x": 120.50909423828125, "goal_y": -3.1804609298706055, "pro": [0.0, 0.0, 0.0, 0.0, 0.0, 0.0, 0.0, 0.0, 0.0, 0.0, 0.0, 0.0, 0.0, 0.0, 0.0, 0.0, 0.0, 0.0, 0.0, 0.0, 5.54788373555477e-10, 0.4999999997226059, 0.4999999997226059, 0.0, 0.0], "value": [-0.24296031164869264, -0.24296031164869264, -0.24296031164869264, -0.24296031164869264, -0.24296031164869264, -0.1117183557450982, -0.1025687704011026, -0.08350932509393219, -0.12086776022174833, -0.13992566750658275, 0.14375295678225503, 0.1663165071855045, 0.3577147683331455, 0.1211921248247334, 0.0742093680846706, 1.0849026429904896, 1.1517799222307459, 4.182190088468122, 0.8994886089754658, 0.5456119118426335, 10.117345584889293, 10.35631522379694, 10.124860492648216, 1.1460070203516277, 0.7522850592274012]}