{"x": 118.82463167422813, "y": -3.148131715874155, "yaw": 3.1639647699730715, "speed": 9.49506967686944, "goal_x": 110.51021575927734, "goal_y": -3.329820156097412, "pro": [0.0, 0.0, 0.0, 0.0, 0.0, 0.0, 0.0, 0.0, 0.0, 0.0, 0.0, 0.0, 0.0, 0.0, 0.0, 0.0, 0.0, 0.0, 1.1095767452642134e-09, 0.0, 1.1095767452642134e-09, 0.0, 0.0, 0.9999999977808467, 0.0], "value": [-0.22355366521225203, -0.22355366521225203, -0.22355366521225203, -0.22355366521225203, -0.22355366521225203, -0.08679845792754007, -0.09550655358122201, -0.11364528158842702, -0.07809022151802894, -0.059950296615576576, 0.1741967071464332, 0.15236957881164515, 0.10691804927993173, 0.19602660404736816, 0.18797551636532, 1.1424751830026563, 0.9386375053180112, 0.5819066416178504, 10.192497563373221, 0.979583692245085, 10.121844015872126, 6.242029386024575, 0.7603420707812851, 10.289272576420894, 1.1820083925180005]}