{"x": 157.91627874989493, "y": -2.6080344981493546, "yaw": -3.1606487915062127, "speed": 8.719941701046775, "goal_x": 149.505859375, "goal_y": -2.747319221496582, "pro": [0.0, 0.0, 0.0, 0.0, 0.0, 0.0, 0.0, 0.0, 0.0, 0.0, 0.0, 0.0, 0.0, 0.0, 0.0, 0.0, 0.0, 0.0, 0.0, 0.0, 0.3333333333333333, 0.3333333333333333, 0.0, 0.3333333333333333, 0.0], "value": [-0.20120889334359893, -0.20120889334359893, -0.20120889334359893, -0.20120889334359893, -0.20120889334359893, -0.05695846372142787, -0.06577175500372764, -0.0841300350708176, -0.06254548945098268, -0.08090383138271076, 0.21266151368141178, 0.19058532747794277, 0.14460666982056086, 0.1947393015502532, 0.1487594429695227, 6.446282217401853, 1.1559167390044027, 0.75699082283714, 1.1638829896364051, 0.7809337730101497, 10.347654731357764, 10.105387741332123, 0.954396442110707, 10.145375918986453, 0.9761592925509867]}