{"x": 148.18719033050417, "y": -15.553102234853661, "yaw": 1.7430848374249648, "speed": 5.554173234463307, "goal_x": 145.57351684570312, "goal_y": -9.102310180664062, "pro": [0.0, 0.0, 0.0, 0.0, 0.0, 0.0, 0.0, 0.0, 0.0, 0.0, 0.0, 0.0, 0.0, 0.0, 0.0, 0.0, 0.0, 0.0, 4.035826409747402e-232, 0.9999999997151068, 0.0, 0.0, 0.0, 5.135986789033207e-30, 2.8489320675806656e-10], "value": [-0.4075295610392747, -0.4075295610392747, -0.4075295610392747, -0.4075295610392747, -0.4075295610392747, -0.336609680305074, -0.34503105364120906, -0.3625679611901975, -0.3281867476742631, -0.31063658107127606, -0.08364968913839584, -0.17678874963340463, -0.22093212022298792, -0.058194160526768166, 0.15625737549330648, 0.41337588234435474, 0.2791808993152914, 0.06274953397703381, 7.956728090652521, 6.527023553656694, 0.4230877816538799, 0.27607743543622515, 0.048174210679615206, 6.010178375866042, 6.553699635798956]}