{"x": 157.01071454502903, "y": -2.626075430198077, "yaw": -3.1239593313801604, "speed": 9.2854854338359, "goal_x": 149.505859375, "goal_y": -2.747319221496582, "pro": [0.0, 0.0, 0.0, 0.0, 0.0, 0.0, 0.0, 0.0, 0.0, 0.0, 0.0, 0.0, 0.0, 0.0, 0.0, 0.0, 0.0, 0.0, 0.0, 0.0, 0.9999999985623584, 7.188206742742177e-10, 0.0, 7.188206742742177e-10, 0.0], "value": [-0.2010443404313675, -0.2010443404313675, -0.2010443404313675, -0.2010443404313675, -0.2010443404313675, -0.05675000740254232, -0.06282816440281128, -0.08134107087774275, -0.0656375169614094, -0.08415035854224068, 0.21290798482909143, 0.19410635115331404, 0.14732384792052833, 0.19044534711303696, 0.14366427937773452, 8.057151395489425, 1.160857330963672, 0.7564821096446862, 1.1536030427219541, 0.767407585956408, 10.055840898710061, 9.863788936523282, 0.9313356975417003, 9.81873674589289, 0.9360222606518699]}