{"x": 148.1926563872101, "y": -15.000970127056073, "yaw": 1.7146100899406636, "speed": 5.430321741996338, "goal_x": 145.57351684570312, "goal_y": -9.102310180664062, "pro": [0.0, 0.0, 0.0, 0.0, 0.0, 0.0, 0.0, 0.0, 0.0, 0.0, 0.0, 0.0, 0.0, 0.0, 0.0, 0.0, 0.0, 0.0, 3.1302852592216882e-21, 0.5, 0.0, 0.0, 0.0, 4.0549672673623925e-153, 0.5], "value": [-0.45095502272755783, -0.45095502272755783, -0.45095502272755783, -0.45095502272755783, -0.45095502272755783, -0.3975286505343532, -0.4060968749579929, -0.4239377122686321, -0.38895825833547953, -0.371098988206611, -0.18522953634608902, -0.21111438096853988, -0.3061411194757764, -0.10262141703350858, 0.021868505900153656, 0.21413239548592353, 0.09810396951207728, -0.08036494740068591, 5.188778552780884, 5.491440211121835, 0.14723892642198327, 0.036620289837133904, -0.10646237233663092, 6.278663765226949, 5.365547498426802]}