{"x": 156.31126436551915, "y": -2.6190727851321793, "yaw": -3.132523258497528, "speed": 9.64473370821781, "goal_x": 149.505859375, "goal_y": -2.747319221496582, "pro": [0.0, 0.0, 0.0, 0.0, 0.0, 0.0, 0.0, 0.0, 0.0, 0.0, 0.0, 0.0, 0.0, 0.0, 0.0, 0.9999999999315148, 0.0, 0.0, 0.0, 0.0, 3.4242567602651636e-11, 6.466971247931704e-22, 0.0, 3.4242567602651636e-11, 0.0], "value": [-0.2070425458958012, -0.2070425458958012, -0.2070425458958012, -0.2070425458958012, -0.2070425458958012, -0.06492008223493001, -0.07382443621231899, -0.09237213294732732, -0.05601566390806086, -0.07322323459342184, 0.20203203588677465, 0.1792084874594394, 0.1316850214216222, 0.2046198355016488, 0.15708176831986465, 8.433446362598959, 1.1249822019665974, 0.7194266082361925, 1.6355121503422319, 0.9078574432035182, 8.289561228862075, 8.138544745005722, 0.6906514834653301, 8.211267448810327, 0.7668640939015582]}