{"x": 148.11011606646636, "y": -14.467650221804663, "yaw": 1.7340358821408661, "speed": 5.360351861665996, "goal_x": 145.57351684570312, "goal_y": -9.102310180664062, "pro": [0.0, 0.0, 0.0, 0.0, 0.0, 0.0, 0.0, 0.0, 0.0, 0.0, 0.0, 0.0, 0.0, 0.0, 0.0, 0.0, 0.0, 0.0, 2.0672887448721145e-21, 0.9999999999396281, 0.0, 0.0, 0.0, 5.63428946503e-312, 6.037189642783831e-11], "value": [-0.5642587515618013, -0.5642587515618013, -0.5642587515618013, -0.5642587515618013, -0.5642587515618013, -0.4008980685389252, -0.4094419093705472, -0.4272308890338785, -0.5059956537251105, -0.4848099252221697, -0.15029599494971865, -0.18064528363382595, -0.279296651555358, -0.07080310372360749, 0.06875851785986974, 0.16321454953773729, 0.05121948319987392, -0.09851289852812627, 4.723501179620317, 4.9649855744546985, 0.0754098464125579, 0.006722840276458225, -0.1584443963045267, 4.0176200170931775, 4.854418429899828]}