{"x": 155.09116441424823, "y": -2.6263538902567993, "yaw": -3.10088977721791, "speed": 9.687388982388027, "goal_x": 144.50640869140625, "goal_y": -2.8219985961914062, "pro": [0.0, 0.0, 0.0, 0.0, 0.0, 0.0, 0.0, 0.0, 0.0, 0.0, 0.0, 0.0, 0.0, 0.0, 0.0, 0.0, 0.0, 0.0, 0.0, 0.0, 0.4999999997226059, 5.54788373555477e-10, 0.0, 0.4999999997226059, 0.0], "value": [-0.20848019318441746, -0.20848019318441746, -0.20848019318441746, -0.20848019318441746, -0.20848019318441746, -0.06650973974929439, -0.07522329863439567, -0.09337379351838299, -0.05779614533547989, -0.07104530628748187, 0.2006226688068661, 0.1790747713082666, 0.13419508227190324, 0.20730601539987537, 0.1624215604516508, 3.47418679829501, 1.135198374941068, 0.7467203039294567, 1.1871899645239985, 0.9361224434462038, 10.41290631090729, 10.223321344992774, 0.9606338852886263, 10.358668010839919, 1.1450334923738485]}