{"x": 147.95455395355782, "y": -13.936002608920749, "yaw": 1.783605807227289, "speed": 5.581814363151418, "goal_x": 145.57351684570312, "goal_y": -9.102310180664062, "pro": [0.0, 0.0, 0.0, 0.0, 0.0, 0.0, 0.0, 0.0, 0.0, 0.0, 0.0, 0.0, 0.0, 0.0, 2.7254487205973893e-291, 0.0, 0.0, 0.0, 1.888576616896758e-11, 0.9999999999622284, 0.0, 0.0, 0.0, 0.0, 1.888576616896758e-11], "value": [-0.5297263260699626, -0.5297263260699626, -0.5297263260699626, -0.5297263260699626, -0.5297263260699626, -0.47454566954330374, -0.48454500959165314, -0.5053654692760605, -0.46454372645263203, -0.4437011337588054, -0.049547106812519434, -0.13093738589779685, -0.23581491997114207, 0.04947324337813143, 4.249844973880614, 0.20215868631521786, 0.08460946936966185, -0.06934041254707096, 4.475702553673803, 4.748023332035893, 0.07756952071350069, -0.025304083718101, -0.15350475930303747, 0.20246283069761012, 4.523208187609688]}