{"x": 154.1369631814576, "y": -2.662923554236783, "yaw": -3.122440530610488, "speed": 9.47497600476533, "goal_x": 144.50640869140625, "goal_y": -2.8219985961914062, "pro": [0.0, 0.0, 0.0, 0.0, 0.0, 0.0, 0.0, 0.0, 0.0, 0.0, 0.0, 0.0, 0.0, 0.0, 0.0, 0.0, 0.0, 0.0, 0.0, 0.0, 0.9999999977808467, 1.1095767452642134e-09, 0.0, 1.1095767452642134e-09, 0.0], "value": [-0.2019103661784409, -0.2019103661784409, -0.2019103661784409, -0.2019103661784409, -0.2019103661784409, -0.05787338750670651, -0.061603501109691115, -0.07990550496389717, -0.06665961217853716, -0.08496153669673984, 0.21152079851980338, 0.19612840686346472, 0.15066405108205483, 0.18969302024515772, 0.14423001684309722, 5.714680985882139, 1.1677358474594584, 0.7713594465131863, 1.1557382596796812, 0.777031518254149, 10.40603655362016, 10.298506665914577, 0.9847518455502535, 10.245138074507514, 0.984099790497797]}