{"x": 148.6487813682941, "y": -27.205161686289507, "yaw": 1.5882450919409865, "speed": 0.02029408003497461, "goal_x": 148.46588134765625, "goal_y": -16.551837921142578, "pro": [0.0, 0.0, 0.0, 0.0, 0.0, 0.0, 0.0, 0.0, 0.0, 0.0, 0.0, 0.0, 0.0, 0.0, 0.0, 0.0, 0.0, 0.0, 0.0, 0.0, 0.9999999977808467, 1.1095767452642134e-09, 0.0, 1.1095767452642134e-09, 0.0], "value": [-0.2002063156381913, -0.2002063156381913, -0.2002063156381913, -0.2002063156381913, -0.2002063156381913, -0.05561685735829586, -0.06374372481500201, -0.08180345333047356, -0.0642867840691422, -0.08234650537370622, 0.21439540116038752, 0.19364745662403388, 0.1490024817313323, 0.19296112931406068, 0.14831626762296257, 5.724744000195756, 1.1648204842815946, 0.7715775570376039, 1.163605975409457, 0.7864298294879848, 10.464927580391647, 10.338105831856344, 0.9909732519732365, 10.332770649936533, 1.001727457461389]}