{"x": 147.7586837851642, "y": -13.406516069367871, "yaw": 1.8410296717097108, "speed": 5.6175100217633736, "goal_x": 141.55697631835938, "goal_y": -7.2878804206848145, "pro": [0.0, 0.0, 0.0, 0.0, 0.0, 0.0, 0.0, 0.0, 0.0, 0.0, 0.0, 0.0, 0.0, 0.0, 2.31e-321, 2.4763658655916617e-20, 2.4763658655916617e-20, 0.0, 2.4763658655916617e-20, 0.5, 2.4763658655916617e-20, 2.4763658655916617e-20, 0.0, 2.4763658655916617e-20, 0.5], "value": [-0.7984868891070884, -0.7984868891070884, -0.7984868891070884, -0.7984868891070884, -0.7984868891070884, -0.8009492621511431, -0.8104534025780055, -0.6629270451441591, -0.791443306303792, -0.771636218283934, -0.5250200726172155, -0.5553900094124911, -0.6054691284310942, -0.48555547388249287, -0.3939593918332487, -15.695982778661783, -15.820217970609534, -0.4670697054533687, -15.570036947285013, -14.679931180848554, -15.723552212858248, -15.886065106791118, -0.4504342070012607, -15.557913320005996, -14.585805486891989]}