{"x": 153.19289667103428, "y": -2.708042343743566, "yaw": -3.10953325407131, "speed": 9.467149597945864, "goal_x": 144.50640869140625, "goal_y": -2.8219985961914062, "pro": [0.0, 0.0, 0.0, 0.0, 0.0, 0.0, 0.0, 0.0, 0.0, 0.0, 0.0, 0.0, 0.0, 0.0, 0.0, 0.0, 0.0, 0.0, 0.0, 0.0, 0.49999999982029486, 0.49999999982029486, 0.0, 3.594103375246363e-10, 0.0], "value": [-0.21358892020257725, -0.21358892020257725, -0.21358892020257725, -0.21358892020257725, -0.21358892020257725, -0.07344041887893116, -0.06455337238688125, -0.06464947901398457, -0.08232738620680738, -0.1008389098332268, 0.1915092947347134, 0.21372211279329248, 0.16948618512085967, 0.16929796569419697, 0.12304175670372235, 1.1758860089413896, 6.432128736310852, 0.9314834265546819, 0.9842229509270826, 0.7378080204864546, 10.294347776881983, 10.315584039940374, 1.1408499237329255, 10.013846615881864, 0.9255997799677942]}