{"x": 147.49340396653767, "y": -12.812808204009123, "yaw": 1.9067627219237089, "speed": 6.9775236610346285, "goal_x": 141.55697631835938, "goal_y": -7.2878804206848145, "pro": [0.0, 0.0, 0.0, 0.0, 0.0, 0.0, 0.0, 0.0, 0.0, 0.0, 0.0, 0.0, 0.0, 0.0, 7.1692750105807e-265, 0.125, 0.125, 0.0, 0.125, 0.125, 0.125, 0.125, 0.0, 0.125, 0.125], "value": [-0.7598699503539439, -0.7598699503539439, -0.7598699503539439, -0.7598699503539439, -0.7598699503539439, -0.7550021687923343, -0.7642961062878273, -0.7836498315050862, -0.7457063985038702, -0.7263370872997783, -0.45997990108352255, -0.4899234114495402, -0.5462432696325897, -0.41396520452920305, -0.01141601952071436, -15.636881710445989, -15.760234611952093, -0.39934569104979156, -15.511637093345781, -15.244291862322452, -15.687952017486513, -15.848294064202753, -0.3916517942590634, -15.5242048936962, -15.171082063328]}