{"x": 152.2387774417604, "y": -2.742719846767115, "yaw": -3.1403220653994346, "speed": 9.625859581790468, "goal_x": 144.50640869140625, "goal_y": -2.8219985961914062, "pro": [0.0, 0.0, 0.0, 0.0, 0.0, 0.0, 0.0, 0.0, 0.0, 0.0, 0.0, 0.0, 0.0, 0.0, 0.0, 0.0, 0.3333333333333333, 0.0, 0.0, 0.0, 0.3333333333333333, 0.3333333333333333, 0.0, 0.0, 0.0], "value": [-0.21795429020290522, -0.21795429020290522, -0.21795429020290522, -0.21795429020290522, -0.21795429020290522, -0.07944207874248962, -0.07049178260349137, -0.05884293788854745, -0.08839224796590475, -0.10703523466557413, 0.18344279393933932, 0.20600608103575396, 0.17647056931178423, 0.16088221885240872, 0.11390472895854982, 1.1604181316662037, 10.08641031484895, 0.9409441026110512, 0.965287951898415, 0.591998040005874, 10.019024079498143, 10.129731781767896, 1.1369033622834293, 6.994045344914998, 0.7687405194288988]}