{"x": 147.148127188343, "y": -12.157072633849577, "yaw": 1.8900290833668332, "speed": 7.521132874521933, "goal_x": 141.55697631835938, "goal_y": -7.2878804206848145, "pro": [0.0, 0.0, 0.0, 0.0, 0.0, 0.0, 0.0, 0.0, 0.0, 9.332636227454706e-303, 0.1, 0.1, 0.1, 0.1, 0.1, 0.1, 0.1, 0.1, 0.1, 0.1, 0.0, 0.0, 0.0, 0.0, 0.0], "value": [-0.8609054723665777, -0.8609054723665777, -0.8609054723665777, -0.8609054723665777, -0.8609054723665777, -0.6437062218404276, -0.673719669978464, -0.7327435657228848, -0.6029256648226281, -0.5351881507360632, -15.695704918623886, -15.778528526482885, -15.948255122255265, -15.61197071182544, -15.434491843474436, -20.56611710947082, -20.690423236887828, -20.942570095085493, -20.439535782412197, -15.229928560740543, -19.384729947888967, -19.39100774022001, -19.403182196662208, -19.378113276481415, -19.36299606933672]}