{"x": 151.2658286336937, "y": -2.744500730850712, "yaw": -3.1527311736785615, "speed": 9.812936078442926, "goal_x": 144.50640869140625, "goal_y": -2.8219985961914062, "pro": [0.0, 0.0, 0.0, 0.0, 0.0, 0.0, 0.0, 0.0, 0.0, 0.0, 0.0, 0.0, 0.0, 0.0, 0.0, 1.7121283801912095e-11, 0.0, 0.0, 0.0, 0.0, 0.4999999999828787, 0.4999999999828787, 0.0, 1.7121283801912095e-11, 0.0], "value": [-0.20804452510026722, -0.20804452510026722, -0.20804452510026722, -0.20804452510026722, -0.20804452510026722, -0.06625438207284534, -0.05729167531734971, -0.07206866860697442, -0.07521701802807654, -0.09388610533535993, 0.20032696219688517, 0.20625773620994947, 0.15857850632169157, 0.177436327789239, 0.12977243896592744, 9.235962325678678, 1.1805443788956391, 0.7702717653847123, 1.1220301117921347, 0.736002739855169, 8.49396197777137, 8.438431955309415, 0.7805018204635511, 8.386137944786364, 0.7327062671708654]}