{"x": 146.8583397191753, "y": -11.72632682904021, "yaw": 1.9998633290575563, "speed": 7.653078768728163, "goal_x": 141.55697631835938, "goal_y": -7.2878804206848145, "pro": [0.0, 0.0, 0.0, 0.0, 0.0, 0.0, 0.0, 0.0, 0.0, 9.332636227454706e-303, 0.1, 0.1, 0.1, 0.1, 0.1, 0.1, 0.1, 0.1, 0.1, 0.1, 0.0, 0.0, 0.0, 0.0, 0.0], "value": [-0.814809460334518, -0.814809460334518, -0.814809460334518, -0.814809460334518, -0.814809460334518, -0.5797515397156321, -0.6159867433008113, -0.6873971706537507, -0.5326939267581979, -0.4587208495652967, -20.67853748335497, -20.762203020738696, -20.933060699771957, -20.593743060764943, -20.41326396982469, -20.645603698472073, -20.767799322852884, -21.014757052750355, -20.520820847361342, -20.251739199170302, -19.415885239897104, -19.420449443479978, -19.42944294427335, -19.41112172020618, -19.400380269794432]}