{"x": 150.2741881999331, "y": -2.6991914892441007, "yaw": 3.169202159310753, "speed": 10.003218050489824, "goal_x": 135.50741577148438, "goal_y": -2.9564218521118164, "pro": [0.0, 0.0, 0.0, 0.0, 0.0, 0.0, 0.0, 0.0, 0.0, 0.0, 0.0, 0.0, 0.0, 0.0, 0.0, 0.0, 0.0, 0.0, 0.0, 0.0, 0.4999999997226059, 5.54788373555477e-10, 0.0, 0.4999999997226059, 0.0], "value": [-0.21758086785594538, -0.21758086785594538, -0.21758086785594538, -0.21758086785594538, -0.21758086785594538, -0.07815321294272293, -0.08674710341516634, -0.10464833815725608, -0.06955927701664616, -0.05903299887837007, 0.18639403818977657, 0.1653784332173569, 0.12160574534076657, 0.20741022531127382, 0.1782892836596251, 1.1713328600861188, 0.9719304349850844, 0.7330933927491033, 4.252403036818627, 0.9693856284892743, 10.43504872099052, 10.23290011241884, 0.9554513138632478, 10.495192897372174, 1.1928162460088167]}