{"x": 146.62743907103035, "y": -11.263166432156643, "yaw": 2.017980445228664, "speed": 7.6129391733489085, "goal_x": 141.55697631835938, "goal_y": -7.2878804206848145, "pro": [0.0, 0.0, 0.0, 0.0, 0.0, 0.3333333333333333, 1.6602771075139363e-139, 0.0, 0.3333333333333333, 0.3333333333333333, 3.540945985172481e-113, 3.540945985172481e-113, 3.540945985172481e-113, 3.540945985172481e-113, 7.14165516124432e-65, 3.540945985172481e-113, 3.540945985172481e-113, 3.540945985172481e-113, 3.540945985172481e-113, 3.540945985172481e-113, 0.0, 0.0, 0.0, 0.0, 0.0], "value": [-0.8388017973656168, -0.8388017973656168, -0.8388017973656168, -0.8388017973656168, -0.8388017973656168, -21.210839626512644, 0.793396795080682, -0.6680066421097263, -21.170643153928232, -21.086032842741776, -18.555542097263398, -18.61805612719269, -18.746489485806688, -18.492453783467205, -17.441376549559738, -18.48782874143952, -18.579552953540077, -18.76632487921919, -18.3946795857346, -18.19576194137693, -24.3957973960594, -24.40140093279278, -24.412318275686832, -24.38990866566323, -24.376510033715984]}