{"x": 149.26735714410336, "y": -2.6813538807117605, "yaw": 3.1609345195271743, "speed": 10.116629681977024, "goal_x": 135.50741577148438, "goal_y": -2.9564218521118164, "pro": [0.0, 0.0, 0.0, 0.0, 0.0, 0.0, 0.0, 0.0, 0.0, 0.0, 0.0, 0.0, 0.0, 0.0, 0.0, 0.0, 0.0, 0.0, 0.0, 0.0, 0.4999999997226059, 5.54788373555477e-10, 0.0, 0.4999999997226059, 0.0], "value": [-0.22542597008401166, -0.22542597008401166, -0.22542597008401166, -0.22542597008401166, -0.22542597008401166, -0.08842039974131732, -0.096974353673519, -0.11479230935511195, -0.07986637432508398, -0.062047810745761635, 0.1735108643955326, 0.15255419903170192, 0.10890568755575245, 0.19446848007605244, 0.19135207782794522, 1.0038184003028463, 0.948426530750408, 0.5983335723005359, 1.2000080072304187, 0.99249076548807, 10.351980708488686, 10.123903903802503, 0.9295041393261826, 10.523277106160366, 5.676421523734331]}