{"x": 146.39541625976562, "y": -10.822160720825195, "yaw": 2.0327300068265743, "speed": 7.334522147438982, "goal_x": 135.5596923828125, "goal_y": -6.456031799316406, "pro": [0.5, 0.5, 6.266283213253985e-156, 0.0, 0.0, 2.645911374567389e-23, 2.645911374567389e-23, 8.739356263468393e-47, 1.3118848568521743e-71, 1.3118848568521743e-71, 1.3118848568521743e-71, 1.3118848568521743e-71, 1.3118848568521743e-71, 1.3118848568521743e-71, 1.3118848568521743e-71, 1.3118848568521743e-71, 1.3118848568521743e-71, 1.3118848568521743e-71, 0.0, 0.0, 0.0, 0.0, 0.0, 0.0, 0.0], "value": [-17.852298526121352, -17.852298526121352, -0.49047826968482977, -1.1709909132996539, -1.1709909132996539, -23.265611416776068, -23.295948300896402, -23.85807591604152, -19.273714682463684, -19.21747583284418, -24.054424808688026, -24.108295051816647, -24.219970947621242, -24.000386318119247, -23.88727999961141, -23.86227151771812, -23.942986560924133, -24.109798223137126, -19.469457626765678, -19.458365510510426, -29.306409470083253, -29.31319982936971, -29.327047548304005, -29.29952402993585, -24.306627074675834]}