{"x": 148.2517968641023, "y": -2.7269399877194633, "yaw": -3.098604911916705, "speed": 10.195312452887833, "goal_x": 135.50741577148438, "goal_y": -2.9564218521118164, "pro": [0.0, 0.0, 0.0, 0.0, 0.0, 0.0, 0.0, 0.0, 0.0, 0.0, 0.0, 0.0, 0.0, 0.0, 0.0, 0.0, 0.0, 0.0, 0.0, 0.0, 0.4999999997226059, 5.54788373555477e-10, 0.0, 0.4999999997226059, 0.0], "value": [-0.20654872737182287, -0.20654872737182287, -0.20654872737182287, -0.20654872737182287, -0.20654872737182287, -0.06389136323967812, -0.07255554438833212, -0.09060325840033687, -0.05546349347354959, -0.07351138564608856, 0.20404727892307936, 0.18277087832589145, 0.13845465698445852, 0.20415317208481942, 0.15983447580979954, 3.484085645698316, 1.1444842181376276, 0.757521050615732, 1.183010786012076, 0.934428265911042, 10.475498218627651, 10.31829367508592, 0.980241428747294, 10.397692352575856, 1.1492947090905845]}