{"x": 146.06915283203125, "y": -10.194485664367676, "yaw": 2.04623116828884, "speed": 6.847255403450533, "goal_x": 135.5596923828125, "goal_y": -6.456031799316406, "pro": [0.3333333333333333, 0.3333333333333333, 0.3333333333333333, 7.683661806494129e-261, 0.0, 8.745899045681162e-72, 8.745899045681162e-72, 8.745899045681162e-72, 8.745899045681162e-72, 8.745899045681162e-72, 8.745899045681162e-72, 8.745899045681162e-72, 4.177522142169323e-156, 8.745899045681162e-72, 8.745899045681162e-72, 8.745899045681162e-72, 8.745899045681162e-72, 4.177522142169323e-156, 0.0, 0.0, 0.0, 0.0, 0.0, 0.0, 0.0], "value": [-23.003084646828206, -23.003084646828206, -23.003084646828206, -1.3552585492613602, -1.2043171181394832, -29.405389214339444, -29.432097844007146, -29.48760644228825, -29.37864107549601, -24.33854603900562, -29.181920651709316, -29.23539118098048, -20.363203828371454, -29.128278775839977, -29.01598792181764, -28.997048787798136, -29.077056687256352, -20.228631077552173, -24.465253852436025, -24.454488776192022, -34.29696185116674, -34.3035339217407, -34.31701792186363, -29.311550609969167, -29.297131831604773]}