{"x": 147.2317328022855, "y": -2.8099613306654185, "yaw": -3.099575694755504, "speed": 10.249080230328373, "goal_x": 135.50741577148438, "goal_y": -2.9564218521118164, "pro": [0.0, 0.0, 0.0, 0.0, 0.0, 0.0, 0.0, 0.0, 0.0, 0.0, 0.0, 0.0, 0.0, 0.0, 0.0, 0.0, 0.0, 0.0, 0.0, 0.0, 0.4999999997226058, 0.4999999997226058, 0.0, 5.547883735554769e-10, 0.0], "value": [-0.22176448104405314, -0.22176448104405314, -0.22176448104405314, -0.22176448104405314, -0.22176448104405314, -0.08385449378799384, -0.07502358022117267, -0.05662824444908838, -0.0926853262572791, -0.11107997239719491, 0.17891548348836245, 0.20066364295991734, 0.18351045408213357, 0.1571685134880072, 0.11187556963531411, 1.1561878182344039, 4.2458919217723405, 0.9632841006270105, 0.9661832846671694, 0.7277355758839379, 10.339145836252413, 10.465183472785565, 1.1936010083327355, 10.09211546535369, 0.9347562834055754]}