{"x": 145.78521728515625, "y": -9.607220649719238, "yaw": 2.0373608444880587, "speed": 6.245911332969668, "goal_x": 135.5596923828125, "goal_y": -6.456031799316406, "pro": [1.0, 0.0, 0.0, 0.0, 0.0, 0.0, 0.0, 0.0, 0.0, 0.0, 0.0, 0.0, 0.0, 0.0, 0.0, 0.0, 0.0, 0.0, 0.0, 0.0, 0.0, 0.0, 0.0, 0.0, 0.0], "value": [-387.61434918144596, -379.31006219106956, -379.31006219106956, -379.31006219106956, -379.31006219106956, -346.0714498861299, -346.1078436685904, -351.16802016329194, -346.0349903448433, -340.97429660762066, -19.755523530493242, -19.758799607047813, -19.76557161914822, -19.752231082785798, -19.745319876501572, -19.504526742260158, -19.509399232919385, -19.51935134135878, -19.499590354279277, -29.45525783229105, -34.31292243966079, -34.31938354727438, -34.3326298305992, -34.306393844365935, -34.29257419419165]}