{"x": 146.20725459718813, "y": -2.889120969731681, "yaw": -3.1147002498056944, "speed": 10.289027743494975, "goal_x": 135.50741577148438, "goal_y": -2.9564218521118164, "pro": [0.0, 0.0, 0.0, 0.0, 0.0, 0.0, 0.0, 0.0, 0.0, 0.0, 0.0, 0.0, 0.0, 0.0, 0.0, 0.0, 0.0, 0.0, 0.0, 0.0, 5.54788373555477e-10, 0.4999999997226059, 0.4999999997226059, 0.0, 0.0], "value": [-0.24052871301495363, -0.24052871301495363, -0.24052871301495363, -0.24052871301495363, -0.24052871301495363, -0.10867189814273973, -0.09971233689947848, -0.08104873527846329, -0.1176312827641594, -0.136293382464527, 0.1473641480786972, 0.16950867494701444, 0.35832206665841615, 0.1252223836297484, 0.07911289452844002, 1.0913034392683323, 1.1572920743757593, 3.432056433786645, 0.9060148717708563, 0.5522057298786297, 10.125474654953912, 10.359227064979144, 10.099485185845928, 1.1524156124591958, 0.8620970997229769]}