{"x": 145.59312438964844, "y": -9.139182090759277, "yaw": 2.0089820667541196, "speed": 3.924437045654064, "goal_x": 135.5596923828125, "goal_y": -6.456031799316406, "pro": [1.0, 1.007728719040042e-284, 1.007728719040042e-284, 1.007728719040042e-284, 1.007728719040042e-284, 1.007728719040042e-284, 1.007728719040042e-284, 1.007728719040042e-284, 1.007728719040042e-284, 1.007728719040042e-284, 0.0, 0.0, 0.0, 0.0, 0.0, 0.0, 0.0, 0.0, 0.0, 0.0, 0.0, 0.0, 0.0, 0.0, 0.0], "value": [-444.9813996338995, -439.5511669760016, -439.5511669760016, -439.5511669760016, -439.5511669760016, -444.49875462174987, -444.53949954746173, -449.6068037162563, -449.4347548361173, -454.32099279448335, -24.762546475166133, -24.765739829262042, -24.772349887423516, -24.75934002066193, -24.75261857399746, -24.505514421559496, -24.510292070824654, -29.503078418235503, -24.500686774325914, -24.49046534062548, -39.30937004527104, -39.315612477688994, -29.373395771041906, -39.303087318890235, -39.28987036956504]}