{"x": 145.17917160642597, "y": -2.948624433230391, "yaw": -3.112697008532614, "speed": 10.296230403707614, "goal_x": 135.50741577148438, "goal_y": -2.9564218521118164, "pro": [0.0, 0.0, 0.0, 0.0, 0.0, 0.0, 0.0, 0.0, 0.0, 0.0, 0.0, 0.0, 0.0, 0.0, 0.0, 0.0, 0.0, 0.0, 0.0, 0.0, 1.1095767452642134e-09, 0.9999999977808467, 1.1095767452642134e-09, 0.0, 0.0], "value": [-0.2456499641256732, -0.2456499641256732, -0.2456499641256732, -0.2456499641256732, -0.2456499641256732, -0.11573938167674802, -0.10672943858511658, -0.0879607312315426, -0.12474909210643675, -0.14351582103105462, 0.13789783659473076, 0.16027349716869604, 0.20689066313209933, 0.11552612277479303, 0.06894245955565392, 0.946509180799349, 1.1373455125957028, 7.132391966315444, 0.7641123989170387, 0.5338130917971264, 9.972794437550998, 10.257995909094625, 10.162277833425417, 1.1230057444772548, 0.7281868176199622]}