{"x": 145.49374389648438, "y": -8.912535667419434, "yaw": 1.998550597922334, "speed": 1.3241778834455813, "goal_x": 135.5596923828125, "goal_y": -6.456031799316406, "pro": [0.2, 0.2, 0.2, 0.2, 0.2, 2.302997083448712e-126, 2.302997083448712e-126, 2.302997083448712e-126, 2.302997083448712e-126, 2.302997083448712e-126, 1.6209549346824826e-177, 1.6209549346824826e-177, 1.5172157444865407e-205, 1.6209549346824826e-177, 1.6209549346824826e-177, 0.0, 0.0, 0.0, 0.0, 0.0, 0.0, 0.0, 0.0, 0.0, 0.0], "value": [-246.16660776954868, -246.16660776954868, -246.16660776954868, -246.16660776954868, -246.16660776954868, -184.4715438993168, -184.49933021623877, -189.54030979637815, -184.44371382607827, -184.38560140667252, -155.18558112703815, -155.2345282684417, -140.5343334204209, -150.14697680193999, -150.0442960356184, -29.49638218550219, -29.50113321667545, -34.494402954407455, -29.49159304253498, -29.481492394620602, -29.362743052689684, -29.368897107599935, -34.35823316117877, -29.3564963372707, -39.29754870221455]}