{"x": 144.14969637286373, "y": -2.955918293091285, "yaw": -3.134919160631528, "speed": 10.289206455676775, "goal_x": 135.50741577148438, "goal_y": -2.9564218521118164, "pro": [0.0, 0.0, 0.0, 0.0, 0.0, 0.0, 0.0, 0.0, 0.0, 0.0, 0.0, 0.0, 0.0, 0.0, 0.0, 0.0, 0.0, 0.0, 0.0, 0.0, 1.1095767464953737e-09, 0.9999999988904233, 7.97586706221441e-19, 0.0, 0.0], "value": [-0.2294707640062932, -0.2294707640062932, -0.2294707640062932, -0.2294707640062932, -0.2294707640062932, -0.09460127974264104, -0.08565263545906202, -0.06701182350477722, -0.10354974867836783, -0.12218906959626097, 0.16432246749187912, 0.18669547273453752, 0.19617348862518658, 0.14195277372778442, 0.09537269267104471, 1.1223817640065898, 6.421380022768018, 1.1227817004865868, 0.9320628453517132, 0.5689883188145832, 10.080549066860874, 10.29235643061062, 9.864265366570393, 1.1719994957339472, 0.7598246143718774]}