{"x": 148.65237108033864, "y": -27.133549909085705, "yaw": 1.5889737328152325, "speed": 0.780103415116808, "goal_x": 148.46588134765625, "goal_y": -16.551837921142578, "pro": [0.0, 0.0, 0.0, 0.0, 0.0, 0.0, 0.0, 0.0, 0.0, 0.0, 0.0, 0.0, 0.0, 0.0, 0.0, 0.0, 0.0, 0.0, 0.0, 0.0, 0.9999999977808467, 1.1095767452642134e-09, 0.0, 1.1095767452642134e-09, 0.0], "value": [-0.2004060004592917, -0.2004060004592917, -0.2004060004592917, -0.2004060004592917, -0.2004060004592917, -0.05587984729501694, -0.06344972385512063, -0.08144485785652941, -0.06451876215748734, -0.08251388193421832, 0.2140627276955487, 0.19405044234142654, 0.14955190189398054, 0.19269878120341588, 0.14820046522305358, 5.724358816884224, 1.165536954073696, 0.7725621020054078, 1.1630928839118233, 0.7862724904944836, 10.4632354698705, 10.340076447932145, 0.9920601873592501, 10.329528005739407, 1.0014634885148188]}