{"x": 145.24222048909553, "y": -8.361164712786211, "yaw": 2.041417099463854, "speed": 1.2836950808427325, "goal_x": 135.5596923828125, "goal_y": -6.456031799316406, "pro": [0.25, 0.25, 0.25, 1.3229556872836945e-23, 1.3229556872836945e-23, 1.3229556872836945e-23, 1.3229556872836945e-23, 1.3229556872836945e-23, 1.3229556872836945e-23, 1.3229556872836945e-23, 1.3229556872836945e-23, 1.3229556872836945e-23, 1.3229556872836945e-23, 1.3229556872836945e-23, 0.25, 0.0, 0.0, 0.0, 0.0, 0.0, 0.0, 0.0, 0.0, 0.0, 0.0], "value": [-138.59211412888197, -138.59211412888197, -138.59211412888197, -104.11433886960727, -104.11433886960727, -109.02177768719113, -114.03511475233208, -119.08006421223055, -108.99240355602518, -108.93105886359643, -108.82768883858108, -113.86979988722626, -118.97453104327633, -108.76904226981087, -138.14134305872867, -34.48250606786673, -34.48721026808033, -34.496924648342954, -34.47777525927471, -34.467834701676864, -34.3418311638145, -39.325737940029725, -39.338536915711785, -34.33551005042836, -34.3221185109491]}