{"x": 143.37076883082116, "y": -2.922236393645378, "yaw": -3.054855373908087, "speed": 10.287346991046936, "goal_x": 135.50741577148438, "goal_y": -2.9564218521118164, "pro": [0.0, 0.0, 0.0, 0.0, 0.0, 0.0, 0.0, 0.0, 0.0, 0.0, 0.0, 0.0, 0.0, 0.0, 0.0, 0.0, 0.0, 0.0, 0.0, 1.0, 0.0, 0.0, 0.0, 0.0, 0.0], "value": [-30.05072752102663, -30.05072752102663, -30.05072752102663, -30.05072752102663, -30.05072752102663, -29.907007615210112, -29.907444386492788, -29.915279301914765, -29.910768941692247, -29.91860368189953, -29.536286457604604, -29.538736464214395, -29.548107753532076, -29.54078636295439, -29.55015629819798, -29.297720539477492, -29.30937416018162, -29.344586356368158, -29.31468824757658, -2494.043351809646, -182.26270236826127, -182.3664250780763, -29.242421954024188, -182.36186422722014, -201.8307403380174]}