{"x": 145.07061288653873, "y": -8.012271147685148, "yaw": 1.9812085962527177, "speed": 1.4441218754912182, "goal_x": 135.5596923828125, "goal_y": -6.456031799316406, "pro": [2.9258120127167272e-56, 0.0, 0.0, 0.0, 0.0, 0.06666666666666667, 0.06666666666666667, 0.06666666666666667, 0.06666666666666667, 0.06666666666666667, 0.06666666666666667, 0.06666666666666667, 0.06666666666666667, 0.06666666666666667, 0.06666666666666667, 0.06666666666666667, 0.06666666666666667, 0.06666666666666667, 0.06666666666666667, 0.06666666666666667, 0.0, 0.0, 0.0, 0.0, 0.0], "value": [-0.8940539998126278, -1.3980022487789365, -1.3980022487789365, -1.3980022487789365, -1.3980022487789365, -35.06797304949969, -35.094081590732536, -35.1483329610413, -35.04182257944107, -34.98721461321326, -39.84821362989436, -39.900224686922996, -40.00801595004693, -39.796029117639286, -39.68676281173815, -39.68122691720167, -39.75861204245714, -39.91851988493501, -39.603430802813726, -39.44002790097798, -39.32122473879723, -39.327419515745824, -39.34019120324245, -39.314988343575315, -39.301863041929025]}