{"x": 142.09413720113216, "y": -2.872720368029273, "yaw": 3.154017206216711, "speed": 10.245496137477081, "goal_x": 135.50741577148438, "goal_y": -2.9564218521118164, "pro": [0.0, 0.0, 0.0, 0.0, 0.0, 0.0, 0.0, 0.0, 0.0, 0.0, 0.0, 0.0, 0.0, 0.0, 0.0, 0.0, 0.0, 0.0, 0.0, 0.0, 0.0, 0.0, 0.0, 1.0, 0.0], "value": [-327.3724772526993, -327.3724772526993, -327.3724772526993, -327.3724772526993, -327.3724772526993, -29.862341323397555, -29.864272903685933, -34.867804930920805, -29.860409642068042, -29.85638566150501, -34.54319622575131, -34.54742779603055, -34.55623730644196, -34.538963744739775, -34.54037635996716, -312.05229045439614, -312.1493933625231, -312.35080824378633, -311.9680598715838, -312.074828794207, -321.4941856495398, -79.3402110924344, -79.44475567728041, -1862.0355666721152, -321.68196665653306]}