{"x": 145.1034292047652, "y": -8.099407529552586, "yaw": 1.9918972206516046, "speed": 1.703164434287321, "goal_x": 135.5596923828125, "goal_y": -6.456031799316406, "pro": [0.0, 0.0, 0.0, 0.0, 0.0, 1.8665272454909412e-302, 0.0, 0.0, 1.415318805418945e-88, 0.2, 0.2, 0.2, 0.2, 0.2, 1.2521141038241914e-21, 2.1245675911034887e-113, 2.1245675911034887e-113, 2.1245675911034887e-113, 2.1245675911034887e-113, 2.1245675911034887e-113, 0.0, 0.0, 0.0, 0.0, 0.0], "value": [-1.4084049756721497, -1.4084049756721497, -1.4084049756721497, -1.4084049756721497, -1.4084049756721497, -1.6454098307728828, -1.5889992896712308, -1.540694746722761, 0.3153631048601508, -37.57163007030614, -42.482993299711836, -42.54937058754136, -42.686654993391016, -42.41630264260569, -32.91721257682456, -39.72358547281628, -39.800679146724946, -39.95998051537733, -39.6460807284743, -39.483283488632274, -39.32382412924511, -39.32999894742527, -39.34272823117037, -39.31760739193164, -39.30452192646327]}