{"x": 142.08184814453125, "y": -2.8996825218200684, "yaw": 3.131225766414442, "speed": 10.045049699240726, "goal_x": 135.50741577148438, "goal_y": -2.9564218521118164, "pro": [1.0, 0.0, 0.0, 0.0, 0.0, 0.0, 0.0, 0.0, 0.0, 0.0, 0.0, 0.0, 0.0, 0.0, 0.0, 0.0, 0.0, 0.0, 0.0, 0.0, 0.0, 0.0, 0.0, 0.0, 0.0], "value": [-1176.8208071892038, -557.6631366274137, -557.6631366274137, -557.6631366274137, -557.6631366274137, -24.860267628112826, -24.862354328804905, -24.866700377134002, -24.858180800602764, -24.856856980668393, -29.59749606510537, -29.607453257536104, -29.62815051848347, -29.587532328081824, -29.603743156746386, -29.3181664255765, -29.34493005597104, -29.398333435283632, -29.29902600567252, -29.354834304091074, -29.707912606700646, -29.64705369579297, -29.589625536494093, -49.785989513089156, -49.68411922091017]}