{"x": 144.8281329290987, "y": -7.4677559352664735, "yaw": 2.027786436965891, "speed": 2.012108165625293, "goal_x": 135.5596923828125, "goal_y": -6.456031799316406, "pro": [0.0, 0.0, 0.0, 0.0, 0.0, 0.0, 0.0, 0.0, 0.0, 0.0, 0.0, 0.0, 0.0, 0.0, 1.3332337467792437e-302, 0.14285714285714285, 0.14285714285714285, 1.3332337467792437e-302, 0.14285714285714285, 0.14285714285714285, 0.14285714285714285, 0.14285714285714285, 1.3332337467792437e-302, 0.14285714285714285, 5.783847078626029e-43], "value": [-1.1965826715126144, -1.1965826715126144, -1.1965826715126144, -1.1965826715126144, -1.1965826715126144, -1.2939173351115227, -1.3026171837593286, -1.3207336848657982, -1.2852157221038532, -1.267084215865598, -1.384609348533285, -1.326156460119367, -1.280792127088585, -1.3547475647711293, -1.3647296608298454, -42.47498641331609, -42.572658970066726, -1.417720979827073, -42.37661776393493, -42.169387321199196, -42.47218051123574, -42.60032905905142, -1.394816885106579, -42.342824458076926, -38.14388074626767]}