{"x": 140.08351466904534, "y": -2.9372387691728976, "yaw": -3.1278179854835764, "speed": 9.94342647031114, "goal_x": 135.50741577148438, "goal_y": -2.9564218521118164, "pro": [0.0, 0.0, 0.0, 0.0, 0.0, 0.0, 0.0, 0.0, 0.0, 0.0, 0.0, 0.0, 0.0, 0.0, 0.0, 0.0, 0.0, 0.0, 0.0, 0.0, 1.0, 0.0, 0.0, 0.0, 0.0], "value": [-40.05157283506103, -40.05157283506103, -40.05157283506103, -40.05157283506103, -40.05157283506103, -39.857162584890254, -39.85539937961785, -39.859297380163476, -39.85903387844697, -39.86293174006632, -39.53741305065985, -39.53733305290771, -39.546129049294706, -39.54163607098888, -39.55043014554561, -239.38839146452347, -239.41818701496967, -239.5993276431314, -239.48826183615148, -274.52223967019006, -3321.077866491162, -374.27719514279937, -374.3951778157339, -374.3085873835116, -374.42832573216964]}