{"x": 144.85781594927028, "y": -7.505223350196913, "yaw": 2.0602933976248163, "speed": 2.0561390783826785, "goal_x": 135.5596923828125, "goal_y": -6.456031799316406, "pro": [0.0, 0.0, 0.0, 0.0, 0.0, 0.0, 0.0, 0.0, 0.0, 0.0, 0.0, 0.0, 0.0, 0.0, 0.0, 0.0, 0.0, 0.0, 0.0, 1.0, 1.8358445265946656e-181, 0.0, 0.0, 1.30213448200517e-19, 6.952655920260719e-275], "value": [-1.2191416967763236, -1.2191416967763236, -1.2191416967763236, -1.2191416967763236, -1.2191416967763236, -1.074230553458794, -1.0815041921799915, -1.0966497327136018, -1.066955117843989, -1.2954847870367474, -1.248659047480474, -1.1754659333678767, -1.116488236652849, -1.2250072048977925, -1.263011675652389, -1.325602835193868, -1.2769733732350557, -1.2585405940178354, -1.2765685352216076, -0.6002904338277344, 3.050907226526128, -1.320643466300797, -1.3362381410386903, -0.5396580334694583, -40.53765273759312]}