{"x": 139.105105271974, "y": -2.964980114951633, "yaw": -3.152788894638881, "speed": 9.623842738553089, "goal_x": 135.50741577148438, "goal_y": -2.9564218521118164, "pro": [0.0, 0.0, 0.0, 0.0, 0.0, 0.0, 0.0, 0.0, 0.0, 0.0, 0.0, 0.0, 0.0, 0.0, 0.0, 0.0, 0.0, 0.0, 0.0, 0.0, 0.0, 1.0, 0.0, 0.0, 0.0], "value": [-35.05395576793283, -35.05395576793283, -35.05395576793283, -35.05395576793283, -35.05395576793283, -59.91539961436999, -59.9113025800648, -59.90792282370974, -59.919496337805484, -59.92802844415257, -104.71512293953535, -104.69219025960862, -104.72609016186644, -104.73797161168568, -104.785034133191, -105.00990739388567, -105.02225703578313, -104.9941052234488, -104.99681428245185, -104.97896917358867, -149.97811696389022, -433.7405308810697, -150.01657667070768, -150.0020941572148, -150.05280069459857]}