{"x": 144.75472187265436, "y": -7.321456984154945, "yaw": 2.0689689200615007, "speed": 2.19600454115958, "goal_x": 135.5596923828125, "goal_y": -6.456031799316406, "pro": [0.0, 0.0, 0.0, 0.0, 0.0, 0.0, 0.0, 0.0, 0.0, 0.0, 0.0, 0.0, 0.0, 0.0, 0.0, 0.0, 0.0, 0.0, 0.0, 0.5, 0.0, 0.0, 0.0, 6.51067241002585e-20, 0.5], "value": [-1.2276095043384279, -1.2276095043384279, -1.2276095043384279, -1.2276095043384279, -1.2276095043384279, -1.0836377653616625, -1.0908970430551665, -1.1060125954472362, -1.0763766674787898, -1.3067193273171784, -1.265879926017168, -1.1901457180070096, -1.1285942967389373, -1.2422908608880772, -1.282933081598008, -1.2562040217193537, -1.3003159414556287, -1.2790307902698677, -1.302823586485232, -0.7289405735971697, -1.2836828040859487, -1.3475794354760398, -1.2371269538710576, -0.6648848696714376, -0.6567463256762236]}