{"x": 138.15614499287528, "y": -2.957022149917643, "yaw": -3.1290947049101603, "speed": 9.410524506241956, "goal_x": 130.5079803466797, "goal_y": -3.031101703643799, "pro": [0.0, 0.0, 0.0, 0.0, 0.0, 0.0, 0.0, 0.0, 0.0, 0.0, 0.0, 0.0, 0.0, 0.0, 0.0, 1.6829673459551888e-09, 0.0, 0.0, 1.6829673459551888e-09, 0.0, 0.9999999932681307, 1.6829673459551888e-09, 0.0, 1.6829673459551888e-09, 0.0], "value": [-35.05049742927175, -35.05049742927175, -35.05049742927175, -35.05049742927175, -35.05049742927175, -29.90648117930582, -29.907974312675528, -29.9158164780282, -29.910246002651203, -29.91808804878001, -24.58662496423289, -24.59266765544626, -24.61092790573004, -24.595394423049903, -24.61365209635972, 10.0039795361451, -24.310176954670535, -24.345288869935885, 9.840290135909045, -19.348872908648744, 9.997037003514096, 9.86041454565192, 1.0672529361970071, 9.780257346569936, 1.0498616010983246]}