{"x": 144.60847775254817, "y": -7.129932831419619, "yaw": 2.09295711401998, "speed": 2.6228359819216, "goal_x": 135.5596923828125, "goal_y": -6.456031799316406, "pro": [0.0, 0.0, 0.0, 0.0, 0.0, 0.0, 0.0, 0.0, 0.0, 0.0, 0.0, 0.0, 0.0, 0.0, 0.0, 0.0, 0.0, 0.0, 0.0, 0.5, 0.0, 0.0, 0.0, 6.51067241002585e-20, 0.5], "value": [-1.221839952599677, -1.221839952599677, -1.221839952599677, -1.221839952599677, -1.221839952599677, -1.0786081140906667, -1.0858315032515915, -1.1008722386050651, -1.0713828861122643, -1.300727030495408, -1.2599280599048812, -1.184549175537032, -1.1232729618775708, -1.236448745643984, -1.2768851128936756, -1.2510137206926375, -1.2949081521231076, -1.2735572578608778, -1.2975407244412294, -0.7331152553421266, -1.2799088227035396, -1.3434551963286676, -1.232861911025609, -0.6732214579702898, -0.6678990383314962]}