{"x": 137.46573822571375, "y": -2.9177439653174746, "yaw": 3.131266779095229, "speed": 9.437304556278848, "goal_x": 130.5079803466797, "goal_y": -3.031101703643799, "pro": [0.0, 0.0, 0.0, 0.0, 0.0, 0.0, 0.0, 0.0, 0.0, 0.0, 0.0, 0.0, 0.0, 0.0, 0.0, 0.49999999996981404, 0.0, 0.0, 0.49999999996981404, 0.0, 3.018594821391916e-11, 0.0, 0.0, 3.018594821391916e-11, 0.0], "value": [-25.054805463594043, -25.054805463594043, -25.054805463594043, -25.054805463594043, -25.054805463594043, -0.08142796600087537, -0.0902383475052157, -0.10858998822084129, -0.07261741901548421, -0.05642628338367689, 0.18024472973307804, 0.1577267122673493, 0.11084647731966048, 0.34506656829849747, 0.1797936563700911, 8.649142099933353, 1.0780732446511414, 0.6843622825349158, 8.74369911095279, 1.080427547329807, 8.308594538952558, 4.036834139577923, 0.669367058567399, 8.429619859282514, 1.0857610451338653]}