{"x": 144.29765944498513, "y": -6.679916601434535, "yaw": 2.1471593432459306, "speed": 3.3078632374300776, "goal_x": 135.5596923828125, "goal_y": -6.456031799316406, "pro": [0.0, 0.0, 0.0, 0.0, 0.0, 0.0, 0.0, 0.0, 0.0, 0.0, 0.0, 0.0, 0.0, 0.0, 0.0, 0.0, 0.0, 0.0, 0.0, 4.5706055818481794e-10, 0.0, 0.0, 0.0, 1.3021344814100154e-19, 0.9999999995429394], "value": [-1.2120409542981578, -1.2120409542981578, -1.2120409542981578, -1.2120409542981578, -1.2120409542981578, -1.069714376957118, -1.0768926161928518, -1.0918392219600621, -1.062534273889266, -1.2901105453211854, -1.2483760803382107, -1.1739563965415596, -1.2160827251978377, -1.2250306285384966, -1.2646860223467573, -1.2395252097144707, -1.2831561874208557, -1.2622408383395003, -1.2854164806713915, -0.4727209373099853, -1.2698629560712615, -1.3329806950398329, -1.2232126678914426, -0.6644174155995659, -0.6614723044694024]}