{"x": 136.51413359735238, "y": -2.8964425664550824, "yaw": 3.148310132917742, "speed": 9.576623508566888, "goal_x": 130.5079803466797, "goal_y": -3.031101703643799, "pro": [0.0, 0.0, 0.0, 0.0, 0.0, 0.0, 0.0, 0.0, 0.0, 0.0, 0.0, 0.0, 0.0, 0.0, 0.0, 3.4242567602651636e-11, 6.466971247931704e-22, 0.0, 0.9999999999315148, 3.4242567602651636e-11, 0.0, 0.0, 0.0, 0.0, 0.0], "value": [-0.228981944316028, -0.228981944316028, -0.228981944316028, -0.228981944316028, -0.228981944316028, -0.09521700790205057, -0.10406642146947517, -0.12249878065971376, -0.08636726820543955, -0.0679321361003142, 0.5528994733669996, 0.39359921437676465, 0.08944226380542296, 0.589909330865113, 0.7625128599274553, 7.558216535105449, 7.398501010157898, 0.7358158016340872, 7.695554710301088, 7.590780989781946, 0.4156963647737001, 0.41430208221497095, 0.24160647669268326, 0.07314186822937752, 0.5589185214074878]}