{"x": 144.16615258681216, "y": -6.6240746588451, "yaw": 2.1652967097396036, "speed": 4.0103709794079805, "goal_x": 135.5596923828125, "goal_y": -6.456031799316406, "pro": [0.0, 0.0, 0.0, 0.0, 0.0, 0.0, 0.0, 0.0, 0.0, 0.0, 0.0, 0.0, 0.0, 0.0, 0.0, 0.0, 0.0, 0.0, 0.0, 0.49999999992877675, 0.0, 0.0, 0.0, 1.4244660339932433e-10, 0.49999999992877675], "value": [-1.200729674753438, -1.200729674753438, -1.200729674753438, -1.200729674753438, -1.200729674753438, -1.0596210449676788, -1.0667507692127038, -1.0815961942486565, -1.2958146571603146, -1.2780287023850476, -1.2358152587919984, -1.162344875589979, -1.204194464922482, -1.2126131198282901, -1.251506130472125, -1.2277517774492306, -1.271093500206202, -1.2505123658894965, -1.2730797308900668, -0.4681776639129098, -1.2602947171203092, -1.322930439509263, -1.2136906185569802, -0.667138007176381, -0.4230846123153113]}