{"x": 135.56067501899872, "y": -2.905768174999341, "yaw": 3.1592038870339962, "speed": 9.45847389454171, "goal_x": 130.5079803466797, "goal_y": -3.031101703643799, "pro": [0.0, 0.0, 0.0, 0.0, 0.0, 0.0, 0.0, 0.0, 0.0, 0.0, 0.0, 0.0, 0.0, 0.2499999999999839, 0.0, 0.2499999999999839, 6.438915128566708e-14, 0.0, 0.2499999999999839, 0.2499999999999839, 0.0, 0.0, 0.0, 0.0, 0.0], "value": [-0.22253107572312983, -0.22253107572312983, -0.22253107572312983, -0.22253107572312983, -0.22253107572312983, -0.08695392785581144, -0.09595807337987278, -0.11471248530839431, -0.13215879351132, -0.10990821467141368, 0.7042265148852187, 0.5269266328277099, 0.3321561129208259, 6.828754830718027, 0.8741241736452467, 5.681336040400848, 5.668591171448937, 0.6692796437349621, 5.706062512537187, 5.668986562143226, 0.0326802936804024, 0.024555788675530515, -0.00029567482929554467, 0.03950083350405384, 0.02405895324513302]}