{"x": 143.86222433769794, "y": -6.311457453664356, "yaw": 2.211809128647107, "speed": 4.556658653046464, "goal_x": 135.5596923828125, "goal_y": -6.456031799316406, "pro": [0.0, 0.0, 0.0, 0.0, 0.0, 0.0, 0.0, 0.0, 0.0, 0.0, 0.0, 0.0, 0.0, 0.0, 0.0, 0.0, 0.0, 0.0, 0.0, 0.49999999992877675, 0.0, 0.0, 0.0, 1.4244660339932433e-10, 0.49999999992877675], "value": [-1.1887041739858328, -1.1887041739858328, -1.1887041739858328, -1.1887041739858328, -1.1887041739858328, -1.049170275966485, -1.0562532157932856, -1.0710010108476564, -1.2831350083634283, -1.2654678425684414, -1.2237117006387497, -1.1509921215153027, -1.1925712064598122, -1.200647446910437, -1.2389634416792803, -1.2176289733466557, -1.260680009497502, -1.2401688927534886, -1.2626426262390185, -0.482584096734537, -1.2533654297480392, -1.3154997093570997, -1.2061208764885636, -0.6904617248085198, -0.45175135394580385]}