{"x": 134.3813299427461, "y": -2.9601055982142266, "yaw": -3.121797909839452, "speed": 9.166050805774843, "goal_x": 125.50853729248047, "goal_y": -3.105781078338623, "pro": [0.0, 0.0, 0.0, 0.0, 0.0, 0.0, 0.0, 0.0, 0.0, 0.0, 0.0, 0.0, 0.0, 0.0, 0.0, 0.0, 0.0, 0.0, 0.0, 0.0, 0.9999999977808467, 1.1095767452642134e-09, 0.0, 1.1095767452642134e-09, 0.0], "value": [-0.20242870917750028, -0.20242870917750028, -0.20242870917750028, -0.20242870917750028, -0.20242870917750028, -0.058575096359115175, -0.06092785166977299, -0.0792841327808326, -0.06738737629842934, -0.08574354282808155, 0.21060017275127527, 0.196880803819935, 0.15106677654938377, 0.18860425458376984, 0.14279233400642982, 5.707672821063184, 1.1681411320700865, 0.7697030583242241, 1.1524706250957848, 0.7723759659661252, 10.343508922141321, 10.235196482901602, 0.976247993937427, 10.16141517248436, 0.971496511775715]}